Pickup Census Tract,Trip Start Timestamp 1,Trip Start Timestamp 2 1,Trip End Timestamp 1,Trip End Timestamp 2 1,Trip Seconds,Trip Miles,Dropoff Census Tract,Dropoff Community Area,Fare,Additional Charges,Trip Total,Dropoff Centroid Latitude,Dropoff Centroid Longitude,Dropoff Centroid Location
17031809200,2019-08-03,0:00,2019-08-03,0:15,876,4.4,17031010502,1,10,3,13,42.00451749,-87.66332786,POINT (-87.6633278588 42.0045174875)
17031809200,2019-08-23,14:30,2019-08-23,15:30,3569,15.6,17031980000,76,27.5,0,27.5,41.97907082,-87.90303966,POINT (-87.9030396611 41.9790708201)
17031809200,2019-09-14,19:15,2019-09-14,19:30,775,3.2,17031010100,1,7.5,3,10.5,42.02122359,-87.66982477,POINT (-87.6698247721 42.0212235931)
17031809200,2022-09-16,19:30,2022-09-16,20:00,2305,15.7,17031241500,24,25,6.79,31.79,41.90837867,-87.67094508,POINT (-87.6709450752 41.9083786693)
17031809200,2019-07-04,23:30,2019-07-05,0:15,2813,15.7,17031081403,8,25,3,28,41.89092203,-87.61886835,POINT (-87.6188683546 41.8909220259)
17031809200,2022-09-12,10:15,2022-09-12,10:45,1514,8.3,17031032100,3,12.5,4.93,20.43,41.95815488,-87.65302179,POINT (-87.6530217894 41.9581548757)
17031809200,2022-09-04,20:30,2022-09-04,20:45,980,4.5,17031020802,2,7.5,3.15,10.65,41.99405982,-87.69463072,POINT (-87.6946307194 41.994059824)
17031809200,2019-07-04,23:30,2019-07-04,23:45,819,3.6,17031010201,1,10,3,13,42.01601056,-87.68016227,POINT (-87.680162272 42.0160105638)
17031809200,2019-08-10,23:00,2019-08-10,23:30,1795,15.5,17031242700,24,22.5,0,22.5,41.89742577,-87.6993744,POINT (-87.6993744036 41.8974257653)
17031809200,2022-09-16,12:45,2022-09-16,13:30,2474,15.9,17031980000,76,27.5,15.3,42.8,41.97907082,-87.90303966,POINT (-87.9030396611 41.9790708201)
17031809200,2021-01-02,16:15,2021-01-02,16:30,1061,5.2,17031010400,1,10,1.68,11.68,42.00476456,-87.65912243,POINT (-87.659122427 42.004764559)
17031809200,2021-04-29,21:15,2021-04-29,21:45,1594,8.7,17031832000,6,17.5,3.55,21.05,41.94629454,-87.65429808,POINT (-87.6542980837 41.9462945357)
17031809200,2019-08-17,10:15,2019-08-17,10:45,1871,11.7,17031071500,7,17.5,3,24.5,41.91461629,-87.63171737,POINT (-87.6317173661 41.9146162864)
17031809200,2021-08-19,17:15,2021-08-19,18:15,3195,16.7,17031980000,76,102.5,8.85,111.35,41.97907082,-87.90303966,POINT (-87.9030396611 41.9790708201)
17031809200,2022-10-29,23:45,2022-10-30,0:00,632,2.8,17031020100,2,17.5,1.34,23.84,42.01571991,-87.68711599,POINT (-87.6871159899 42.0157199072)
17031809200,2022-10-12,19:30,2022-10-12,19:45,554,2.8,17031020200,2,7.5,1.34,8.84,42.01569675,-87.69966304,POINT (-87.6996630419 42.0156967498)
17031809200,2021-12-17,15:15,2021-12-17,15:45,1991,7.4,17031843700,5,20,3.94,23.94,41.94481375,-87.69077501,POINT (-87.6907750098 41.9448137543)
17031809200,2019-09-21,18:15,2019-09-21,19:15,4090,25.6,17031490500,49,40,3.6,43.6,41.71796726,-87.61322863,POINT (-87.6132286335 41.7179672564)
17031809200,2022-11-23,17:00,2022-11-23,17:45,2921,17.4,17031330100,33,40,11.87,51.87,41.85934972,-87.61735801,POINT (-87.6173580061 41.859349715)
17031809200,2019-03-27,13:30,2019-03-27,14:00,1302,5.9,17031020602,2,10,0,10,42.00131592,-87.69363749,POINT (-87.6936374936 42.0013159243)
17031809200,2019-02-09,22:30,2019-02-09,23:15,2358,24.1,17031841100,34,27.5,3.08,30.58,41.85101782,-87.63509186,POINT (-87.6350918563 41.8510178239)
17031809200,2019-03-23,15:00,2019-03-23,15:30,1217,5.4,17031020902,2,10,0,10,41.99426609,-87.67868821,POINT (-87.6786882109 41.9942660943)
17031809200,2019-01-16,13:30,2019-01-16,14:00,1166,5.8,17031020500,2,10,0,10,42.00131325,-87.6841982,POINT (-87.684198195 42.0013132491)
17031809200,2018-11-03,22:00,2018-11-03,22:45,2462,18.2,17031243300,24,87.5,2.7,92.2,41.89249317,-87.66474584,POINT (-87.6647458359 41.8924931672)
17031809200,2019-03-16,9:15,2019-03-16,9:30,685,3.6,17031010202,1,7.5,3,10.5,42.01604649,-87.67333378,POINT (-87.6733337784 42.0160464924)
17031809200,2019-02-05,15:30,2019-02-05,16:15,2755,16.7,17031980000,76,25,9.16,38.16,41.97907082,-87.90303966,POINT (-87.9030396611 41.9790708201)
17031809200,2019-03-16,9:15,2019-03-16,9:45,2000,16.4,17031980000,76,22.5,8.53,36.03,41.97907082,-87.90303966,POINT (-87.9030396611 41.9790708201)
17031809200,2019-02-18,20:15,2019-02-18,20:30,833,4.5,17031020601,2,10,0,10,42.00087483,-87.7018029,POINT (-87.701802904 42.0008748252)
17031809200,2018-11-03,22:00,2018-11-03,22:30,2004,16.5,17031070600,7,87.5,3,90.5,41.92876301,-87.66567684,POINT (-87.665676837 41.9287630064)
17031809200,2019-02-05,15:30,2019-02-05,15:45,1024,3.8,17031020100,2,10,0,10,42.01571991,-87.68711599,POINT (-87.6871159899 42.0157199072)
17031809200,2019-03-07,15:30,2019-03-07,15:45,1089,5.5,17031130300,13,12.5,3,15.5,41.98655818,-87.7133688,POINT (-87.7133688039 41.9865581808)
17031809200,2019-03-09,19:00,2019-03-09,19:15,855,3.7,17031010100,1,12.5,3,15.5,42.02122359,-87.66982477,POINT (-87.6698247721 42.0212235931)
17031809200,2019-02-09,22:30,2019-02-09,23:00,1788,18.1,17031838300,8,20,3,23,41.90156691,-87.63840401,POINT (-87.6384040116 41.9015669095)
17031809200,2018-11-03,22:00,2018-11-03,22:30,1333,7.1,17031040201,4,47.5,2.7,60.2,41.9725808,-87.69400106,POINT (-87.6940010612 41.9725808001)
17031809200,2018-11-11,5:30,2018-11-11,6:00,1487,16.4,17031980000,76,22.5,8.81,31.31,41.97907082,-87.90303966,POINT (-87.9030396611 41.9790708201)
17031809200,2018-11-06,8:45,2018-11-06,9:00,709,3.5,17031010100,1,7.5,2.7,10.2,42.02122359,-87.66982477,POINT (-87.6698247721 42.0212235931)
17031809200,2019-02-25,17:15,2019-02-25,17:30,869,3.4,17031010300,1,10,3,15,42.01593438,-87.66653628,POINT (-87.6665362779 42.0159343756)
17031809200,2018-11-06,8:45,2018-11-06,9:30,2640,9.3,17031031400,3,12.5,0,12.5,41.96217863,-87.64537876,POINT (-87.6453787624 41.962178629)
17031809200,2019-03-23,15:00,2019-03-23,15:45,2172,9.2,17031832000,6,15,0,15,41.94629454,-87.65429808,POINT (-87.6542980837 41.9462945357)
17031809200,2019-02-25,17:15,2019-02-25,17:30,1432,4.9,17031010502,1,10,3,13,42.00451749,-87.66332786,POINT (-87.6633278588 42.0045174875)
17031809200,2018-11-11,5:30,2018-11-11,6:00,1470,10,17031063200,6,10,0,10,41.93839126,-87.63857492,POINT (-87.6385749205 41.9383912577)
17031809200,2019-03-07,15:30,2019-03-07,15:45,1413,5.6,17031030500,77,12.5,3,15.5,41.98722556,-87.66493772,POINT (-87.6649377243 41.9872255578)
17031809200,2019-02-09,22:30,2019-02-09,23:15,2176,18.8,17031081600,8,20,3,23,41.89207263,-87.62887416,POINT (-87.6288741572 41.8920726347)
17031809200,2019-02-18,20:15,2019-02-18,20:45,1551,15.5,17031832400,22,20,3,29,41.91574119,-87.69225633,POINT (-87.6922563262 41.9157411934)
17031809200,2019-03-27,13:30,2019-03-27,14:00,1999,8.1,17031831900,6,15,3,22,41.94517045,-87.66879444,POINT (-87.6687944391 41.9451704528)
17031809200,2019-02-25,17:15,2019-02-25,17:45,1850,6.2,17031030800,77,12.5,0,12.5,41.97991245,-87.66418824,POINT (-87.6641882421 41.9799124453)
17031809200,2019-03-07,15:30,2019-03-07,16:15,3022,15.3,17031832300,22,25,3,33,41.91922505,-87.67144577,POINT (-87.671445766 41.9192250505)
17031809200,2019-08-17,10:15,2019-08-17,11:00,2885,12.8,17031241100,24,17.5,0,17.5,41.90663854,-87.68957983,POINT (-87.6895798343 41.9066385418)
17031809200,2019-02-05,15:30,2019-02-05,16:15,2574,16.7,17031980000,76,25,9.24,34.24,41.97907082,-87.90303966,POINT (-87.9030396611 41.9790708201)
17031809200,2019-03-23,15:00,2019-03-23,16:30,5077,20.4,17031340500,34,25,0,25,41.8344807,-87.63295964,POINT (-87.6329596351 41.834480698)
17031809200,2019-03-09,19:00,2019-03-09,19:30,2169,10.1,17031063000,6,25,3,35,41.93631013,-87.65156259,POINT (-87.6515625922 41.9363101308)
17031809200,2018-11-11,5:30,2018-11-11,6:00,1771,17,17031980000,76,27.5,8.28,35.78,41.97907082,-87.90303966,POINT (-87.9030396611 41.9790708201)
17031809200,2019-03-09,19:00,2019-03-09,19:15,1080,4.8,17031020500,2,12.5,3,15.5,42.00131325,-87.6841982,POINT (-87.684198195 42.0013132491)
17031809200,2019-12-29,0:30,2019-12-29,1:00,2060,11.4,17031031300,3,12.5,0,12.5,41.97292932,-87.65029007,POINT (-87.6502900743 41.9729293173)
17031809200,2019-07-08,16:00,2019-07-08,16:00,621,3,17031010201,1,10,0,12,42.01601056,-87.68016227,POINT (-87.680162272 42.0160105638)
17031809200,2019-08-10,23:00,2019-08-11,0:00,3562,30.7,17031410800,41,27.5,0,27.5,41.79796521,-87.58960703,POINT (-87.5896070309 41.7979652088)
17031809200,2019-07-25,7:45,2019-07-25,8:45,3539,17.1,17031243500,24,25,0.72,25.72,41.89265811,-87.65253448,POINT (-87.6525344838 41.8926581076)
17031809200,2019-09-21,18:15,2019-09-21,19:45,4907,17.7,17031320100,32,22.5,0,22.5,41.88498719,-87.62099291,POINT (-87.6209929134 41.8849871918)
17031809200,2019-07-04,23:30,2019-07-04,23:45,1274,4.3,17031010600,1,10,0,10,42.00627886,-87.66768361,POINT (-87.6676836101 42.0062788614)
17031809200,2019-09-14,19:15,2019-09-14,19:30,904,3.6,17031010100,1,10,0,10,42.02122359,-87.66982477,POINT (-87.6698247721 42.0212235931)
17031809200,2019-08-10,23:00,2019-08-10,23:30,2351,18.1,17031081700,8,50,3.3,53.3,41.89204214,-87.63186395,POINT (-87.6318639497 41.8920421365)
17031809200,2019-08-10,23:00,2019-08-10,23:00,708,2.9,17031010100,1,10,3,13,42.02122359,-87.66982477,POINT (-87.6698247721 42.0212235931)
17031809200,2019-09-14,19:15,2019-09-14,19:45,1837,18.5,17031081800,8,25,3,34,41.89321636,-87.63784421,POINT (-87.6378442095 41.8932163595)
17031809200,2019-07-25,7:45,2019-07-25,8:30,2309,10,17031062200,6,20,3,23,41.94258518,-87.65664409,POINT (-87.6566440918 41.9425851797)
17031809200,2019-09-21,18:15,2019-09-21,19:00,3346,12.5,17031833000,28,25,3,35,41.88528132,-87.6572332,POINT (-87.6572331997 41.8852813201)
17031809200,2019-07-08,16:00,2019-07-08,16:45,2590,11.1,17031160800,16,15,0,15,41.9502121,-87.71281423,POINT (-87.7128142315 41.9502120955)
17031809200,2019-07-15,18:15,2019-07-15,18:30,1668,8.8,17031140400,14,17.5,3,23.5,41.97153938,-87.7389372,POINT (-87.7389372047 41.97153938)
17031809200,2019-08-23,14:30,2019-08-23,14:45,1105,4.6,17031020702,2,15,3,21,41.99414365,-87.70489349,POINT (-87.7048934862 41.9941436461)
17031809200,2019-12-31,23:15,2020-01-01,0:00,2435,22.8,17031410800,41,27.5,0,27.5,41.79796521,-87.58960703,POINT (-87.5896070309 41.7979652088)
17031809200,2019-10-06,14:45,2019-10-06,15:15,1316,6.4,17031020602,2,10,0,10,42.00131592,-87.69363749,POINT (-87.6936374936 42.0013159243)
17031809200,2019-05-20,18:45,2019-05-20,19:30,2166,8.2,17031832000,6,17.5,3,20.5,41.94629454,-87.65429808,POINT (-87.6542980837 41.9462945357)
17031809200,2019-06-26,17:15,2019-06-26,18:00,2396,7.8,17031050100,5,17.5,0,19.5,41.95784338,-87.67637328,POINT (-87.676373281 41.9578433752)
17031809200,2019-06-28,23:45,2019-06-29,0:30,2478,17.9,17031350100,35,25,0,25,41.84169112,-87.61256395,POINT (-87.6125639471 41.8416911186)
17031809200,2019-06-28,23:45,2019-06-29,0:00,779,3.6,17031020100,2,10,0,10,42.01571991,-87.68711599,POINT (-87.6871159899 42.0157199072)
17031809200,2019-06-12,16:30,2019-06-12,17:00,1474,4.6,17031010502,1,12.5,0,12.5,42.00451749,-87.66332786,POINT (-87.6633278588 42.0045174875)
17031809200,2019-06-21,9:15,2019-06-21,9:45,1499,8.6,17031110100,11,15,3,18,41.98591638,-87.76897024,POINT (-87.7689702414 41.985916382)
17031809200,2019-06-26,17:15,2019-06-26,18:00,3288,9.4,17031062100,6,25,3,34,41.94269184,-87.65177051,POINT (-87.6517705068 41.9426918444)
17031809200,2019-06-05,13:45,2019-06-05,14:15,1829,6.2,17031030101,77,12.5,3,19.5,41.99123453,-87.65730427,POINT (-87.6573042698 41.9912345323)
17031809200,2019-05-31,23:30,2019-06-01,0:00,1724,18.6,17031280100,28,20,0,24,41.88530002,-87.64280847,POINT (-87.6428084655 41.8853000224)
17031809200,2019-05-20,18:45,2019-05-20,19:30,2069,10.1,17031062900,6,20,3,23,41.93623718,-87.65641153,POINT (-87.6564115308 41.9362371791)
17031809200,2019-05-20,18:45,2019-05-20,19:15,2164,17.5,17031833000,28,17.5,0,17.5,41.88528132,-87.6572332,POINT (-87.6572331997 41.8852813201)
17031809200,2019-05-31,23:30,2019-05-31,23:45,601,3,17031020200,2,7.5,3,15.5,42.01569675,-87.69966304,POINT (-87.6996630419 42.0156967498)
17031809200,2019-05-31,23:30,2019-05-31,23:45,585,2.9,17031020200,2,10,0,10,42.01569675,-87.69966304,POINT (-87.6996630419 42.0156967498)
17031809200,2019-06-26,17:15,2019-06-26,17:30,1423,5,17031010502,1,15,3,18,42.00451749,-87.66332786,POINT (-87.6633278588 42.0045174875)
17031809200,2019-05-09,13:30,2019-05-09,14:00,1744,9.6,17031063100,6,17.5,3,20.5,41.93823229,-87.64678208,POINT (-87.6467820813 41.938232293)
17031809200,2019-06-12,16:30,2019-06-12,17:30,4090,16.3,17031833000,28,20,0,20,41.88528132,-87.6572332,POINT (-87.6572331997 41.8852813201)
17031809200,2019-05-09,13:30,2019-05-09,14:15,2940,14.1,17031280100,28,22.5,0.72,23.22,41.88530002,-87.64280847,POINT (-87.6428084655 41.8853000224)
17031809200,2019-06-28,23:45,2019-06-29,0:00,1003,4.2,17031010202,1,10,0,10,42.01604649,-87.67333378,POINT (-87.6733337784 42.0160464924)
17031809200,2019-06-28,23:45,2019-06-29,0:00,733,3.3,17031020100,2,12.5,3,15.5,42.01571991,-87.68711599,POINT (-87.6871159899 42.0157199072)
17031809200,2019-06-05,13:45,2019-06-05,14:15,2322,14.9,17031320100,32,22.5,3,29.5,41.88498719,-87.62099291,POINT (-87.6209929134 41.8849871918)
17031809200,2019-12-29,0:30,2019-12-29,0:45,530,3.1,17031010201,1,7.5,0,7.5,42.01601056,-87.68016227,POINT (-87.680162272 42.0160105638)
17031809200,2019-10-10,13:30,2019-10-10,13:45,790,24.5,17031010702,1,12.5,0,12.5,42.00901823,-87.67272396,POINT (-87.6727239593 42.0090182269)
17031809200,2019-10-14,12:30,2019-10-14,13:15,3141,15.7,17031251500,25,22.5,0,22.5,41.89108542,-87.76034939,POINT (-87.7603493864 41.8910854233)
17031809200,2020-02-19,19:00,2020-02-19,19:15,1078,4,17031010202,1,12.5,0,12.5,42.01604649,-87.67333378,POINT (-87.6733337784 42.0160464924)
17031809200,2019-12-20,22:45,2019-12-20,23:00,1089,24.8,17031010400,1,10,0,10,42.00476456,-87.65912243,POINT (-87.659122427 42.004764559)
17031809200,2019-10-14,12:30,2019-10-14,13:00,1679,9.7,17031063100,6,15,3,18,41.93823229,-87.64678208,POINT (-87.6467820813 41.938232293)
17031809200,2019-10-01,4:30,2019-10-01,5:00,1656,16,17031980000,76,20,8.56,34.56,41.97907082,-87.90303966,POINT (-87.9030396611 41.9790708201)
17031809200,2019-10-26,18:00,2019-10-26,19:00,3747,13,17031081500,8,25,3,28,41.89250778,-87.62621491,POINT (-87.6262149064 41.8925077809)
17031809200,2019-12-31,21:45,2019-12-31,22:45,3183,18.8,17031282800,28,22.5,0,22.5,41.87026872,-87.68491393,POINT (-87.6849139261 41.8702687225)
17031809200,2020-03-07,11:15,2020-03-07,12:30,3892,18,17031980000,76,25,8.53,33.53,41.97907082,-87.90303966,POINT (-87.9030396611 41.9790708201)
17031809200,2019-12-31,13:15,2019-12-31,13:30,1425,6.5,17031020902,2,12.5,0,12.5,41.99426609,-87.67868821,POINT (-87.6786882109 41.9942660943)
17031809200,2019-10-15,14:45,2019-10-15,15:00,1271,4.9,17031020901,2,12.5,3,15.5,41.99422523,-87.68607688,POINT (-87.6860768812 41.9942252345)
17031809200,2019-10-26,18:00,2019-10-26,18:15,924,3.9,17031020400,2,10,3,13,42.00848701,-87.68591313,POINT (-87.6859131333 42.0084870082)
17031809200,2019-10-06,14:45,2019-10-06,15:30,2605,23.6,17031980000,76,27.5,0,28.5,41.97907082,-87.90303966,POINT (-87.9030396611 41.9790708201)
17031809200,2019-10-26,18:00,2019-10-26,19:00,3411,14.5,17031280100,28,22.5,3,30.5,41.88530002,-87.64280847,POINT (-87.6428084655 41.8853000224)
17031809200,2019-12-29,0:30,2019-12-29,1:30,3457,40.3,17031430200,43,35,0,35,41.76969047,-87.58134951,POINT (-87.5813495087 41.7696904664)
17031809200,2019-12-29,0:30,2019-12-29,0:45,549,11.4,17031020200,2,10,0,10,42.01569675,-87.69966304,POINT (-87.6996630419 42.0156967498)
17031809200,2019-12-31,13:15,2019-12-31,14:00,2130,17.1,17031980000,76,35,0,35,41.97907082,-87.90303966,POINT (-87.9030396611 41.9790708201)
17031809200,2019-12-08,0:15,2019-12-08,0:30,802,8.8,17031020802,2,10,0,10,41.99405982,-87.69463072,POINT (-87.6946307194 41.994059824)
17031809200,2019-10-06,14:45,2019-10-06,15:30,2446,13.2,17031081500,8,20,3,25,41.89250778,-87.62621491,POINT (-87.6262149064 41.8925077809)
17031809200,2019-12-20,22:45,2019-12-20,23:15,2116,19,17031839100,32,17.5,3,20.5,41.88099447,-87.63274649,POINT (-87.6327464887 41.8809944707)
17031809200,2019-10-10,13:30,2019-10-10,14:15,2978,18.2,17031841000,33,20,3,23,41.84924675,-87.6241353,POINT (-87.6241352979 41.8492467545)
17031809200,2019-10-15,14:45,2019-10-15,15:00,1061,4.4,17031830600,1,12.5,3,15.5,42.00169819,-87.67357403,POINT (-87.6735740325 42.0016981937)
17031809200,2019-10-01,4:30,2019-10-01,5:15,2530,29.1,17031980100,56,35,8,43,41.78599852,-87.75093429,POINT (-87.7509342894 41.785998518)
17031809200,2020-02-19,19:00,2020-02-19,19:45,2120,13,17031081201,8,20,5.28,25.28,41.89915561,-87.62621053,POINT (-87.6262105324 41.8991556134)
17031809200,2019-12-20,22:45,2019-12-20,23:30,2840,25.6,17031260600,26,25,0,25,41.87704421,-87.73288879,POINT (-87.7328887938 41.8770442134)
17031809200,2019-12-08,0:15,2019-12-08,0:45,1728,8.8,17031031100,3,12.5,0,12.5,41.97266796,-87.6638655,POINT (-87.6638654956 41.9726679555)
17031809200,2019-12-08,0:15,2019-12-08,1:00,1873,16.8,17031063000,6,12.5,0,13.5,41.93631013,-87.65156259,POINT (-87.6515625922 41.9363101308)
17031809200,2019-11-16,23:30,2019-11-17,0:00,1995,9.3,17031031700,3,12.5,0,12.5,41.96544578,-87.66319585,POINT (-87.6631958495 41.9654457842)
17031809200,2019-11-11,18:45,2019-11-11,19:15,1799,8.9,17031061902,6,20,3,23,41.94315509,-87.64069808,POINT (-87.640698076 41.9431550855)
17031809200,2019-11-11,18:45,2019-11-11,19:45,3641,22.8,17031610300,61,27.5,3,30.5,41.81617802,-87.67510206,POINT (-87.6751020589 41.8161780153)
17031809200,2019-11-16,23:30,2019-11-16,23:45,694,3.3,17031010100,1,10,3,13,42.02122359,-87.66982477,POINT (-87.6698247721 42.0212235931)
17031809200,2019-11-16,23:30,2019-11-16,23:45,988,9.3,17031010300,1,10,0,10,42.01593438,-87.66653628,POINT (-87.6665362779 42.0159343756)
17031809200,2019-11-02,23:30,2019-11-03,0:00,1513,8.4,17031061100,6,30,3.3,33.3,41.94913977,-87.65680391,POINT (-87.6568039088 41.9491397709)
17031809200,2019-11-02,23:30,2019-11-02,23:45,985,4.1,17031010100,1,10,0,10,42.02122359,-87.66982477,POINT (-87.6698247721 42.0212235931)
17031809200,2019-11-28,14:45,2019-11-28,15:15,1663,18.6,17031839100,32,25,3,28,41.88099447,-87.63274649,POINT (-87.6327464887 41.8809944707)
17031809200,2019-11-28,14:45,2019-11-28,15:30,2269,20.6,17031841100,34,27.5,3,34.5,41.85101782,-87.63509186,POINT (-87.6350918563 41.8510178239)
17031809200,2019-11-02,23:30,2019-11-02,23:45,1170,5.1,17031010702,1,12.5,3,15.5,42.00901823,-87.67272396,POINT (-87.6727239593 42.0090182269)
17031809200,2020-02-19,19:00,2020-02-19,19:30,1367,5.8,17031030500,77,15,3.53,18.53,41.98722556,-87.66493772,POINT (-87.6649377243 41.9872255578)
17031809200,2019-12-31,18:00,2019-12-31,19:00,3209,15.7,17031241200,24,20,0,20,41.90670779,-87.68468595,POINT (-87.6846859492 41.9067077917)
17031809200,2020-03-07,11:15,2020-03-07,11:45,2242,15.4,17031242600,24,25,0,25,41.90056038,-87.69419737,POINT (-87.6941973701 41.9005603836)
17031809200,2019-12-31,21:45,2019-12-31,22:00,1513,16.4,17031242100,24,20,3,27,41.89967018,-87.6698378,POINT (-87.6698377982 41.8996701799)
17031809200,2020-02-17,9:30,2020-02-17,10:00,2093,19.1,17031841900,28,27.5,5.28,32.78,41.86790242,-87.64295867,POINT (-87.6429586652 41.8679024175)
17031809200,2019-12-31,13:15,2019-12-31,13:45,1795,13.9,17031210602,21,22.5,3,26.5,41.93367599,-87.71235748,POINT (-87.7123574755 41.9336759885)
17031809200,2019-12-31,18:00,2019-12-31,18:30,1961,12.9,17031190200,19,22.5,3,25.5,41.93511393,-87.75164896,POINT (-87.7516489576 41.9351139349)
17031809200,2020-01-01,3:15,2020-01-01,3:30,1094,8.6,17031110501,11,12.5,0,12.5,41.9770023,-87.76192498,POINT (-87.7619249793 41.9770023043)
17031809200,2019-12-31,18:00,2019-12-31,18:30,1622,10.4,17031160200,16,17.5,3,20.5,41.95879786,-87.73839391,POINT (-87.7383939059 41.9587978628)
17031809200,2019-12-31,23:15,2019-12-31,23:45,1463,22.8,17031032100,3,12.5,0,12.5,41.95815488,-87.65302179,POINT (-87.6530217894 41.9581548757)
17031809200,2020-02-17,9:30,2020-02-17,9:45,1097,6.3,17031831800,13,15,3.53,18.53,41.97829425,-87.71643042,POINT (-87.7164304157 41.9782942489)
17031809200,2020-01-01,3:15,2020-01-01,3:30,999,4.8,17031030300,77,12.5,3,20.5,41.99438102,-87.6725384,POINT (-87.672538401 41.9943810196)
17031809200,2020-01-01,3:15,2020-01-01,3:30,1475,5.5,17031030500,77,10,3,16,41.98722556,-87.66493772,POINT (-87.6649377243 41.9872255578)
17031809200,2020-11-26,22:00,2020-11-26,22:30,1518,7.7,17031830700,3,10,3.96,13.96,41.95805593,-87.66038946,POINT (-87.6603894557 41.958055933)
17031809200,2020-12-10,17:15,2020-12-10,17:45,1188,4.6,17031020500,2,10,3.69,13.69,42.00131325,-87.6841982,POINT (-87.684198195 42.0013132491)
17031809200,2020-12-30,21:15,2020-12-30,22:00,2342,24.5,17031835600,37,27.5,3.97,31.47,41.80182275,-87.63224526,POINT (-87.632245255 41.8018227527)
17031809200,2020-11-02,16:45,2020-11-02,17:00,717,3.4,17031010701,1,10,3.55,13.55,42.00915006,-87.67861897,POINT (-87.67861897 42.0091500631)
17031809200,2020-11-06,12:45,2020-11-06,13:00,997,5,17031020802,2,12.5,3.55,16.05,41.99405982,-87.69463072,POINT (-87.6946307194 41.994059824)
17031809200,2020-11-06,12:45,2020-11-06,13:00,981,3.8,17031020200,2,10,1.68,11.68,42.01569675,-87.69966304,POINT (-87.6996630419 42.0156967498)
17031809200,2021-01-29,21:00,2021-01-29,21:15,795,4,17031010702,1,10,1.68,11.68,42.00901823,-87.67272396,POINT (-87.6727239593 42.0090182269)
17031809200,2021-01-29,21:00,2021-01-29,21:15,807,4,17031010702,1,12.5,1.68,14.18,42.00901823,-87.67272396,POINT (-87.6727239593 42.0090182269)
17031809200,2021-01-16,16:00,2021-01-16,16:15,1084,4.4,17031020902,2,10,3.64,18.64,41.99426609,-87.67868821,POINT (-87.6786882109 41.9942660943)
17031809200,2020-11-18,11:30,2020-11-18,11:45,653,3.8,17031010202,1,10,1.68,11.68,42.01604649,-87.67333378,POINT (-87.6733337784 42.0160464924)
17031809200,2021-01-21,15:15,2021-01-21,15:45,1792,16,17031980000,76,20,7.24,27.24,41.97907082,-87.90303966,POINT (-87.9030396611 41.9790708201)
17031809200,2020-10-05,8:30,2020-10-05,9:15,2100,14.8,17031320400,32,25,3.43,33.43,41.87740612,-87.62197165,POINT (-87.6219716519 41.8774061234)
17031809200,2020-12-31,23:45,2021-01-01,0:00,833,2.9,17031010202,1,7.5,1.68,9.18,42.01604649,-87.67333378,POINT (-87.6733337784 42.0160464924)
17031809200,2020-11-26,22:00,2020-11-26,22:45,2220,26.2,17031410800,41,27.5,1.68,29.18,41.79796521,-87.58960703,POINT (-87.5896070309 41.7979652088)
17031809200,2021-01-15,13:30,2021-01-15,14:15,2200,18.1,17031833000,28,22.5,5.3,31.8,41.88528132,-87.6572332,POINT (-87.6572331997 41.8852813201)
17031809200,2020-10-05,8:30,2020-10-05,9:00,2135,16.2,17031242000,24,22.5,1.68,24.18,41.89973739,-87.66495392,POINT (-87.6649539167 41.8997373884)
17031809200,2020-12-10,17:15,2020-12-10,17:30,812,3,17031020100,2,10,1.68,11.68,42.01571991,-87.68711599,POINT (-87.6871159899 42.0157199072)
17031809200,2020-12-12,16:45,2020-12-12,17:00,858,3.8,17031010202,1,7.5,3.55,14.05,42.01604649,-87.67333378,POINT (-87.6733337784 42.0160464924)
17031809200,2020-11-24,10:15,2020-11-24,10:45,1859,17.3,17031980000,76,20,7.25,27.25,41.97907082,-87.90303966,POINT (-87.9030396611 41.9790708201)
17031809200,2020-11-14,22:30,2020-11-14,22:30,717,4.5,17031830600,1,10,4.21,14.21,42.00169819,-87.67357403,POINT (-87.6735740325 42.0016981937)
17031809200,2020-12-31,23:45,2021-01-01,0:00,1405,18.8,17031839100,32,20,1.68,25.68,41.88099447,-87.63274649,POINT (-87.6327464887 41.8809944707)
17031809200,2020-12-31,22:15,2020-12-31,22:30,999,6.1,17031140200,14,12.5,4.61,17.11,41.97024498,-87.71343533,POINT (-87.7134353285 41.9702449819)
17031809200,2020-11-01,14:45,2020-11-01,15:00,1001,5.2,17031010400,1,12.5,1.68,14.18,42.00476456,-87.65912243,POINT (-87.659122427 42.004764559)
17031809200,2020-11-24,10:15,2020-11-24,11:00,2415,13.2,17031081201,8,20,3.43,27.43,41.89915561,-87.62621053,POINT (-87.6262105324 41.8991556134)
17031809200,2020-12-18,21:15,2020-12-18,21:30,932,4.9,17031020802,2,10,3.55,13.55,41.99405982,-87.69463072,POINT (-87.6946307194 41.994059824)
17031809200,2021-01-02,16:15,2021-01-02,16:45,1317,12.3,17031831100,21,17.5,3.55,21.05,41.9428593,-87.71750386,POINT (-87.717503858 41.942859303)
17031809200,2021-01-29,21:00,2021-01-29,21:30,1846,15,17031230500,23,25,4.54,29.54,41.91166659,-87.733951,POINT (-87.7339509975 41.9116665881)
17031809200,2021-01-10,20:15,2021-01-10,20:15,809,4.5,17031010400,1,10,4.38,14.38,42.00476456,-87.65912243,POINT (-87.659122427 42.004764559)
17031809200,2020-10-05,8:30,2020-10-05,9:00,1725,12,17031081300,8,22.5,3.43,28.93,41.89833179,-87.62076287,POINT (-87.6207628651 41.8983317935)
17031809200,2020-12-31,23:45,2021-01-01,0:00,1433,16.3,17031241600,24,27.5,3.55,40.05,41.90665077,-87.66533766,POINT (-87.6653376596 41.9066507664)
17031809200,2020-11-16,17:15,2020-11-16,17:45,2416,17.2,17031231200,23,27.5,1.68,29.18,41.89906162,-87.7213159,POINT (-87.7213158985 41.8990616211)
17031809200,2020-11-02,16:45,2020-11-02,17:30,2269,14.6,17031839100,32,25,5.3,30.3,41.88099447,-87.63274649,POINT (-87.6327464887 41.8809944707)
17031809200,2021-01-29,17:30,2021-01-29,18:15,2087,9.8,17031063200,6,17.5,3.55,21.05,41.93839126,-87.63857492,POINT (-87.6385749205 41.9383912577)
17031809200,2020-11-24,10:15,2020-11-24,10:45,2142,14.6,17031320100,32,17.5,5.3,22.8,41.88498719,-87.62099291,POINT (-87.6209929134 41.8849871918)
17031809200,2021-01-10,20:15,2021-01-10,20:30,785,3.8,17031010300,1,7.5,4.71,12.21,42.01593438,-87.66653628,POINT (-87.6665362779 42.0159343756)
17031809200,2021-01-15,13:30,2021-01-15,13:45,916,5.2,17031010400,1,12.5,1.68,14.18,42.00476456,-87.65912243,POINT (-87.659122427 42.004764559)
17031809200,2020-11-16,17:15,2020-11-16,18:00,2584,15.6,17031330100,33,20,5.35,25.35,41.85934972,-87.61735801,POINT (-87.6173580061 41.859349715)
17031809200,2020-12-10,17:15,2020-12-10,17:30,966,4,17031010202,1,10,1.68,11.68,42.01604649,-87.67333378,POINT (-87.6733337784 42.0160464924)
17031809200,2020-12-31,22:15,2020-12-31,22:45,1861,13.3,17031081403,8,22.5,1.68,24.18,41.89092203,-87.61886835,POINT (-87.6188683546 41.8909220259)
17031809200,2021-01-15,13:30,2021-01-15,13:45,619,3.3,17031010201,1,12.5,1.68,14.18,42.01601056,-87.68016227,POINT (-87.680162272 42.0160105638)
17031809200,2021-01-08,14:15,2021-01-08,14:30,1000,5.2,17031010400,1,12.5,1.68,14.18,42.00476456,-87.65912243,POINT (-87.659122427 42.004764559)
17031809200,2021-01-16,16:00,2021-01-16,16:30,1796,8.4,17031060400,6,15,3.55,21.55,41.95067336,-87.66653628,POINT (-87.6665362813 41.9506733576)
17031809200,2020-11-06,12:15,2020-11-06,12:30,880,4.7,17031830600,1,12.5,1.68,14.18,42.00169819,-87.67357403,POINT (-87.6735740325 42.0016981937)
17031809200,2021-01-29,17:30,2021-01-29,17:45,1315,5,17031030500,77,12.5,4.19,16.69,41.98722556,-87.66493772,POINT (-87.6649377243 41.9872255578)
17031809200,2020-12-31,22:15,2020-12-31,22:45,2072,29.2,17031710800,71,30,4.62,34.62,41.74783698,-87.64881312,POINT (-87.6488131191 41.7478369814)
17031809200,2020-11-02,16:45,2020-11-02,16:45,865,4.2,17031010300,1,10,3.55,13.55,42.01593438,-87.66653628,POINT (-87.6665362779 42.0159343756)
17031809200,2021-01-05,17:00,2021-01-05,17:15,1355,5.3,17031010503,1,12.5,3.55,17.05,42.00032031,-87.6631268,POINT (-87.6631267998 42.0003203059)
17031809200,2021-02-25,17:15,2021-02-25,17:30,1023,4.1,17031010702,1,12.5,4.53,17.03,42.00901823,-87.67272396,POINT (-87.6727239593 42.0090182269)
17031809200,2021-02-20,19:45,2021-02-20,20:30,1998,10.2,17031063400,6,30,4.77,34.77,41.93465916,-87.64672973,POINT (-87.6467297286 41.9346591566)
17031809200,2021-02-11,14:00,2021-02-11,14:15,772,3.6,17031010100,1,7.5,3.59,11.09,42.02122359,-87.66982477,POINT (-87.6698247721 42.0212235931)
17031809200,2021-02-26,17:00,2021-02-26,17:15,646,3.1,17031010201,1,7.5,3.74,11.24,42.01601056,-87.68016227,POINT (-87.680162272 42.0160105638)
17031809200,2021-02-26,17:00,2021-02-26,17:30,1772,8,17031160400,16,20,1.2,21.2,41.95736069,-87.72282225,POINT (-87.7228222513 41.9573606908)
17031809200,2021-02-12,21:00,2021-02-12,21:30,1668,20.6,17031841100,34,30,5.09,35.09,41.85101782,-87.63509186,POINT (-87.6350918563 41.8510178239)
17031809200,2021-02-11,14:00,2021-02-11,14:30,1208,5.3,17031020500,2,15,1.2,16.2,42.00131325,-87.6841982,POINT (-87.684198195 42.0013132491)
17031809200,2021-02-13,12:45,2021-02-13,13:00,822,3.6,17031010702,1,15,1.2,16.2,42.00901823,-87.67272396,POINT (-87.6727239593 42.0090182269)
17031809200,2021-02-06,12:15,2021-02-06,13:00,2665,25.8,17031251900,25,22.5,4,26.5,41.88379349,-87.76009805,POINT (-87.7600980476 41.8837934871)
17031809200,2021-02-06,12:15,2021-02-06,12:45,1927,16.1,17031070300,7,22.5,3.55,30.05,41.92904694,-87.65131088,POINT (-87.6513108767 41.9290469366)
17031809200,2021-02-08,13:45,2021-02-08,14:00,966,5,17031010501,1,10,3.55,13.55,42.00941255,-87.66395821,POINT (-87.6639582144 42.0094125471)
17031809200,2021-02-06,12:15,2021-02-06,12:45,2065,20.3,17031842900,28,27.5,1.2,28.7,41.8631181,-87.67292044,POINT (-87.672920435 41.8631181033)
17031809200,2021-02-26,17:00,2021-02-26,18:15,4912,30.6,17031530300,53,45,3.55,48.55,41.68131478,-87.65175306,POINT (-87.6517530558 41.6813147793)
17031809200,2021-02-11,14:00,2021-02-11,14:15,1370,6.4,17031030101,77,15,3.55,18.55,41.99123453,-87.65730427,POINT (-87.6573042698 41.9912345323)
17031809200,2021-02-12,21:00,2021-02-12,21:15,1047,5.9,17031010300,1,12.5,5.42,17.92,42.01593438,-87.66653628,POINT (-87.6665362779 42.0159343756)
17031809200,2021-02-25,17:15,2021-02-25,17:30,703,3.2,17031010201,1,7.5,3.55,11.05,42.01601056,-87.68016227,POINT (-87.680162272 42.0160105638)
17031809200,2021-02-11,14:00,2021-02-11,14:30,1776,7.1,17031031100,3,12.5,4.5,17,41.97266796,-87.6638655,POINT (-87.6638654956 41.9726679555)
17031809200,2021-02-08,13:45,2021-02-08,13:45,691,3,17031010100,1,10,1.2,11.2,42.02122359,-87.66982477,POINT (-87.6698247721 42.0212235931)
17031809200,2021-02-25,17:15,2021-02-25,17:45,1791,6.6,17031031200,3,17.5,1.2,23.7,41.97270955,-87.65734111,POINT (-87.6573411073 41.9727095466)
17031809200,2021-02-20,19:45,2021-02-20,20:15,1988,17.6,17031839100,32,35,1.2,36.2,41.88099447,-87.63274649,POINT (-87.6327464887 41.8809944707)
17031809200,2021-02-08,13:45,2021-02-08,14:15,1313,6.4,17031031100,3,12.5,3.55,16.05,41.97266796,-87.6638655,POINT (-87.6638654956 41.9726679555)
17031809200,2021-03-19,8:30,2021-03-19,9:15,1910,18.2,17031833000,28,25,5.52,30.52,41.88528132,-87.6572332,POINT (-87.6572331997 41.8852813201)
17031809200,2021-03-17,8:45,2021-03-17,9:15,2408,14.4,17031320400,32,37.5,1.2,38.7,41.87740612,-87.62197165,POINT (-87.6219716519 41.8774061234)
17031809200,2021-03-02,16:30,2021-03-02,17:00,2401,16,17031070300,7,22.5,1.2,27.7,41.92904694,-87.65131088,POINT (-87.6513108767 41.9290469366)
17031809200,2021-03-11,13:45,2021-03-11,14:00,1038,6.2,17031030101,77,12.5,3.55,16.05,41.99123453,-87.65730427,POINT (-87.6573042698 41.9912345323)
17031809200,2021-03-19,8:30,2021-03-19,8:45,943,5,17031010503,1,12.5,3.82,16.32,42.00032031,-87.6631268,POINT (-87.6631267998 42.0003203059)
17031809200,2021-03-17,8:45,2021-03-17,9:15,1877,16.2,17031980000,76,25,11.95,36.95,41.97907082,-87.90303966,POINT (-87.9030396611 41.9790708201)
17031809200,2021-03-27,21:30,2021-03-27,21:45,892,4.1,17031010702,1,12.5,3.55,16.05,42.00901823,-87.67272396,POINT (-87.6727239593 42.0090182269)
17031809200,2021-07-16,17:15,2021-07-16,18:15,3342,13.4,17031081201,8,30,1.25,31.25,41.89915561,-87.62621053,POINT (-87.6262105324 41.8991556134)
17031809200,2021-03-11,13:45,2021-03-11,14:00,536,2.9,17031020100,2,10,1.2,11.2,42.01571991,-87.68711599,POINT (-87.6871159899 42.0157199072)
17031809200,2021-03-06,7:30,2021-03-06,8:00,1517,8.9,17031060500,6,15,3.55,18.55,41.95271911,-87.6605035,POINT (-87.6605035019 41.952719111)
17031809200,2021-03-27,21:30,2021-03-27,21:45,903,4.7,17031020500,2,22.5,1.2,23.7,42.00131325,-87.6841982,POINT (-87.684198195 42.0013132491)
17031809200,2021-03-23,8:45,2021-03-23,9:00,1174,5.5,17031010503,1,12.5,4.43,16.93,42.00032031,-87.6631268,POINT (-87.6631267998 42.0003203059)
17031809200,2021-03-11,13:45,2021-03-11,14:00,702,3.3,17031010100,1,7.5,3.55,11.05,42.02122359,-87.66982477,POINT (-87.6698247721 42.0212235931)
17031809200,2021-03-02,16:30,2021-03-02,17:00,1709,8.2,17031843700,5,15,3.55,18.55,41.94481375,-87.69077501,POINT (-87.6907750098 41.9448137543)
17031809200,2021-03-23,8:45,2021-03-23,9:00,947,4.4,17031020500,2,12.5,1.2,13.7,42.00131325,-87.6841982,POINT (-87.684198195 42.0013132491)
17031809200,2021-03-11,13:45,2021-03-11,14:00,916,4.7,17031020802,2,12.5,1.2,13.7,41.99405982,-87.69463072,POINT (-87.6946307194 41.994059824)
17031809200,2021-03-06,21:45,2021-03-06,22:15,1316,8.1,17031843700,5,17.5,4.57,22.07,41.94481375,-87.69077501,POINT (-87.6907750098 41.9448137543)
17031809200,2021-03-02,16:30,2021-03-02,18:00,5671,25.2,17031835200,56,40,1.2,41.2,41.79664033,-87.74528284,POINT (-87.7452828446 41.7966403342)
17031809200,2021-03-06,21:45,2021-03-06,22:00,714,2.9,17031010201,1,7.5,3.92,11.42,42.01601056,-87.68016227,POINT (-87.680162272 42.0160105638)
17031809200,2021-03-04,9:30,2021-03-04,10:00,1499,7.6,17031830700,3,15,1.2,16.2,41.95805593,-87.66038946,POINT (-87.6603894557 41.958055933)
17031809200,2021-03-27,21:30,2021-03-27,21:45,1104,5.2,17031030500,77,22.5,1.2,29.7,41.98722556,-87.66493772,POINT (-87.6649377243 41.9872255578)
17031809200,2021-03-31,17:15,2021-03-31,18:00,2997,22,17031400500,40,32.5,3.98,36.48,41.79104166,-87.62317958,POINT (-87.6231795767 41.7910416602)
17031809200,2021-04-09,21:45,2021-04-09,22:00,522,2.9,17031020100,2,12.5,4.48,16.98,42.01571991,-87.68711599,POINT (-87.6871159899 42.0157199072)
17031809200,2021-04-29,17:00,2021-04-29,18:00,2967,14,17031839100,32,25,6.34,41.34,41.88099447,-87.63274649,POINT (-87.6327464887 41.8809944707)
17031809200,2021-04-29,17:00,2021-04-29,17:30,1466,5.8,17031040201,4,15,3.55,21.55,41.9725808,-87.69400106,POINT (-87.6940010612 41.9725808001)
17031809200,2021-04-08,16:30,2021-04-08,17:45,4811,19.9,17031833300,28,30,3.55,33.55,41.87168947,-87.65409265,POINT (-87.6540926517 41.8716894745)
17031809200,2021-04-08,8:00,2021-04-08,8:45,2378,15.4,17031320400,32,32.5,1.2,33.7,41.87740612,-87.62197165,POINT (-87.6219716519 41.8774061234)
17031809200,2021-04-12,6:45,2021-04-12,7:45,3751,29.3,17031980100,56,37.5,8.55,46.05,41.78599852,-87.75093429,POINT (-87.7509342894 41.785998518)
17031809200,2021-04-02,12:15,2021-04-02,13:15,3574,22.4,17031430101,43,32.5,3.55,41.05,41.76978472,-87.57395196,POINT (-87.5739519554 41.7697847237)
17031809200,2021-04-04,18:45,2021-04-04,19:00,968,5.3,17031040201,4,10,3.55,13.55,41.9725808,-87.69400106,POINT (-87.6940010612 41.9725808001)
17031809200,2021-04-09,21:45,2021-04-09,22:15,1968,23,17031292200,29,30,3.55,33.55,41.85665861,-87.71573263,POINT (-87.715732633 41.8566586145)
17031809200,2021-04-02,12:15,2021-04-02,12:45,2476,17.1,17031837100,27,27.5,3.55,31.05,41.88562116,-87.69889159,POINT (-87.6988915914 41.885621155)
17031809200,2021-03-31,18:30,2021-03-31,19:15,2320,14.8,17031320600,32,22.5,5.88,32.38,41.87060737,-87.62217294,POINT (-87.6221729369 41.8706073724)
17031809200,2021-03-31,18:30,2021-03-31,19:00,2308,24.8,17031831400,25,37.5,1.2,38.7,41.86911914,-87.7560677,POINT (-87.7560677045 41.86911914)
17031809200,2021-04-29,21:15,2021-04-29,21:30,864,3.8,17031010300,1,12.5,1.2,13.7,42.01593438,-87.66653628,POINT (-87.6665362779 42.0159343756)
17031809200,2021-04-07,21:00,2021-04-07,21:15,638,3.4,17031010202,1,10,1.2,11.2,42.01604649,-87.67333378,POINT (-87.6733337784 42.0160464924)
17031809200,2021-04-01,16:30,2021-04-01,16:45,665,3.1,17031010201,1,7.5,4.27,11.77,42.01601056,-87.68016227,POINT (-87.680162272 42.0160105638)
17031809200,2021-04-02,12:15,2021-04-02,12:45,2250,12,17031081000,8,20,5.3,25.3,41.90026569,-87.63210922,POINT (-87.6321092196 41.9002656868)
17031809200,2021-03-31,17:15,2021-03-31,18:15,3834,25.7,17031660600,66,37.5,4.32,41.82,41.77728722,-87.69334125,POINT (-87.693341249 41.7772872248)
17031809200,2021-04-04,18:45,2021-04-04,19:15,2462,16.6,17031251500,25,35,1.2,36.2,41.89108542,-87.76034939,POINT (-87.7603493864 41.8910854233)
17031809200,2021-04-08,8:00,2021-04-08,8:30,2374,17.7,17031980000,76,42.5,12.25,54.75,41.97907082,-87.90303966,POINT (-87.9030396611 41.9790708201)
17031809200,2021-07-03,0:45,2021-07-03,1:00,660,3.6,17031010702,1,12.5,1.25,13.75,42.00901823,-87.67272396,POINT (-87.6727239593 42.0090182269)
17031809200,2021-04-09,21:45,2021-04-09,22:00,602,3.1,17031020301,2,7.5,5.72,13.22,42.00744692,-87.70460563,POINT (-87.7046056338 42.0074469243)
17031809200,2021-03-31,18:30,2021-03-31,19:00,2057,13.9,17031081700,8,22.5,5.45,27.95,41.89204214,-87.63186395,POINT (-87.6318639497 41.8920421365)
17031809200,2021-04-08,16:30,2021-04-08,16:30,840,3.1,17031010201,1,10,3.55,13.55,42.01601056,-87.68016227,POINT (-87.680162272 42.0160105638)
17031809200,2021-04-21,16:45,2021-04-21,17:15,1921,8.8,17031832000,6,20,3.55,23.55,41.94629454,-87.65429808,POINT (-87.6542980837 41.9462945357)
17031809200,2021-07-23,17:00,2021-07-23,17:30,2119,16,17031980000,76,30,14.3,44.3,41.97907082,-87.90303966,POINT (-87.9030396611 41.9790708201)
17031809200,2021-04-08,8:00,2021-04-08,8:00,684,3.3,17031010202,1,10,3.99,13.99,42.01604649,-87.67333378,POINT (-87.6733337784 42.0160464924)
17031809200,2021-04-22,19:45,2021-04-22,20:15,1660,7.6,17031031300,3,17.5,1.2,22.7,41.97292932,-87.65029007,POINT (-87.6502900743 41.9729293173)
17031809200,2021-04-29,17:00,2021-04-29,17:15,792,3.1,17031010201,1,7.5,3.55,11.05,42.01601056,-87.68016227,POINT (-87.680162272 42.0160105638)
17031809200,2021-04-07,21:00,2021-04-07,21:15,950,5.1,17031010600,1,12.5,3.55,16.05,42.00627886,-87.66768361,POINT (-87.6676836101 42.0062788614)
17031809200,2021-04-27,7:00,2021-04-27,7:45,2593,22,17031843300,29,27.5,4.19,31.69,41.86378712,-87.69251593,POINT (-87.6925159284 41.8637871234)
17031809200,2021-04-12,6:45,2021-04-12,7:15,2081,16.6,17031231500,23,27.5,3.55,31.05,41.8917542,-87.7186708,POINT (-87.7186707951 41.8917542026)
17031809200,2021-04-22,19:45,2021-04-22,20:15,1888,13.1,17031081500,8,0,29.99,29.99,41.89250778,-87.62621491,POINT (-87.6262149064 41.8925077809)
17031809200,2021-05-20,11:45,2021-05-20,12:00,719,3.4,17031010201,1,10,3.55,13.55,42.01601056,-87.68016227,POINT (-87.680162272 42.0160105638)
17031809200,2021-05-12,15:30,2021-05-12,15:45,721,2.7,17031010201,1,17.5,0,17.5,42.01601056,-87.68016227,POINT (-87.680162272 42.0160105638)
17031809200,2021-05-30,20:45,2021-05-30,21:15,1819,18.6,17031833000,28,57.5,4.11,61.61,41.88528132,-87.6572332,POINT (-87.6572331997 41.8852813201)
17031809200,2021-05-28,12:45,2021-05-28,13:15,2346,15.7,17031980000,76,35,10.51,45.51,41.97907082,-87.90303966,POINT (-87.9030396611 41.9790708201)
17031809200,2021-05-21,21:45,2021-05-21,22:00,598,2.7,17031020200,2,17.5,5.01,22.51,42.01569675,-87.69966304,POINT (-87.6996630419 42.0156967498)
17031809200,2021-05-15,23:15,2021-05-15,23:30,783,4,17031010300,1,12.5,1.2,13.7,42.01593438,-87.66653628,POINT (-87.6665362779 42.0159343756)
17031809200,2021-05-12,15:30,2021-05-12,16:30,2876,13.7,17031320100,32,27.5,1.2,34.7,41.88498719,-87.62099291,POINT (-87.6209929134 41.8849871918)
17031809200,2021-05-15,20:45,2021-05-15,21:15,2012,19.6,17031839100,32,40,1.2,41.2,41.88099447,-87.63274649,POINT (-87.6327464887 41.8809944707)
17031809200,2021-05-21,21:45,2021-05-21,22:00,984,4.7,17031010501,1,15,3.55,22.55,42.00941255,-87.66395821,POINT (-87.6639582144 42.0094125471)
17031809200,2021-05-06,13:00,2021-05-06,13:00,693,3.6,17031010100,1,7.5,3.55,11.05,42.02122359,-87.66982477,POINT (-87.6698247721 42.0212235931)
17031809200,2021-05-20,11:45,2021-05-20,12:15,2038,16.6,17031980000,76,25,14.12,49.12,41.97907082,-87.90303966,POINT (-87.9030396611 41.9790708201)
17031809200,2021-05-21,21:45,2021-05-21,22:15,2377,25.7,17031252101,25,42.5,4.38,46.88,41.87549751,-87.76955333,POINT (-87.7695533321 41.8754975076)
17031809200,2021-05-06,13:00,2021-05-06,13:15,624,3.3,17031020302,2,10,3.55,13.55,42.00854076,-87.69496375,POINT (-87.6949637498 42.0085407611)
17031809200,2021-05-28,19:30,2021-05-28,19:45,961,4.6,17031010501,1,12.5,3.67,19.17,42.00941255,-87.66395821,POINT (-87.6639582144 42.0094125471)
17031809200,2021-05-07,15:15,2021-05-07,15:30,1019,4.9,17031010501,1,12.5,4.23,16.73,42.00941255,-87.66395821,POINT (-87.6639582144 42.0094125471)
17031809200,2021-05-12,15:30,2021-05-12,16:15,2193,9,17031061902,6,22.5,1.2,23.7,41.94315509,-87.64069808,POINT (-87.640698076 41.9431550855)
17031809200,2021-05-21,21:45,2021-05-21,22:00,710,2.7,17031020200,2,22.5,3.85,26.35,42.01569675,-87.69966304,POINT (-87.6996630419 42.0156967498)
17031809200,2021-05-20,11:45,2021-05-20,12:15,2293,17.9,17031980000,76,22.5,8.55,35.05,41.97907082,-87.90303966,POINT (-87.9030396611 41.9790708201)
17031809200,2021-05-28,19:30,2021-05-28,19:45,1188,6.3,17031040600,4,17.5,1.2,21.7,41.96683407,-87.68401837,POINT (-87.6840183712 41.9668340674)
17031809200,2021-04-30,11:45,2021-04-30,12:15,1232,5.3,17031010201,1,12.5,4.26,16.76,42.01601056,-87.68016227,POINT (-87.680162272 42.0160105638)
17031809200,2021-05-06,13:00,2021-05-06,13:15,915,5,17031020702,2,12.5,1.2,13.7,41.99414365,-87.70489349,POINT (-87.7048934862 41.9941436461)
17031809200,2021-05-07,15:15,2021-05-07,16:15,3595,17.8,17031833000,28,32.5,1.2,33.7,41.88528132,-87.6572332,POINT (-87.6572331997 41.8852813201)
17031809200,2021-04-30,11:45,2021-04-30,12:30,2543,16.6,17031841100,34,30,1.2,31.2,41.85101782,-87.63509186,POINT (-87.6350918563 41.8510178239)
17031809200,2021-05-08,11:15,2021-05-08,11:30,1020,5,17031010501,1,17.5,4.67,22.17,42.00941255,-87.66395821,POINT (-87.6639582144 42.0094125471)
17031809200,2021-05-08,11:15,2021-05-08,12:00,2867,22.5,17031841000,33,35,1.2,36.2,41.84924675,-87.6241353,POINT (-87.6241352979 41.8492467545)
17031809200,2021-05-28,19:30,2021-05-28,20:15,3025,25.3,17031440101,44,42.5,3.94,46.44,41.74862318,-87.60131518,POINT (-87.6013151779 41.748623179)
17031809200,2021-05-30,14:30,2021-05-30,15:00,2092,9.9,17031062100,6,22.5,5.81,32.31,41.94269184,-87.65177051,POINT (-87.6517705068 41.9426918444)
17031809200,2021-04-30,11:45,2021-04-30,12:45,3939,28.9,17031980100,56,47.5,9.71,57.21,41.78599852,-87.75093429,POINT (-87.7509342894 41.785998518)
17031809200,2021-05-08,11:15,2021-05-08,12:00,2408,18.2,17031243500,24,32.5,5,37.5,41.89265811,-87.65253448,POINT (-87.6525344838 41.8926581076)
17031809200,2021-05-30,14:30,2021-05-30,15:30,3119,17.6,17031251900,25,55,1.2,56.2,41.88379349,-87.76009805,POINT (-87.7600980476 41.8837934871)
17031809200,2021-05-09,22:45,2021-05-09,23:15,1671,20.1,17031839000,32,25,3.55,28.55,41.87101588,-87.63140653,POINT (-87.6314065252 41.8710158803)
17031809200,2021-05-21,21:45,2021-05-21,22:00,568,2.5,17031020200,2,20,4.58,24.58,42.01569675,-87.69966304,POINT (-87.6996630419 42.0156967498)
17031809200,2021-05-15,20:45,2021-05-15,21:15,1810,10.8,17031070300,7,27.5,4.59,32.09,41.92904694,-87.65131088,POINT (-87.6513108767 41.9290469366)
17031809200,2021-05-09,22:45,2021-05-09,23:15,1528,17.3,17031280100,28,30,1.2,31.2,41.88530002,-87.64280847,POINT (-87.6428084655 41.8853000224)
17031809200,2021-05-30,20:45,2021-05-30,21:15,1783,8.2,17031062100,6,20,1.2,25.2,41.94269184,-87.65177051,POINT (-87.6517705068 41.9426918444)
17031809200,2021-06-02,7:15,2021-06-02,8:00,2521,14,17031320100,32,27.5,1.25,34.75,41.88498719,-87.62099291,POINT (-87.6209929134 41.8849871918)
17031809200,2021-06-04,19:15,2021-06-04,20:00,2334,10.7,17031070103,7,27.5,3.55,35.05,41.92681118,-87.64260525,POINT (-87.6426052473 41.9268111821)
17031809200,2021-06-23,15:45,2021-06-23,16:00,749,3.2,17031020302,2,10,4.31,14.31,42.00854076,-87.69496375,POINT (-87.6949637498 42.0085407611)
17031809200,2021-06-20,19:15,2021-06-20,19:45,1882,10.3,17031063302,6,20,1.25,21.25,41.93476246,-87.63985386,POINT (-87.6398538587 41.9347624564)
17031809200,2021-06-13,8:45,2021-06-13,9:00,843,5,17031010600,1,12.5,1.25,13.75,42.00627886,-87.66768361,POINT (-87.6676836101 42.0062788614)
17031809200,2021-06-23,15:45,2021-06-23,16:00,1309,4.9,17031020801,2,12.5,5.03,17.53,41.98680863,-87.69441519,POINT (-87.6944151909 41.9868086263)
17031809200,2021-06-16,11:30,2021-06-16,11:30,742,3.7,17031010202,1,12.5,1.25,13.75,42.01604649,-87.67333378,POINT (-87.6733337784 42.0160464924)
17031809200,2021-06-16,10:15,2021-06-16,10:45,2192,13.6,17031081700,8,25,5.3,30.3,41.89204214,-87.63186395,POINT (-87.6318639497 41.8920421365)
17031809200,2021-06-02,7:15,2021-06-02,7:45,2222,13,17031081401,8,25,1.25,26.25,41.89503345,-87.61971067,POINT (-87.6197106717 41.8950334495)
17031809200,2021-06-20,19:15,2021-06-20,19:45,1860,11.5,17031071500,7,20,6.03,30.03,41.91461629,-87.63171737,POINT (-87.6317173661 41.9146162864)
17031809200,2021-06-16,11:30,2021-06-16,12:00,1612,7.7,17031843700,5,17.5,4.14,21.64,41.94481375,-87.69077501,POINT (-87.6907750098 41.9448137543)
17031809200,2021-06-11,15:30,2021-06-11,16:30,3932,14,17031838100,28,35,1.25,36.25,41.87866742,-87.67165362,POINT (-87.6716536214 41.8786674201)
17031809200,2021-06-25,16:30,2021-06-25,17:15,2681,10.3,17031070101,7,37.5,3.85,41.35,41.92926299,-87.63589095,POINT (-87.6358909539 41.9292629902)
17031809200,2021-06-12,22:15,2021-06-12,22:45,1792,9,17031062700,6,30,4.59,34.59,41.93608654,-87.66611069,POINT (-87.6661106945 41.9360865352)
17031809200,2021-06-12,22:15,2021-06-12,22:30,1475,14.5,17031221400,22,45,4.39,49.39,41.9208017,-87.69453234,POINT (-87.6945323419 41.9208017043)
17031809200,2021-06-20,19:15,2021-06-20,19:45,1888,16.8,17031980000,76,27.5,6.79,39.29,41.97907082,-87.90303966,POINT (-87.9030396611 41.9790708201)
17031809200,2021-06-04,19:15,2021-06-04,20:00,2359,10.1,17031070300,7,32.5,3.55,36.05,41.92904694,-87.65131088,POINT (-87.6513108767 41.9290469366)
17031809200,2021-06-09,21:15,2021-06-09,21:30,767,4,17031010300,1,10,1.25,11.25,42.01593438,-87.66653628,POINT (-87.6665362779 42.0159343756)
17031809200,2021-06-03,23:15,2021-06-03,23:30,797,4,17031010300,1,10,1.25,11.25,42.01593438,-87.66653628,POINT (-87.6665362779 42.0159343756)
17031809200,2021-06-11,18:00,2021-06-11,18:15,828,3.6,17031010701,1,12.5,4.6,17.1,42.00915006,-87.67861897,POINT (-87.67861897 42.0091500631)
17031809200,2021-06-04,15:15,2021-06-04,17:15,6847,31.3,17031500100,50,67.5,5,72.5,41.71467495,-87.59493309,POINT (-87.5949330919 41.7146749464)
17031809200,2021-06-09,21:15,2021-06-09,21:30,649,2.9,17031010201,1,10,1.25,11.25,42.01601056,-87.68016227,POINT (-87.680162272 42.0160105638)
17031809200,2021-06-04,15:15,2021-06-04,16:00,3063,22.6,17031980000,76,52.5,6.81,59.31,41.97907082,-87.90303966,POINT (-87.9030396611 41.9790708201)
17031809200,2021-06-15,15:00,2021-06-15,15:15,1001,4.8,17031010501,1,10,3.55,13.55,42.00941255,-87.66395821,POINT (-87.6639582144 42.0094125471)
17031809200,2021-06-12,22:15,2021-06-12,22:30,617,3.3,17031010201,1,25,4.5,29.5,42.01601056,-87.68016227,POINT (-87.680162272 42.0160105638)
17031809200,2021-08-28,15:30,2021-08-28,16:00,1018,4.6,17031020500,2,10,3.55,17.55,42.00131325,-87.6841982,POINT (-87.684198195 42.0013132491)
17031809200,2021-06-27,16:30,2021-06-27,17:15,2766,16.3,17031251400,25,27.5,1.25,28.75,41.89096938,-87.77012284,POINT (-87.770122842 41.8909693802)
17031809200,2021-06-14,7:00,2021-06-14,7:30,1768,16,17031980000,76,30,11.95,50.95,41.97907082,-87.90303966,POINT (-87.9030396611 41.9790708201)
17031809200,2021-06-02,7:15,2021-06-02,7:45,1985,8.7,17031062500,6,20,3.55,23.55,41.94148823,-87.67110766,POINT (-87.671107656 41.9414882338)
17031809200,2021-07-23,17:45,2021-07-23,18:45,3799,13.9,17031833000,28,42.5,6.38,48.88,41.88528132,-87.6572332,POINT (-87.6572331997 41.8852813201)
17031809200,2021-07-15,18:00,2021-07-15,19:00,3388,23.6,17031431302,43,40,1.25,41.25,41.7584079,-87.56284738,POINT (-87.5628473838 41.7584079022)
17031809200,2021-07-16,23:45,2021-07-17,0:00,958,5.9,17031040100,4,15,6.86,21.86,41.98333081,-87.68199354,POINT (-87.681993542 41.9833308063)
17031809200,2021-07-23,17:00,2021-07-23,17:30,1247,4.7,17031020902,2,20,4.75,30.75,41.99426609,-87.67868821,POINT (-87.6786882109 41.9942660943)
17031809200,2021-07-02,20:15,2021-07-02,20:45,1861,16.6,17031833000,28,27.5,1.25,28.75,41.88528132,-87.6572332,POINT (-87.6572331997 41.8852813201)
17031809200,2021-07-15,18:00,2021-07-15,18:15,923,4.1,17031010600,1,12.5,3.55,16.05,42.00627886,-87.66768361,POINT (-87.6676836101 42.0062788614)
17031809200,2021-07-16,23:45,2021-07-17,0:15,1493,8.3,17031832000,6,17.5,7.54,25.04,41.94629454,-87.65429808,POINT (-87.6542980837 41.9462945357)
17031809200,2021-07-14,18:15,2021-07-14,19:00,2196,16.2,17031980000,76,30,9.7,45.7,41.97907082,-87.90303966,POINT (-87.9030396611 41.9790708201)
17031809200,2021-07-02,10:30,2021-07-02,10:30,747,3.3,17031020302,2,10,3.98,13.98,42.00854076,-87.69496375,POINT (-87.6949637498 42.0085407611)
17031809200,2021-07-03,0:45,2021-07-03,1:15,1838,19.5,17031320400,32,27.5,4.52,32.02,41.87740612,-87.62197165,POINT (-87.6219716519 41.8774061234)
17031809200,2021-07-14,18:15,2021-07-14,18:45,1564,6.6,17031031100,3,17.5,1.25,18.75,41.97266796,-87.6638655,POINT (-87.6638654956 41.9726679555)
17031809200,2021-07-02,20:15,2021-07-02,20:30,1194,5.3,17031040202,4,12.5,3.88,16.38,41.97985531,-87.69409602,POINT (-87.6940960217 41.9798553089)
17031809200,2021-07-10,19:00,2021-07-10,19:45,2218,12.8,17031081600,8,25,3.55,28.55,41.89207263,-87.62887416,POINT (-87.6288741572 41.8920726347)
17031809200,2021-07-10,19:00,2021-07-10,19:15,823,4,17031010702,1,17.5,3.55,21.05,42.00901823,-87.67272396,POINT (-87.6727239593 42.0090182269)
17031809200,2021-07-14,8:45,2021-07-14,9:00,784,3.3,17031010201,1,17.5,0,17.5,42.01601056,-87.68016227,POINT (-87.680162272 42.0160105638)
17031809200,2021-07-14,18:00,2021-07-14,18:45,2424,11.5,17031071200,7,25,3.55,28.55,41.92185491,-87.64621098,POINT (-87.6462109769 41.9218549112)
17031809200,2021-10-27,8:45,2021-10-27,9:15,2130,16.1,17031980000,76,30,14.18,56.18,41.97907082,-87.90303966,POINT (-87.9030396611 41.9790708201)
17031809200,2021-07-07,14:15,2021-07-07,14:30,694,3.4,17031010202,1,10,3.55,13.55,42.01604649,-87.67333378,POINT (-87.6733337784 42.0160464924)
17031809200,2021-07-16,23:45,2021-07-17,0:15,1647,8.2,17031832000,6,22.5,6.98,29.48,41.94629454,-87.65429808,POINT (-87.6542980837 41.9462945357)
17031809200,2021-07-30,11:45,2021-07-30,12:30,2323,13.2,17031081800,8,22.5,7.22,29.72,41.89321636,-87.63784421,POINT (-87.6378442095 41.8932163595)
17031809200,2021-07-23,17:45,2021-07-23,18:00,707,3.5,17031020301,2,17.5,4.54,22.04,42.00744692,-87.70460563,POINT (-87.7046056338 42.0074469243)
17031809200,2021-07-30,11:45,2021-07-30,12:15,966,4.7,17031020602,2,12.5,4.2,16.7,42.00131592,-87.69363749,POINT (-87.6936374936 42.0013159243)
17031809200,2021-07-16,23:45,2021-07-17,0:15,1860,9.5,17031062900,6,27.5,5.69,33.19,41.93623718,-87.65641153,POINT (-87.6564115308 41.9362371791)
17031809200,2021-07-23,17:45,2021-07-23,18:00,842,3.5,17031010702,1,15,1.25,18.25,42.00901823,-87.67272396,POINT (-87.6727239593 42.0090182269)
17031809200,2021-07-23,17:00,2021-07-23,18:30,5706,14.9,17031320400,32,32.5,6.4,46.9,41.87740612,-87.62197165,POINT (-87.6219716519 41.8774061234)
17031809200,2021-07-10,19:00,2021-07-10,20:00,3619,18.6,17031310600,31,42.5,1.25,43.75,41.85633322,-87.65956424,POINT (-87.6595642391 41.8563332167)
17031809200,2021-07-03,22:15,2021-07-03,22:30,1652,8.3,17031832000,6,45,3.85,48.85,41.94629454,-87.65429808,POINT (-87.6542980837 41.9462945357)
17031809200,2021-07-14,18:00,2021-07-14,18:45,2436,13.8,17031081800,8,32.5,1.25,33.75,41.89321636,-87.63784421,POINT (-87.6378442095 41.8932163595)
17031809200,2021-07-15,18:00,2021-07-15,18:45,2168,16.9,17031980000,76,32.5,11.95,53.45,41.97907082,-87.90303966,POINT (-87.9030396611 41.9790708201)
17031809200,2021-07-14,18:15,2021-07-14,18:30,1072,4.9,17031020802,2,15,1.25,16.25,41.99405982,-87.69463072,POINT (-87.6946307194 41.994059824)
17031809200,2021-07-14,8:45,2021-07-14,9:15,1185,6.1,17031040300,4,15,3.55,18.55,41.97681175,-87.70194107,POINT (-87.701941074 41.9768117505)
17031809200,2021-07-03,22:15,2021-07-03,22:30,774,3.7,17031010100,1,7.5,18.55,26.05,42.02122359,-87.66982477,POINT (-87.6698247721 42.0212235931)
17031809200,2021-07-03,0:45,2021-07-03,1:00,654,3.5,17031010201,1,10,3.6,13.6,42.01601056,-87.68016227,POINT (-87.680162272 42.0160105638)
17031809200,2021-07-17,21:00,2021-07-17,21:30,1869,8.7,17031832000,6,30,4.44,34.44,41.94629454,-87.65429808,POINT (-87.6542980837 41.9462945357)
17031809200,2021-07-03,22:15,2021-07-03,22:45,1630,9.1,17031062100,6,25,1.25,26.25,41.94269184,-87.65177051,POINT (-87.6517705068 41.9426918444)
17031809200,2021-07-14,8:45,2021-07-14,9:00,1147,3.5,17031010100,1,10,3.55,13.55,42.02122359,-87.66982477,POINT (-87.6698247721 42.0212235931)
17031809200,2021-07-02,10:30,2021-07-02,11:00,1094,4.9,17031020500,2,15,1.25,16.25,42.00131325,-87.6841982,POINT (-87.684198195 42.0013132491)
17031809200,2021-07-24,14:00,2021-07-24,14:30,1424,6.3,17031040600,4,27.5,3.85,31.35,41.96683407,-87.68401837,POINT (-87.6840183712 41.9668340674)
17031809200,2021-09-12,17:45,2021-09-12,18:15,1907,12.2,17031071500,7,27.5,1.24,28.74,41.91461629,-87.63171737,POINT (-87.6317173661 41.9146162864)
17031809200,2021-07-31,18:45,2021-07-31,18:45,617,3.7,17031010702,1,17.5,5.28,22.78,42.00901823,-87.67272396,POINT (-87.6727239593 42.0090182269)
17031809200,2021-08-19,17:15,2021-08-19,17:30,1452,6,17031030102,77,17.5,1.25,18.75,41.99344095,-87.65741774,POINT (-87.6574177422 41.9934409461)
17031809200,2021-08-22,21:15,2021-08-22,21:30,1020,4.8,17031010600,1,10,5.43,15.43,42.00627886,-87.66768361,POINT (-87.6676836101 42.0062788614)
17031809200,2021-08-06,17:15,2021-08-06,18:00,2497,15.7,17031980000,76,35,9.09,44.09,41.97907082,-87.90303966,POINT (-87.9030396611 41.9790708201)
17031809200,2021-08-19,17:15,2021-08-19,17:30,1379,6,17031030900,77,17.5,1.25,18.75,41.97979555,-87.67144555,POINT (-87.6714455473 41.9797955506)
17031809200,2021-08-23,14:30,2021-08-23,14:45,863,3.6,17031010100,1,10,3.55,13.55,42.02122359,-87.66982477,POINT (-87.6698247721 42.0212235931)
17031809200,2021-08-05,16:45,2021-08-05,17:30,2701,16.6,17031980000,76,50,6.8,56.8,41.97907082,-87.90303966,POINT (-87.9030396611 41.9790708201)
17031809200,2021-07-31,0:15,2021-07-31,0:45,2465,24.5,17031292500,29,30,1.25,31.25,41.85510397,-87.7322454,POINT (-87.7322454045 41.8551039667)
17031809200,2021-08-05,16:45,2021-08-05,17:30,3025,12.1,17031081300,8,27.5,1.25,28.75,41.89833179,-87.62076287,POINT (-87.6207628651 41.8983317935)
17031809200,2021-07-31,18:45,2021-07-31,19:15,1776,9,17031832000,6,20,4.05,26.05,41.94629454,-87.65429808,POINT (-87.6542980837 41.9462945357)
17031809200,2021-08-28,15:30,2021-08-28,16:30,2991,13.3,17031081403,8,25,4.93,29.93,41.89092203,-87.61886835,POINT (-87.6188683546 41.8909220259)
17031809200,2021-08-19,16:30,2021-08-19,17:30,3029,13.6,17031320100,32,30,1.25,31.25,41.88498719,-87.62099291,POINT (-87.6209929134 41.8849871918)
17031809200,2021-08-22,19:00,2021-08-22,19:30,1575,6.2,17031030603,77,12.5,4.65,17.15,41.9854765,-87.65839767,POINT (-87.6583976702 41.9854764991)
17031809200,2021-08-05,17:15,2021-08-05,17:45,1645,6.6,17031140701,14,17.5,4.55,22.05,41.96677494,-87.71084821,POINT (-87.7108482084 41.9667749433)
17031809200,2021-08-11,18:45,2021-08-11,19:30,2077,9.4,17031070300,7,22.5,3.6,26.1,41.92904694,-87.65131088,POINT (-87.6513108767 41.9290469366)
17031809200,2021-08-11,18:45,2021-08-11,19:30,2335,10.4,17031070300,7,22.5,3.6,37.1,41.92904694,-87.65131088,POINT (-87.6513108767 41.9290469366)
17031809200,2021-07-31,12:15,2021-07-31,12:45,1485,14,17031220300,22,25,1.25,26.25,41.92846498,-87.69508667,POINT (-87.6950866748 41.9284649843)
17031809200,2021-07-31,0:15,2021-07-31,0:45,1429,8.9,17031061000,6,17.5,3.93,23.43,41.94922091,-87.6519704,POINT (-87.6519703953 41.9492209135)
17031809200,2021-08-05,17:15,2021-08-05,17:30,1167,4.8,17031020802,2,15,1.25,16.25,41.99405982,-87.69463072,POINT (-87.6946307194 41.994059824)
17031809200,2021-07-31,12:15,2021-07-31,12:45,2345,8.2,17031031800,3,27.5,1.25,28.75,41.96701176,-87.67062104,POINT (-87.6706210432 41.9670117607)
17031809200,2021-08-19,16:30,2021-08-19,16:45,964,3.8,17031010702,1,12.5,1.25,15.75,42.00901823,-87.67272396,POINT (-87.6727239593 42.0090182269)
17031809200,2021-07-31,12:15,2021-07-31,13:00,2864,13.8,17031081600,8,42.5,3.85,46.35,41.89207263,-87.62887416,POINT (-87.6288741572 41.8920726347)
17031809200,2021-11-20,23:00,2021-11-20,23:30,1961,13,17031081800,8,27.5,5.24,32.74,41.89321636,-87.63784421,POINT (-87.6378442095 41.8932163595)
17031809200,2021-11-24,19:15,2021-11-24,19:45,1609,13.6,17031220702,22,25,1.02,32.02,41.92975905,-87.72426709,POINT (-87.724267094 41.9297590466)
17031809200,2021-11-24,20:45,2021-11-24,21:15,2042,13,17031081500,8,35,7.17,42.17,41.89250778,-87.62621491,POINT (-87.6262149064 41.8925077809)
17031809200,2021-11-28,10:45,2021-11-28,11:00,697,3.3,17031020302,2,10,3.09,13.09,42.00854076,-87.69496375,POINT (-87.6949637498 42.0085407611)
17031809200,2021-11-19,22:15,2021-11-19,22:45,1549,8,17031031300,3,27.5,4.37,31.87,41.97292932,-87.65029007,POINT (-87.6502900743 41.9729293173)
17031809200,2021-11-06,15:15,2021-11-06,16:00,2893,17,17031242300,24,27.5,6.54,34.04,41.89950655,-87.67960029,POINT (-87.6796002867 41.8995065476)
17031809200,2021-11-06,15:30,2021-11-06,16:15,2210,9.1,17031031400,3,17.5,4.29,21.79,41.96217863,-87.64537876,POINT (-87.6453787624 41.962178629)
17031809200,2021-11-19,17:00,2021-11-19,17:45,2682,6.8,17031040600,4,20,3.83,23.83,41.96683407,-87.68401837,POINT (-87.6840183712 41.9668340674)
17031809200,2021-11-06,15:15,2021-11-06,15:30,1239,5.6,17031010502,1,12.5,3.58,16.08,42.00451749,-87.66332786,POINT (-87.6633278588 42.0045174875)
17031809200,2021-11-24,19:15,2021-11-24,19:30,743,4.2,17031020601,2,10,1.02,11.02,42.00087483,-87.7018029,POINT (-87.701802904 42.0008748252)
17031809200,2021-11-28,10:45,2021-11-28,11:00,1394,12.8,17031160400,16,15,5.07,20.07,41.95736069,-87.72282225,POINT (-87.7228222513 41.9573606908)
17031809200,2021-11-06,15:30,2021-11-06,15:45,1174,5,17031010400,1,20,3.74,28.74,42.00476456,-87.65912243,POINT (-87.659122427 42.004764559)
17031809200,2021-11-19,17:00,2021-11-19,17:15,1086,3.6,17031010702,1,17.5,1.02,18.52,42.00901823,-87.67272396,POINT (-87.6727239593 42.0090182269)
17031809200,2021-11-04,18:45,2021-11-04,19:15,1975,7.8,17031050200,5,17.5,4.17,21.67,41.95773557,-87.6837181,POINT (-87.683718102 41.957735565)
17031809200,2021-11-22,17:15,2021-11-22,17:45,1930,7.4,17031050200,5,22.5,3.94,26.44,41.95773557,-87.6837181,POINT (-87.683718102 41.957735565)
17031809200,2021-11-18,7:45,2021-11-18,8:15,2106,16.3,17031980000,76,27.5,14.21,41.71,41.97907082,-87.90303966,POINT (-87.9030396611 41.9790708201)
17031809200,2021-11-19,22:15,2021-11-19,22:30,1093,5.4,17031030102,77,12.5,3.94,20.44,41.99344095,-87.65741774,POINT (-87.6574177422 41.9934409461)
17031809200,2021-11-21,11:45,2021-11-21,12:00,1483,11.2,17031150200,15,17.5,4.74,24.24,41.9606757,-87.75240914,POINT (-87.7524091367 41.9606756968)
17031809200,2021-11-01,14:30,2021-11-01,15:15,2177,16.8,17031980000,76,32.5,6.63,39.13,41.97907082,-87.90303966,POINT (-87.9030396611 41.9790708201)
17031809200,2021-11-24,15:00,2021-11-24,15:30,1899,7.6,17031140302,14,15,4.48,19.48,41.97259777,-87.72378197,POINT (-87.7237819658 41.9725977673)
17031809200,2021-11-21,11:45,2021-11-21,12:00,1510,13.1,17031210602,21,17.5,5.13,22.63,41.93367599,-87.71235748,POINT (-87.7123574755 41.9336759885)
17031809200,2021-11-04,18:45,2021-11-04,19:15,1852,7.5,17031050200,5,15,3.96,21.96,41.95773557,-87.6837181,POINT (-87.683718102 41.957735565)
17031809200,2022-03-24,13:15,2022-03-24,14:15,3369,19.3,17031838200,28,22.5,7.69,30.19,41.870415,-87.67508562,POINT (-87.6750856208 41.8704150003)
17031809200,2021-11-18,7:45,2021-11-18,8:00,993,6.1,17031040300,4,15,3.68,18.68,41.97681175,-87.70194107,POINT (-87.701941074 41.9768117505)
17031809200,2021-11-28,10:45,2021-11-28,11:15,1902,17.8,17031833000,28,40,7.14,47.14,41.88528132,-87.6572332,POINT (-87.6572331997 41.8852813201)
17031809200,2021-11-18,7:45,2021-11-18,8:15,1598,10.4,17031110502,11,20,5.56,25.56,41.97028889,-87.75985702,POINT (-87.759857019 41.970288894)
17031809200,2022-03-24,9:45,2022-03-24,10:00,887,5.7,17031140200,14,17.5,1.02,18.52,41.97024498,-87.71343533,POINT (-87.7134353285 41.9702449819)
17031809200,2021-11-04,18:45,2021-11-04,19:30,3026,15.1,17031281900,28,32.5,7.59,56.09,41.87925508,-87.642649,POINT (-87.642648998 41.8792550844)
17031809200,2021-11-24,20:45,2021-11-24,21:00,1306,5.9,17031040201,4,17.5,1.02,18.52,41.9725808,-87.69400106,POINT (-87.6940010612 41.9725808001)
17031809200,2021-11-16,13:30,2021-11-16,14:30,3824,21,17031292200,29,30,7.32,37.32,41.85665861,-87.71573263,POINT (-87.715732633 41.8566586145)
17031809200,2021-11-08,7:00,2021-11-08,7:30,1737,16.8,17031980000,76,25,15.16,40.16,41.97907082,-87.90303966,POINT (-87.9030396611 41.9790708201)
17031809200,2021-11-06,15:30,2021-11-06,16:00,1660,6,17031030102,77,15,3.64,18.64,41.99344095,-87.65741774,POINT (-87.6574177422 41.9934409461)
17031809200,2021-11-19,22:15,2021-11-19,22:45,1140,6,17031030500,77,12.5,3.65,18.15,41.98722556,-87.66493772,POINT (-87.6649377243 41.9872255578)
17031809200,2021-11-08,7:00,2021-11-08,7:15,1556,9.4,17031110502,11,17.5,4.36,21.86,41.97028889,-87.75985702,POINT (-87.759857019 41.970288894)
17031809200,2021-11-06,15:15,2021-11-06,15:30,1065,4.7,17031020902,2,12.5,3.37,15.87,41.99426609,-87.67868821,POINT (-87.6786882109 41.9942660943)
17031809200,2021-11-24,20:45,2021-11-24,21:15,1718,7.1,17031031200,3,12.5,3.87,16.37,41.97270955,-87.65734111,POINT (-87.6573411073 41.9727095466)
17031809200,2021-11-01,14:30,2021-11-01,15:15,2166,16.7,17031842300,24,25,6.87,31.87,41.89830587,-87.65361398,POINT (-87.6536139825 41.8983058696)
17031809200,2021-11-20,23:00,2021-11-20,23:15,1618,7,17031031200,3,17.5,4.71,22.21,41.97270955,-87.65734111,POINT (-87.6573411073 41.9727095466)
17031809200,2021-11-24,15:00,2021-11-24,15:30,2609,15.8,17031980000,76,42.5,10.71,53.21,41.97907082,-87.90303966,POINT (-87.9030396611 41.9790708201)
17031809200,2021-11-22,17:15,2021-11-22,17:30,1080,3.9,17031020100,2,15,3.22,18.22,42.01571991,-87.68711599,POINT (-87.6871159899 42.0157199072)
17031809200,2021-11-24,15:00,2021-11-24,15:15,1045,4,17031010702,1,12.5,3.24,15.74,42.00901823,-87.67272396,POINT (-87.6727239593 42.0090182269)
17031809200,2021-11-20,23:00,2021-11-20,23:30,1533,16.3,17031241400,24,17.5,5.82,23.32,41.90602597,-87.67531162,POINT (-87.6753116216 41.906025969)
17031809200,2021-10-24,8:45,2021-10-24,9:00,1024,5.9,17031020902,2,10,3.62,13.62,41.99426609,-87.67868821,POINT (-87.6786882109 41.9942660943)
17031809200,2021-10-23,20:15,2021-10-23,21:00,2509,28.7,17031431302,43,42.5,1.24,43.74,41.7584079,-87.56284738,POINT (-87.5628473838 41.7584079022)
17031809200,2021-09-05,18:15,2021-09-05,18:30,605,3.7,17031010202,1,10,3.55,13.55,42.01604649,-87.67333378,POINT (-87.6733337784 42.0160464924)
17031809200,2021-09-23,14:30,2021-09-23,15:00,2161,11,17031070102,7,25,1.24,31.24,41.93057857,-87.64220631,POINT (-87.6422063127 41.9305785697)
17031809200,2021-10-19,9:00,2021-10-19,9:15,842,5.1,17031020702,2,10,6.09,16.09,41.99414365,-87.70489349,POINT (-87.7048934862 41.9941436461)
17031809200,2021-10-30,20:30,2021-10-30,21:00,1529,7.5,17031060300,6,30,1.24,37.24,41.95060523,-87.67133249,POINT (-87.671332488 41.9506052324)
17031809200,2021-10-18,19:00,2021-10-18,19:30,1969,13.6,17031081700,8,17.5,6.99,24.49,41.89204214,-87.63186395,POINT (-87.6318639497 41.8920421365)
17031809200,2021-09-07,9:00,2021-09-07,9:30,1709,16.3,17031980000,76,25,11.95,36.95,41.97907082,-87.90303966,POINT (-87.9030396611 41.9790708201)
17031809200,2021-10-18,7:00,2021-10-18,8:00,3653,16.5,17031231500,23,30,6.45,36.45,41.8917542,-87.7186708,POINT (-87.7186707951 41.8917542026)
17031809200,2021-10-29,19:15,2021-10-29,19:30,1333,5.6,17031030500,77,17.5,3.65,26.15,41.98722556,-87.66493772,POINT (-87.6649377243 41.9872255578)
17031809200,2021-10-24,8:45,2021-10-24,9:15,1536,16.6,17031980000,76,25,14.27,44.27,41.97907082,-87.90303966,POINT (-87.9030396611 41.9790708201)
17031809200,2021-10-18,9:45,2021-10-18,10:30,2431,20.6,17031838200,28,30,1.24,31.24,41.870415,-87.67508562,POINT (-87.6750856208 41.8704150003)
17031809200,2021-10-27,8:45,2021-10-27,9:00,636,3,17031010202,1,10,3.03,13.03,42.01604649,-87.67333378,POINT (-87.6733337784 42.0160464924)
17031809200,2021-09-10,6:45,2021-09-10,7:15,2087,15.6,17031980000,76,25,26.03,51.03,41.97907082,-87.90303966,POINT (-87.9030396611 41.9790708201)
17031809200,2021-10-30,20:30,2021-10-30,21:15,1868,19.4,17031081600,8,35,1.24,36.24,41.89207263,-87.62887416,POINT (-87.6288741572 41.8920726347)
17031809200,2021-09-03,11:15,2021-09-03,11:45,2253,16.4,17031980000,76,30,16.16,46.16,41.97907082,-87.90303966,POINT (-87.9030396611 41.9790708201)
17031809200,2021-09-11,23:00,2021-09-11,23:15,1583,11.5,17031071500,7,30,6.62,36.62,41.91461629,-87.63171737,POINT (-87.6317173661 41.9146162864)
17031809200,2021-09-03,11:15,2021-09-03,11:45,1861,16.6,17031980000,76,27.5,11.95,39.45,41.97907082,-87.90303966,POINT (-87.9030396611 41.9790708201)
17031809200,2021-10-30,18:00,2021-10-30,19:15,4029,25.2,17031691500,69,77.5,0,77.5,41.75506272,-87.60029731,POINT (-87.6002973118 41.7550627172)
17031809200,2021-09-24,17:15,2021-09-24,18:00,3179,16.4,17031980000,76,27.5,22.83,50.33,41.97907082,-87.90303966,POINT (-87.9030396611 41.9790708201)
17031809200,2021-10-23,17:30,2021-10-23,18:15,2474,9.4,17031061500,6,17.5,4.36,25.86,41.94528233,-87.6615451,POINT (-87.6615450961 41.9452823311)
17031809200,2021-09-25,23:30,2021-09-25,23:45,440,2.5,17031020200,2,10,3.32,13.32,42.01569675,-87.69966304,POINT (-87.6996630419 42.0156967498)
17031809200,2021-09-01,9:15,2021-09-01,9:45,2062,17.2,17031980000,76,27.5,23.95,51.45,41.97907082,-87.90303966,POINT (-87.9030396611 41.9790708201)
17031809200,2021-09-07,9:00,2021-09-07,9:15,888,6.1,17031040300,4,15,3.85,18.85,41.97681175,-87.70194107,POINT (-87.701941074 41.9768117505)
17031809200,2021-10-26,16:30,2021-10-26,17:15,2380,15.7,17031980000,76,25,14.09,39.09,41.97907082,-87.90303966,POINT (-87.9030396611 41.9790708201)
17031809200,2021-09-10,6:45,2021-09-10,7:30,1942,17.1,17031980000,76,30,6.85,36.85,41.97907082,-87.90303966,POINT (-87.9030396611 41.9790708201)
17031809200,2021-10-18,7:00,2021-10-18,7:45,2647,13.5,17031081401,8,32.5,1.24,33.74,41.89503345,-87.61971067,POINT (-87.6197106717 41.8950334495)
17031809200,2021-09-03,14:00,2021-09-03,14:45,2856,15.3,17031980000,76,25,20.55,45.55,41.97907082,-87.90303966,POINT (-87.9030396611 41.9790708201)
17031809200,2021-10-23,11:45,2021-10-23,12:15,1984,16.7,17031842300,24,22.5,5.9,28.4,41.89830587,-87.65361398,POINT (-87.6536139825 41.8983058696)
17031809200,2021-10-17,16:00,2021-10-17,16:30,1876,10.8,17031071400,7,20,4.88,24.88,41.92208254,-87.63415609,POINT (-87.6341560931 41.922082541)
17031809200,2021-09-03,14:00,2021-09-03,14:45,2736,16.4,17031980000,76,27.5,9.72,37.22,41.97907082,-87.90303966,POINT (-87.9030396611 41.9790708201)
17031809200,2021-10-06,9:30,2021-10-06,10:00,2179,8.7,17031032100,3,15,4.4,20.4,41.95815488,-87.65302179,POINT (-87.6530217894 41.9581548757)
17031809200,2021-10-23,20:15,2021-10-23,20:45,1158,6.8,17031040202,4,17.5,1.24,18.74,41.97985531,-87.69409602,POINT (-87.6940960217 41.9798553089)
17031809200,2021-10-23,11:45,2021-10-23,12:30,2708,15.3,17031330100,33,20,5.68,25.68,41.85934972,-87.61735801,POINT (-87.6173580061 41.859349715)
17031809200,2021-10-15,11:45,2021-10-15,12:30,1969,13,17031081401,8,25,1.24,26.24,41.89503345,-87.61971067,POINT (-87.6197106717 41.8950334495)
17031809200,2021-09-11,23:45,2021-09-12,0:15,1829,13,17031081700,8,25,5.02,30.02,41.89204214,-87.63186395,POINT (-87.6318639497 41.8920421365)
17031809200,2021-09-05,18:15,2021-09-05,18:45,1954,16.1,17031980000,76,42.5,12.96,63.46,41.97907082,-87.90303966,POINT (-87.9030396611 41.9790708201)
17031809200,2021-10-29,19:15,2021-10-29,20:00,2593,13.2,17031081401,8,25,7.01,32.01,41.89503345,-87.61971067,POINT (-87.6197106717 41.8950334495)
17031809200,2021-09-26,18:00,2021-09-26,18:00,610,3.1,17031020100,2,10,1.24,11.24,42.01571991,-87.68711599,POINT (-87.6871159899 42.0157199072)
17031809200,2021-09-03,21:30,2021-09-03,22:00,1697,18.4,17031839100,32,27.5,4.73,32.23,41.88099447,-87.63274649,POINT (-87.6327464887 41.8809944707)
17031809200,2021-10-15,11:45,2021-10-15,12:30,2624,15.5,17031330100,33,25,5.66,30.66,41.85934972,-87.61735801,POINT (-87.6173580061 41.859349715)
17031809200,2021-09-12,17:45,2021-09-12,18:30,2212,13.2,17031081403,8,22.5,5.15,27.65,41.89092203,-87.61886835,POINT (-87.6188683546 41.8909220259)
17031809200,2021-09-11,23:45,2021-09-12,0:15,1633,13.3,17031081500,8,35,1.24,41.24,41.89250778,-87.62621491,POINT (-87.6262149064 41.8925077809)
17031809200,2021-09-19,7:00,2021-09-19,7:45,2038,15.5,17031839000,32,22.5,5.82,28.32,41.87101588,-87.63140653,POINT (-87.6314065252 41.8710158803)
17031809200,2021-10-23,17:30,2021-10-23,18:00,2057,8,17031050100,5,17.5,4.07,25.57,41.95784338,-87.67637328,POINT (-87.676373281 41.9578433752)
17031809200,2021-09-25,23:30,2021-09-25,23:45,602,2.8,17031020200,2,10,3.32,13.32,42.01569675,-87.69966304,POINT (-87.6996630419 42.0156967498)
17031809200,2021-10-30,18:00,2021-10-30,18:45,2546,9.1,17031062400,6,37.5,4.6,42.1,41.94155583,-87.66628889,POINT (-87.6662888874 41.941555829)
17031809200,2021-09-11,23:00,2021-09-11,23:30,1972,11.5,17031080300,8,42.5,3.85,51.35,41.90749193,-87.63576009,POINT (-87.6357600901 41.9074919303)
17031809200,2021-09-19,7:00,2021-09-19,7:30,1598,15.8,17031980000,76,25,26.16,51.16,41.97907082,-87.90303966,POINT (-87.9030396611 41.9790708201)
17031809200,2021-10-17,16:00,2021-10-17,16:15,755,3.8,17031010300,1,12.5,1.24,13.74,42.01593438,-87.66653628,POINT (-87.6665362779 42.0159343756)
17031809200,2021-09-12,17:45,2021-09-12,18:30,1919,16.8,17031980000,76,25,14.32,39.32,41.97907082,-87.90303966,POINT (-87.9030396611 41.9790708201)
17031809200,2021-10-29,19:15,2021-10-29,19:30,743,3.5,17031010201,1,12.5,3.13,15.63,42.01601056,-87.68016227,POINT (-87.680162272 42.0160105638)
17031809200,2021-10-30,20:30,2021-10-30,21:00,1682,18.3,17031081700,8,32.5,7.68,40.18,41.89204214,-87.63186395,POINT (-87.6318639497 41.8920421365)
17031809200,2021-10-19,9:00,2021-10-19,9:15,1105,6.1,17031040300,4,12.5,3.68,16.18,41.97681175,-87.70194107,POINT (-87.701941074 41.9768117505)
17031809200,2021-10-17,16:00,2021-10-17,16:15,1487,8.5,17031100100,10,20,4.18,24.18,41.9895838,-87.78301328,POINT (-87.7830132797 41.9895838002)
17031809200,2021-10-18,7:00,2021-10-18,7:30,1640,10.4,17031110502,11,20,5.95,25.95,41.97028889,-87.75985702,POINT (-87.759857019 41.970288894)
17031809200,2021-10-17,16:00,2021-10-17,16:30,2208,16.4,17031980000,76,30,11.13,46.13,41.97907082,-87.90303966,POINT (-87.9030396611 41.9790708201)
17031809200,2021-10-23,20:15,2021-10-23,20:30,1211,5.3,17031030400,77,17.5,1.24,21.74,41.98695306,-87.67208099,POINT (-87.6720809941 41.9869530579)
17031809200,2021-10-19,9:00,2021-10-19,9:45,1963,15.5,17031980000,76,25,26.05,51.05,41.97907082,-87.90303966,POINT (-87.9030396611 41.9790708201)
17031809200,2021-09-05,18:15,2021-09-05,19:00,2449,14,17031081403,8,25,1.24,30.24,41.89092203,-87.61886835,POINT (-87.6188683546 41.8909220259)
17031809200,2021-09-01,9:15,2021-09-01,10:00,2836,18.5,17031770700,,27.5,8.24,35.74,41.98277501,-87.8773054,POINT (-87.8773053996 41.9827750091)
17031809200,2021-09-03,14:00,2021-09-03,15:30,5205,22.5,17031430200,43,40,3.7,52.7,41.76969047,-87.58134951,POINT (-87.5813495087 41.7696904664)
17031809200,2021-09-10,6:45,2021-09-10,7:15,2062,16.7,17031980000,76,45,12.25,57.25,41.97907082,-87.90303966,POINT (-87.9030396611 41.9790708201)
17031809200,2021-09-11,23:00,2021-09-11,23:30,1688,18.4,17031081800,8,22.5,7.1,29.6,41.89321636,-87.63784421,POINT (-87.6378442095 41.8932163595)
17031809200,2021-09-25,23:30,2021-09-25,23:45,873,4.1,17031020802,2,12.5,3.62,16.12,41.99405982,-87.69463072,POINT (-87.6946307194 41.994059824)
17031809200,2021-10-13,11:00,2021-10-13,11:45,2361,14.9,17031320400,32,22.5,7.26,29.76,41.87740612,-87.62197165,POINT (-87.6219716519 41.8774061234)
17031809200,2021-10-20,16:00,2021-10-20,16:45,3253,15,17031200401,20,27.5,5.53,33.03,41.9198255,-87.73753615,POINT (-87.7375361538 41.919825504)
17031809200,2021-09-26,18:15,2021-09-26,18:30,769,4.2,17031010702,1,10,3.27,13.27,42.00901823,-87.67272396,POINT (-87.6727239593 42.0090182269)
17031809200,2021-09-11,23:45,2021-09-12,0:00,1375,7.7,17031032100,3,17.5,5.58,23.08,41.95815488,-87.65302179,POINT (-87.6530217894 41.9581548757)
17031809200,2021-10-18,9:45,2021-10-18,10:30,2800,29,17031980100,56,60,6.24,73.24,41.78599852,-87.75093429,POINT (-87.7509342894 41.785998518)
17031809200,2021-11-04,18:45,2021-11-04,19:00,1504,5.8,17031010400,1,32.5,1.02,33.52,42.00476456,-87.65912243,POINT (-87.659122427 42.004764559)
17031809200,2021-11-21,11:45,2021-11-21,12:15,2022,17,17031980000,76,25,14.37,39.37,41.97907082,-87.90303966,POINT (-87.9030396611 41.9790708201)
17031809200,2022-03-25,16:45,2022-03-25,16:45,629,2.7,17031020100,2,7.5,4.68,12.18,42.01571991,-87.68711599,POINT (-87.6871159899 42.0157199072)
17031809200,2022-03-05,20:45,2022-03-05,21:30,2910,28.1,17031400800,40,35,9.33,44.33,41.78286345,-87.62055834,POINT (-87.6205583422 41.7828634535)
17031809200,2022-03-05,17:45,2022-03-05,18:00,897,4,17031010100,1,10,3.65,13.65,42.02122359,-87.66982477,POINT (-87.6698247721 42.0212235931)
17031809200,2022-03-21,8:30,2022-03-21,9:00,1884,16,17031980000,76,30,6.61,43.61,41.97907082,-87.90303966,POINT (-87.9030396611 41.9790708201)
17031809200,2022-03-05,14:00,2022-03-05,14:30,1301,4.9,17031020802,2,17.5,1.02,18.52,41.99405982,-87.69463072,POINT (-87.6946307194 41.994059824)
17031809200,2022-03-30,18:00,2022-03-30,18:00,761,3,17031010202,1,15,3.89,18.89,42.01604649,-87.67333378,POINT (-87.6733337784 42.0160464924)
17031809200,2022-03-25,16:45,2022-03-25,17:00,896,3.5,17031010202,1,10,3.74,13.74,42.01604649,-87.67333378,POINT (-87.6733337784 42.0160464924)
17031809200,2022-03-03,16:30,2022-03-03,17:00,2228,13.2,17031081402,8,25,7.35,32.35,41.89197151,-87.61294541,POINT (-87.6129454143 41.8919715078)
17031809200,2022-03-31,18:15,2022-03-31,19:15,3628,14.3,17031838100,28,27.5,6.93,34.43,41.87866742,-87.67165362,POINT (-87.6716536214 41.8786674201)
17031809200,2022-03-03,7:30,2022-03-03,8:15,2642,13.8,17031242100,24,27.5,1.02,28.52,41.89967018,-87.6698378,POINT (-87.6698377982 41.8996701799)
17031809200,2022-03-12,15:30,2022-03-12,16:00,1859,11.9,17031081201,8,25,5.28,30.28,41.89915561,-87.62621053,POINT (-87.6262105324 41.8991556134)
17031809200,2022-03-21,10:45,2022-03-21,11:30,3295,28.9,17031980100,56,72.5,15.35,87.85,41.78599852,-87.75093429,POINT (-87.7509342894 41.785998518)
17031809200,2022-03-25,22:30,2022-03-25,23:00,1481,8.7,17031832100,6,15,6.26,24.26,41.95282292,-87.65324399,POINT (-87.6532439924 41.9528229157)
17031809200,2022-03-05,17:45,2022-03-05,18:45,4189,17.7,17031838100,28,70,0,70,41.87866742,-87.67165362,POINT (-87.6716536214 41.8786674201)
17031809200,2022-03-21,8:30,2022-03-21,9:15,2420,14.2,17031081700,8,22.5,8.17,30.67,41.89204214,-87.63186395,POINT (-87.6318639497 41.8920421365)
17031809200,2022-03-24,13:15,2022-03-24,13:30,1641,8.7,17031032100,3,10,5.05,15.05,41.95815488,-87.65302179,POINT (-87.6530217894 41.9581548757)
17031809200,2022-03-19,15:15,2022-03-19,15:45,2119,12.5,17031080300,8,22.5,5.99,28.49,41.90749193,-87.63576009,POINT (-87.6357600901 41.9074919303)
17031809200,2022-03-03,7:30,2022-03-03,8:00,1890,7.7,17031830700,3,17.5,4.8,22.3,41.95805593,-87.66038946,POINT (-87.6603894557 41.958055933)
17031809200,2022-03-03,7:30,2022-03-03,7:45,1274,5.9,17031040300,4,15,4.32,19.32,41.97681175,-87.70194107,POINT (-87.701941074 41.9768117505)
17031809200,2022-03-05,14:00,2022-03-05,15:00,3118,14.4,17031320100,32,32.5,1.02,33.52,41.88498719,-87.62099291,POINT (-87.6209929134 41.8849871918)
17031809200,2022-02-28,18:15,2022-02-28,18:30,1178,5.4,17031030500,77,15,1.02,19.02,41.98722556,-87.66493772,POINT (-87.6649377243 41.9872255578)
17031809200,2022-03-19,0:30,2022-03-19,0:45,687,3.4,17031010202,1,7.5,3.72,11.22,42.01604649,-87.67333378,POINT (-87.6733337784 42.0160464924)
17031809200,2022-03-04,21:30,2022-03-04,22:00,1918,18.3,17031980000,76,25,13.73,48.73,41.97907082,-87.90303966,POINT (-87.9030396611 41.9790708201)
17031809200,2022-03-19,15:15,2022-03-19,15:30,659,2.9,17031010201,1,7.5,3.59,14.09,42.01601056,-87.68016227,POINT (-87.680162272 42.0160105638)
17031809200,2022-03-05,14:00,2022-03-05,15:00,2963,13.5,17031081700,8,30,1.02,31.02,41.89204214,-87.63186395,POINT (-87.6318639497 41.8920421365)
17031809200,2022-03-08,10:45,2022-03-08,11:00,1205,6.8,17031830700,3,12.5,4,19.5,41.95805593,-87.66038946,POINT (-87.6603894557 41.958055933)
17031809200,2022-03-25,16:45,2022-03-25,17:00,1023,4.3,17031020702,2,17.5,1.02,18.52,41.99414365,-87.70489349,POINT (-87.7048934862 41.9941436461)
17031809200,2022-03-04,22:15,2022-03-04,22:15,676,3.9,17031010300,1,20,3.28,23.28,42.01593438,-87.66653628,POINT (-87.6665362779 42.0159343756)
17031809200,2022-03-17,20:30,2022-03-17,20:45,870,4.2,17031020302,2,10,1.02,11.02,42.00854076,-87.69496375,POINT (-87.6949637498 42.0085407611)
17031809200,2022-03-24,9:45,2022-03-24,10:15,2544,12.1,17031070500,7,27.5,1.02,28.52,41.9289459,-87.66089257,POINT (-87.6608925701 41.9289459041)
17031809200,2022-03-21,10:45,2022-03-21,11:15,1957,15,17031320400,32,20,8.35,28.35,41.87740612,-87.62197165,POINT (-87.6219716519 41.8774061234)
17031809200,2022-03-03,16:30,2022-03-03,16:45,727,3.3,17031010100,1,10,3.13,13.13,42.02122359,-87.66982477,POINT (-87.6698247721 42.0212235931)
17031809200,2022-03-06,21:00,2022-03-06,21:15,1053,6.2,17031040100,4,12.5,1.02,13.52,41.98333081,-87.68199354,POINT (-87.681993542 41.9833308063)
17031809200,2022-03-21,8:30,2022-03-21,8:45,1424,7.7,17031830700,3,15,4.94,19.94,41.95805593,-87.66038946,POINT (-87.6603894557 41.958055933)
17031809200,2022-05-02,19:00,2022-05-02,19:15,974,4.6,17031020500,2,12.5,1.24,13.74,42.00131325,-87.6841982,POINT (-87.684198195 42.0013132491)
17031809200,2022-03-04,22:15,2022-03-04,22:45,1243,5.9,17031030604,77,15,4.03,22.03,41.98547242,-87.65379353,POINT (-87.6537935286 41.9854724225)
17031809200,2022-03-04,22:15,2022-03-04,22:45,1140,5.6,17031030500,77,20,3.72,28.72,41.98722556,-87.66493772,POINT (-87.6649377243 41.9872255578)
17031809200,2022-03-25,22:30,2022-03-25,22:45,881,4.4,17031010300,1,12.5,1.02,13.52,42.01593438,-87.66653628,POINT (-87.6665362779 42.0159343756)
17031809200,2022-05-20,21:45,2022-05-20,22:00,657,3,17031020200,2,17.5,3.61,21.11,42.01569675,-87.69966304,POINT (-87.6996630419 42.0156967498)
17031809200,2022-03-15,17:15,2022-03-15,17:30,982,3.4,17031010702,1,10,4.73,16.73,42.00901823,-87.67272396,POINT (-87.6727239593 42.0090182269)
17031809200,2022-03-05,17:45,2022-03-05,18:15,1421,6.2,17031030900,77,20,3.87,23.87,41.97979555,-87.67144555,POINT (-87.6714455473 41.9797955506)
17031809200,2022-03-19,15:15,2022-03-19,15:45,2362,16.9,17031980000,76,42.5,6.61,54.11,41.97907082,-87.90303966,POINT (-87.9030396611 41.9790708201)
17031809200,2022-03-06,21:00,2022-03-06,21:30,2096,13.6,17031081500,8,20,5.7,25.7,41.89250778,-87.62621491,POINT (-87.6262149064 41.8925077809)
17031809200,2022-03-30,18:00,2022-03-30,18:00,580,3.1,17031010201,1,10,3.63,13.63,42.01601056,-87.68016227,POINT (-87.680162272 42.0160105638)
17031809200,2022-03-06,21:00,2022-03-06,21:15,968,4.6,17031010600,1,12.5,1.02,13.52,42.00627886,-87.66768361,POINT (-87.6676836101 42.0062788614)
17031809200,2022-03-10,8:45,2022-03-10,9:15,1741,16.2,17031980000,76,27.5,13.81,41.31,41.97907082,-87.90303966,POINT (-87.9030396611 41.9790708201)
17031809200,2022-03-12,15:30,2022-03-12,16:00,2390,11.3,17031242500,24,25,5.14,30.14,41.89944577,-87.68931919,POINT (-87.6893191901 41.8994457693)
17031809200,2022-03-15,17:15,2022-03-15,17:45,1552,7,17031040402,4,17.5,4.05,21.55,41.97256254,-87.67884597,POINT (-87.6788459662 41.9725625375)
17031809200,2022-02-03,19:45,2022-02-03,19:45,560,3.2,17031010201,1,7.5,3.07,10.57,42.01601056,-87.68016227,POINT (-87.680162272 42.0160105638)
17031809200,2022-02-22,22:00,2022-02-22,22:45,1980,13,17031081600,8,20,5.12,30.12,41.89207263,-87.62887416,POINT (-87.6288741572 41.8920726347)
17031809200,2021-12-30,18:30,2021-12-30,19:15,2347,18.1,17031330100,33,25,23.21,48.21,41.85934972,-87.61735801,POINT (-87.6173580061 41.859349715)
17031809200,2021-12-13,16:45,2021-12-13,17:30,2295,9.4,17031061901,6,17.5,5.33,22.83,41.94323712,-87.64347096,POINT (-87.6434709559 41.9432371225)
17031809200,2021-12-17,15:15,2021-12-17,16:00,2253,8.5,17031832000,6,32.5,1.02,33.52,41.94629454,-87.65429808,POINT (-87.6542980837 41.9462945357)
17031809200,2021-12-08,15:15,2021-12-08,15:30,671,3.2,17031010201,1,10,1.02,11.02,42.01601056,-87.68016227,POINT (-87.680162272 42.0160105638)
17031809200,2021-12-06,21:00,2021-12-06,21:30,1919,19.5,17031281900,28,25,1.02,26.02,41.87925508,-87.642649,POINT (-87.642648998 41.8792550844)
17031809200,2021-12-23,17:45,2021-12-23,18:30,2346,18,17031980000,76,25,11.68,36.68,41.97907082,-87.90303966,POINT (-87.9030396611 41.9790708201)
17031809200,2021-12-30,18:30,2021-12-30,18:45,1378,5.9,17031030900,77,12.5,3.62,16.12,41.97979555,-87.67144555,POINT (-87.6714455473 41.9797955506)
17031809200,2021-12-04,15:30,2021-12-04,16:15,2454,10.7,17031842300,24,22.5,4.64,32.14,41.89830587,-87.65361398,POINT (-87.6536139825 41.8983058696)
17031809200,2021-12-13,16:45,2021-12-13,17:30,2975,16.3,17031281900,28,35,1.02,36.02,41.87925508,-87.642649,POINT (-87.642648998 41.8792550844)
17031809200,2021-12-04,15:30,2021-12-04,16:00,2504,8.2,17031061100,6,20,4.12,24.12,41.94913977,-87.65680391,POINT (-87.6568039088 41.9491397709)
17031809200,2021-12-23,17:45,2021-12-23,18:15,1410,10.7,17031110502,11,20,4.63,24.63,41.97028889,-87.75985702,POINT (-87.759857019 41.970288894)
17031809200,2021-12-24,19:00,2021-12-24,19:30,1852,13.8,17031081403,8,27.5,1.02,28.52,41.89092203,-87.61886835,POINT (-87.6188683546 41.8909220259)
17031809200,2021-12-13,16:45,2021-12-13,17:00,1027,3.5,17031010702,1,10,3.66,13.66,42.00901823,-87.67272396,POINT (-87.6727239593 42.0090182269)
17031809200,2021-12-23,18:45,2021-12-23,19:00,1208,11.5,17031160200,16,22.5,5.22,27.72,41.95879786,-87.73839391,POINT (-87.7383939059 41.9587978628)
17031809200,2021-12-30,18:30,2021-12-30,19:00,2357,13.9,17031081600,8,22.5,7.05,29.55,41.89207263,-87.62887416,POINT (-87.6288741572 41.8920726347)
17031809200,2021-12-06,21:00,2021-12-06,21:30,1953,13.6,17031081403,8,27.5,1.02,32.52,41.89092203,-87.61886835,POINT (-87.6188683546 41.8909220259)
17031809200,2021-12-05,18:30,2021-12-05,18:45,904,4.1,17031010600,1,12.5,1.02,13.52,42.00627886,-87.66768361,POINT (-87.6676836101 42.0062788614)
17031809200,2021-12-12,12:00,2021-12-12,12:00,434,2.3,17031020200,2,7.5,2.86,10.36,42.01569675,-87.69966304,POINT (-87.6996630419 42.0156967498)
17031809200,2021-12-19,17:45,2021-12-19,18:30,2328,11.5,17031241400,24,20,4.79,24.79,41.90602597,-87.67531162,POINT (-87.6753116216 41.906025969)
17031809200,2022-02-11,21:00,2022-02-11,21:15,744,3.6,17031010701,1,10,3.84,13.84,42.00915006,-87.67861897,POINT (-87.67861897 42.0091500631)
17031809200,2021-12-23,18:45,2021-12-23,19:00,1120,5.1,17031010400,1,10,3.46,13.46,42.00476456,-87.65912243,POINT (-87.659122427 42.004764559)
17031809200,2021-12-06,21:00,2021-12-06,21:15,869,4.2,17031010300,1,10,3.26,13.26,42.01593438,-87.66653628,POINT (-87.6665362779 42.0159343756)
17031809200,2021-12-24,19:00,2021-12-24,19:15,822,3.2,17031020100,2,7.5,3.05,10.55,42.01571991,-87.68711599,POINT (-87.6871159899 42.0157199072)
17031809200,2021-12-08,15:15,2021-12-08,15:45,1529,6.2,17031030101,77,12.5,3.69,16.19,41.99123453,-87.65730427,POINT (-87.6573042698 41.9912345323)
17031809200,2021-12-19,17:45,2021-12-19,18:00,865,4.3,17031010702,1,10,3.29,13.29,42.00901823,-87.67272396,POINT (-87.6727239593 42.0090182269)
17031809200,2021-12-12,12:00,2021-12-12,12:30,1748,13,17031081402,8,25,5.12,30.12,41.89197151,-87.61294541,POINT (-87.6129454143 41.8919715078)
17031809200,2021-12-12,12:00,2021-12-12,12:15,835,4.3,17031010702,1,12.5,3.29,20.79,42.00901823,-87.67272396,POINT (-87.6727239593 42.0090182269)
17031809200,2021-12-25,16:30,2021-12-25,17:15,1985,19.3,17031081201,8,20,6.45,26.45,41.89915561,-87.62621053,POINT (-87.6262105324 41.8991556134)
17031809200,2021-12-25,16:30,2021-12-25,17:00,1713,18.5,17031980000,76,27.5,11.27,38.77,41.97907082,-87.90303966,POINT (-87.9030396611 41.9790708201)
17031809200,2021-12-23,18:45,2021-12-23,19:00,788,3.9,17031020602,2,10,1.02,11.02,42.00131592,-87.69363749,POINT (-87.6936374936 42.0013159243)
17031809200,2021-12-25,16:30,2021-12-25,17:00,1475,7.4,17031830800,4,22.5,1.02,23.52,41.96514171,-87.67657807,POINT (-87.6765780714 41.9651417087)
17031809200,2021-12-08,15:15,2021-12-08,15:30,895,4.5,17031010501,1,7.5,3.33,10.83,42.00941255,-87.66395821,POINT (-87.6639582144 42.0094125471)
17031809200,2021-12-27,17:45,2021-12-27,18:00,941,4.4,17031020500,2,12.5,1.02,13.52,42.00131325,-87.6841982,POINT (-87.684198195 42.0013132491)
17031809200,2022-01-08,23:00,2022-01-08,23:30,1252,6.5,17031030604,77,20,3.75,28.75,41.98547242,-87.65379353,POINT (-87.6537935286 41.9854724225)
17031809200,2022-01-22,22:30,2022-01-22,23:00,2003,19.9,17031833000,28,60,0,60,41.88528132,-87.6572332,POINT (-87.6572331997 41.8852813201)
17031809200,2022-01-22,22:30,2022-01-22,22:45,874,5.1,17031030500,77,17.5,3.46,20.96,41.98722556,-87.66493772,POINT (-87.6649377243 41.9872255578)
17031809200,2022-01-10,18:00,2022-01-10,18:15,1116,5.3,17031030500,77,15,1.02,20.02,41.98722556,-87.66493772,POINT (-87.6649377243 41.9872255578)
17031809200,2021-12-31,19:30,2021-12-31,20:00,1421,9.2,17031061800,6,20,4.33,24.33,41.94648976,-87.64711363,POINT (-87.647113634 41.946489764)
17031809200,2021-12-31,19:30,2021-12-31,20:15,2299,18.1,17031836400,36,22.5,6.62,29.12,41.82045691,-87.60069157,POINT (-87.6006915709 41.8204569069)
17031809200,2022-01-30,15:30,2022-01-30,16:00,1736,7.9,17031032100,3,15,4.2,22.2,41.95815488,-87.65302179,POINT (-87.6530217894 41.9581548757)
17031809200,2022-01-30,15:30,2022-01-30,16:00,1498,6.2,17031030604,77,12.5,5.73,18.23,41.98547242,-87.65379353,POINT (-87.6537935286 41.9854724225)
17031809200,2021-12-31,19:30,2021-12-31,20:00,1776,9.1,17031061902,6,25,4.3,29.3,41.94315509,-87.64069808,POINT (-87.640698076 41.9431550855)
17031809200,2021-12-31,22:15,2021-12-31,22:45,1262,7.9,17031160501,16,15,4.05,19.05,41.95921018,-87.71297317,POINT (-87.7129731725 41.9592101847)
17031809200,2022-01-19,16:45,2022-01-19,17:15,2142,13.3,17031081403,8,40,7.23,47.23,41.89092203,-87.61886835,POINT (-87.6188683546 41.8909220259)
17031809200,2022-01-19,16:45,2022-01-19,17:00,927,4.7,17031020702,2,15,1.02,16.02,41.99414365,-87.70489349,POINT (-87.7048934862 41.9941436461)
17031809200,2022-03-17,20:30,2022-03-17,20:45,716,3.4,17031010201,1,7.5,3.72,11.22,42.01601056,-87.68016227,POINT (-87.680162272 42.0160105638)
17031809200,2021-12-31,22:15,2021-12-31,22:30,865,4,17031830600,1,17.5,3.23,20.73,42.00169819,-87.67357403,POINT (-87.6735740325 42.0016981937)
17031809200,2022-01-30,15:30,2022-01-30,16:00,1890,12.5,17031081201,8,47.5,0,47.5,41.89915561,-87.62621053,POINT (-87.6262105324 41.8991556134)
17031809200,2021-12-31,22:15,2021-12-31,22:45,1301,7.3,17031031300,3,40,3.93,43.93,41.97292932,-87.65029007,POINT (-87.6502900743 41.9729293173)
17031809200,2022-01-10,18:00,2022-01-10,18:15,984,3.9,17031020602,2,10,1.02,11.02,42.00131592,-87.69363749,POINT (-87.6936374936 42.0013159243)
17031809200,2022-02-05,23:15,2022-02-05,23:45,1807,12.7,17031081800,8,30,5.05,35.05,41.89321636,-87.63784421,POINT (-87.6378442095 41.8932163595)
17031809200,2022-05-25,9:00,2022-05-25,9:30,2152,16.8,17031980000,76,30,14.96,53.96,41.97907082,-87.90303966,POINT (-87.9030396611 41.9790708201)
17031809200,2022-02-05,23:15,2022-02-05,23:45,1922,12.7,17031081800,8,30,5.73,35.73,41.89321636,-87.63784421,POINT (-87.6378442095 41.8932163595)
17031809200,2022-02-11,21:00,2022-02-11,21:15,1274,6.8,17031031200,3,15,3.82,18.82,41.97270955,-87.65734111,POINT (-87.6573411073 41.9727095466)
17031809200,2022-02-18,7:30,2022-02-18,7:45,1374,6.1,17031040300,4,40,5.84,45.84,41.97681175,-87.70194107,POINT (-87.701941074 41.9768117505)
17031809200,2022-02-26,21:15,2022-02-26,21:15,770,4.2,17031010702,1,10,3.35,13.35,42.00901823,-87.67272396,POINT (-87.6727239593 42.0090182269)
17031809200,2022-02-21,21:30,2022-02-21,22:00,1857,17.5,17031231500,23,22.5,6.07,28.57,41.8917542,-87.7186708,POINT (-87.7186707951 41.8917542026)
17031809200,2022-02-21,21:30,2022-02-21,21:45,1109,4.4,17031010201,1,12.5,1.02,13.52,42.01601056,-87.68016227,POINT (-87.680162272 42.0160105638)
17031809200,2022-02-05,23:15,2022-02-05,23:45,1224,5.6,17031030104,77,25,3.57,35.57,41.99715394,-87.65749879,POINT (-87.6574987907 41.9971539428)
17031809200,2022-02-19,21:00,2022-02-19,21:30,1657,16,17031051300,5,27.5,1.02,28.52,41.93598357,-87.67582193,POINT (-87.6758219283 41.935983574)
17031809200,2022-02-21,21:30,2022-02-21,22:15,2366,27.3,17031691100,69,35,1.02,36.02,41.76170238,-87.62987174,POINT (-87.6298717446 41.7617023786)
17031809200,2022-02-03,19:45,2022-02-03,20:00,753,4,17031020602,2,12.5,1.02,13.52,42.00131592,-87.69363749,POINT (-87.6936374936 42.0013159243)
17031809200,2022-02-22,22:00,2022-02-22,22:30,1688,16.3,17031832500,7,20,5.81,29.81,41.92187746,-87.66407824,POINT (-87.6640782395 41.9218774613)
17031809200,2022-02-18,7:30,2022-02-18,7:45,1117,4.8,17031020500,2,37.5,1.02,38.52,42.00131325,-87.6841982,POINT (-87.684198195 42.0013132491)
17031809200,2022-02-05,20:45,2022-02-05,21:15,1579,17.6,17031833000,28,25,6.08,31.08,41.88528132,-87.6572332,POINT (-87.6572331997 41.8852813201)
17031809200,2022-02-03,7:45,2022-02-03,8:30,2230,19.8,17031838200,28,32.5,6.88,39.38,41.870415,-87.67508562,POINT (-87.6750856208 41.8704150003)
17031809200,2022-05-13,18:15,2022-05-13,19:00,2215,16.9,17031980000,76,40,14.54,54.54,41.97907082,-87.90303966,POINT (-87.9030396611 41.9790708201)
17031809200,2022-02-19,21:00,2022-02-19,21:15,974,4.1,17031010702,1,10,3.25,13.25,42.00901823,-87.67272396,POINT (-87.6727239593 42.0090182269)
17031809200,2022-05-07,18:00,2022-05-07,18:30,1888,9.1,17031061000,6,20,7.56,27.56,41.94922091,-87.6519704,POINT (-87.6519703953 41.9492209135)
17031809200,2022-02-10,7:30,2022-02-10,8:15,1981,7.5,17031830700,3,17.5,4.66,22.16,41.95805593,-87.66038946,POINT (-87.6603894557 41.958055933)
17031809200,2022-02-05,23:15,2022-02-05,23:45,2555,14.9,17031081800,8,30,6.13,36.13,41.89321636,-87.63784421,POINT (-87.6378442095 41.8932163595)
17031809200,2022-02-05,19:45,2022-02-05,20:30,2100,12.7,17031081300,8,27.5,1.02,28.52,41.89833179,-87.62076287,POINT (-87.6207628651 41.8983317935)
17031809200,2022-02-18,7:30,2022-02-18,8:15,2747,13.3,17031222900,22,25,5.18,30.18,41.91554041,-87.72009936,POINT (-87.7200993558 41.9155404081)
17031809200,2022-02-21,16:45,2022-02-21,17:30,2188,16.4,17031980000,76,25,13.29,38.29,41.97907082,-87.90303966,POINT (-87.9030396611 41.9790708201)
17031809200,2022-02-05,22:00,2022-02-05,22:30,1451,15.6,17031240500,24,25,5.67,36.67,41.9119723,-87.68364292,POINT (-87.6836429218 41.9119723006)
17031809200,2022-02-26,21:15,2022-02-26,21:45,1798,18.8,17031081600,8,22.5,7.02,29.52,41.89207263,-87.62887416,POINT (-87.6288741572 41.8920726347)
17031809200,2022-02-05,22:00,2022-02-05,22:45,2358,13.4,17031080300,8,65,5.21,70.21,41.90749193,-87.63576009,POINT (-87.6357600901 41.9074919303)
17031809200,2022-02-21,16:45,2022-02-21,17:00,892,3.5,17031010702,1,10,1.02,13.02,42.00901823,-87.67272396,POINT (-87.6727239593 42.0090182269)
17031809200,2022-02-11,21:00,2022-02-11,21:30,1475,7.5,17031031400,3,15,3.98,18.98,41.96217863,-87.64537876,POINT (-87.6453787624 41.962178629)
17031809200,2022-02-19,21:00,2022-02-19,21:30,1818,18,17031081700,8,32.5,1.02,33.52,41.89204214,-87.63186395,POINT (-87.6318639497 41.8920421365)
17031809200,2022-02-22,22:00,2022-02-22,22:30,1444,16.7,17031832500,7,22.5,5.89,34.39,41.92187746,-87.66407824,POINT (-87.6640782395 41.9218774613)
17031809200,2022-02-05,23:15,2022-02-05,23:45,1784,12.6,17031081800,8,52.5,156.4,208.9,41.89321636,-87.63784421,POINT (-87.6378442095 41.8932163595)
17031809200,2022-02-10,7:30,2022-02-10,8:15,2797,17.8,17031838200,28,30,6.12,41.12,41.870415,-87.67508562,POINT (-87.6750856208 41.8704150003)
17031809200,2022-02-22,22:00,2022-02-22,22:45,2060,13.8,17031081403,8,27.5,5.29,40.79,41.89092203,-87.61886835,POINT (-87.6188683546 41.8909220259)
17031809200,2022-02-05,22:00,2022-02-05,22:30,1776,11.6,17031080300,8,30,5.29,42.29,41.90749193,-87.63576009,POINT (-87.6357600901 41.9074919303)
17031809200,2022-03-01,8:00,2022-03-01,8:30,1482,6.8,17031040201,4,15,4.51,19.51,41.9725808,-87.69400106,POINT (-87.6940010612 41.9725808001)
17031809200,2022-03-25,22:30,2022-03-25,23:00,1613,19.4,17031081800,8,20,7.7,27.7,41.89321636,-87.63784421,POINT (-87.6378442095 41.8932163595)
17031809200,2022-03-30,18:00,2022-03-30,18:15,943,3.5,17031010702,1,15,4.3,19.3,42.00901823,-87.67272396,POINT (-87.6727239593 42.0090182269)
17031809200,2022-03-10,8:45,2022-03-10,9:15,2434,16,17031330100,33,22.5,6.3,28.8,41.85934972,-87.61735801,POINT (-87.6173580061 41.859349715)
17031809200,2022-03-17,20:30,2022-03-17,20:45,1329,7.2,17031830700,3,20,1.02,21.02,41.95805593,-87.66038946,POINT (-87.6603894557 41.958055933)
17031809200,2022-03-01,8:00,2022-03-01,8:45,3057,15.1,17031839100,32,35,1.02,36.02,41.88099447,-87.63274649,POINT (-87.6327464887 41.8809944707)
17031809200,2022-03-10,8:45,2022-03-10,9:00,736,3.3,17031010202,1,10,3.14,13.14,42.01604649,-87.67333378,POINT (-87.6733337784 42.0160464924)
17031809200,2022-03-08,10:45,2022-03-08,11:15,1879,13.2,17031081401,8,25,1.02,26.02,41.89503345,-87.61971067,POINT (-87.6197106717 41.8950334495)
17031809200,2022-03-15,17:15,2022-03-15,17:30,991,4.8,17031010501,1,10,3.51,13.51,42.00941255,-87.66395821,POINT (-87.6639582144 42.0094125471)
17031809200,2022-03-24,13:15,2022-03-24,13:45,1709,12.4,17031161200,16,20,6.35,26.35,41.94255423,-87.73856923,POINT (-87.7385692263 41.9425542279)
17031809200,2022-03-19,0:30,2022-03-19,0:30,749,4.2,17031010702,1,12.5,1.02,13.52,42.00901823,-87.67272396,POINT (-87.6727239593 42.0090182269)
17031809200,2022-04-30,23:00,2022-04-30,23:15,1552,9.7,17031832000,6,35,5.29,40.29,41.94629454,-87.65429808,POINT (-87.6542980837 41.9462945357)
17031809200,2022-03-19,17:00,2022-03-19,17:30,2054,15.5,17031980000,76,27.5,15.46,42.96,41.97907082,-87.90303966,POINT (-87.9030396611 41.9790708201)
17031809200,2022-02-28,18:15,2022-02-28,19:15,2987,16.6,17031251500,25,27.5,6.46,33.96,41.89108542,-87.76034939,POINT (-87.7603493864 41.8910854233)
17031809200,2022-03-12,15:30,2022-03-12,16:00,1671,8.6,17031032100,3,17.5,4.64,22.14,41.95815488,-87.65302179,POINT (-87.6530217894 41.9581548757)
17031809200,2022-03-21,8:30,2022-03-21,9:15,2436,14.4,17031839100,32,32.5,8.22,40.72,41.88099447,-87.63274649,POINT (-87.6327464887 41.8809944707)
17031809200,2022-03-05,20:45,2022-03-05,21:00,873,4.3,17031010702,1,10,3.39,13.39,42.00901823,-87.67272396,POINT (-87.6727239593 42.0090182269)
17031809200,2022-07-02,19:00,2022-07-02,19:15,1236,5.9,17031030900,77,12.5,4.33,16.83,41.97979555,-87.67144555,POINT (-87.6714455473 41.9797955506)
17031809200,2022-04-09,23:00,2022-04-09,23:30,1582,7,17031040402,4,20,4.64,29.64,41.97256254,-87.67884597,POINT (-87.6788459662 41.9725625375)
17031809200,2022-04-22,19:15,2022-04-22,19:45,1756,8.4,17031062600,6,35,5.66,40.66,41.93598891,-87.67096638,POINT (-87.6709663837 41.9359889065)
17031809200,2022-04-09,22:45,2022-04-09,23:15,1641,18.5,17031833000,28,27.5,7.77,35.27,41.88528132,-87.6572332,POINT (-87.6572331997 41.8852813201)
17031809200,2022-04-07,19:15,2022-04-07,19:45,2239,10.5,17031060200,6,35,5.95,40.95,41.9579039,-87.67151801,POINT (-87.671518011 41.9579038971)
17031809200,2022-04-08,20:00,2022-04-08,20:15,1066,5.6,17031030900,77,20,4.27,24.27,41.97979555,-87.67144555,POINT (-87.6714455473 41.9797955506)
17031809200,2022-04-15,11:00,2022-04-15,12:00,3172,26.1,17031980100,56,30,14.38,44.38,41.78599852,-87.75093429,POINT (-87.7509342894 41.785998518)
17031809200,2022-07-21,15:30,2022-07-21,16:15,2983,13.5,17031081401,8,20,8.57,31.57,41.89503345,-87.61971067,POINT (-87.6197106717 41.8950334495)
17031809200,2022-04-25,6:30,2022-04-25,7:00,2138,19.3,17031081700,8,27.5,1.24,28.74,41.89204214,-87.63186395,POINT (-87.6318639497 41.8920421365)
17031809200,2022-04-02,23:15,2022-04-02,23:45,1756,18.9,17031841900,28,27.5,7.59,35.09,41.86790242,-87.64295867,POINT (-87.6429586652 41.8679024175)
17031809200,2022-04-24,0:30,2022-04-24,1:00,1431,15.1,17031831000,22,45,0,49,41.91600527,-87.67509512,POINT (-87.6750951155 41.9160052737)
17031809200,2022-04-10,3:00,2022-04-10,3:15,697,4.1,17031020802,2,10,4.08,14.08,41.99405982,-87.69463072,POINT (-87.6946307194 41.994059824)
17031809200,2022-04-20,16:30,2022-04-20,16:45,1236,4.3,17031010600,1,17.5,1.24,18.74,42.00627886,-87.66768361,POINT (-87.6676836101 42.0062788614)
17031809200,2022-04-11,11:45,2022-04-11,12:00,1070,5.6,17031831800,13,15,1.24,16.24,41.97829425,-87.71643042,POINT (-87.7164304157 41.9782942489)
17031809200,2022-04-01,23:45,2022-04-02,0:15,1655,9.4,17031060900,6,17.5,1.24,18.74,41.94982935,-87.64396537,POINT (-87.6439653703 41.949829346)
17031809200,2022-04-24,0:00,2022-04-24,0:15,1220,6.3,17031040100,4,15,5.3,25.3,41.98333081,-87.68199354,POINT (-87.681993542 41.9833308063)
17031809200,2022-04-22,9:00,2022-04-22,9:30,2019,15.9,17031980000,76,27.5,14.28,41.78,41.97907082,-87.90303966,POINT (-87.9030396611 41.9790708201)
17031809200,2022-04-20,16:00,2022-04-20,16:45,3173,12.7,17031241500,24,25,1.24,31.24,41.90837867,-87.67094508,POINT (-87.6709450752 41.9083786693)
17031809200,2022-04-22,20:00,2022-04-22,20:30,1707,12.6,17031150401,15,20,6.02,26.02,41.96456804,-87.77226499,POINT (-87.7722649905 41.9645680449)
17031809200,2022-04-09,22:45,2022-04-09,23:15,1633,12.8,17031081800,8,27.5,6.07,41.57,41.89321636,-87.63784421,POINT (-87.6378442095 41.8932163595)
17031809200,2022-04-17,16:45,2022-04-17,17:15,1726,9.7,17031063302,6,17.5,5.29,22.79,41.93476246,-87.63985386,POINT (-87.6398538587 41.9347624564)
17031809200,2022-04-08,20:00,2022-04-08,20:15,736,3.6,17031010201,1,15,6.02,23.02,42.01601056,-87.68016227,POINT (-87.680162272 42.0160105638)
17031809200,2022-04-03,18:15,2022-04-03,18:45,1162,6.3,17031140200,14,12.5,4.45,16.95,41.97024498,-87.71343533,POINT (-87.7134353285 41.9702449819)
17031809200,2022-04-20,16:30,2022-04-20,16:45,805,3.2,17031010201,1,10,3.67,13.67,42.01601056,-87.68016227,POINT (-87.680162272 42.0160105638)
17031809200,2022-04-09,22:45,2022-04-09,23:00,808,3,17031010201,1,27.5,1.24,28.74,42.01601056,-87.68016227,POINT (-87.680162272 42.0160105638)
17031809200,2022-04-24,1:30,2022-04-24,1:45,1163,6.2,17031040100,4,15,4.41,19.41,41.98333081,-87.68199354,POINT (-87.681993542 41.9833308063)
17031809200,2022-04-24,0:15,2022-04-24,0:30,1413,16.1,17031831000,22,35,1.24,36.24,41.91600527,-87.67509512,POINT (-87.6750951155 41.9160052737)
17031809200,2022-04-15,11:00,2022-04-15,11:30,1981,13.6,17031081402,8,17.5,11.26,28.76,41.89197151,-87.61294541,POINT (-87.6129454143 41.8919715078)
17031809200,2022-04-22,9:00,2022-04-22,9:15,887,4,17031010202,1,10,3.87,13.87,42.01604649,-87.67333378,POINT (-87.6733337784 42.0160464924)
17031809200,2022-04-24,0:45,2022-04-24,1:00,1231,7.5,17031140602,14,15,4.81,19.81,41.96465235,-87.72101677,POINT (-87.7210167687 41.964652354)
17031809200,2022-04-24,0:00,2022-04-24,0:15,1348,7.5,17031060200,6,17.5,1.24,18.74,41.9579039,-87.67151801,POINT (-87.671518011 41.9579038971)
17031809200,2022-04-20,16:00,2022-04-20,17:00,3260,15.5,17031833000,28,27.5,8.49,35.99,41.88528132,-87.6572332,POINT (-87.6572331997 41.8852813201)
17031809200,2022-04-23,22:00,2022-04-23,22:30,1682,8.9,17031832100,6,27.5,5.07,40.57,41.95282292,-87.65324399,POINT (-87.6532439924 41.9528229157)
17031809200,2022-04-13,16:30,2022-04-13,17:15,3311,15.1,17031283800,28,25,7.07,32.07,41.86342268,-87.65375662,POINT (-87.6537566193 41.8634226841)
17031809200,2022-04-01,23:45,2022-04-02,0:00,962,4.9,17031830600,1,10,4.09,19.09,42.00169819,-87.67357403,POINT (-87.6735740325 42.0016981937)
17031809200,2022-04-08,23:00,2022-04-08,23:30,1526,18.3,17031081800,8,57.5,8.74,66.24,41.89321636,-87.63784421,POINT (-87.6378442095 41.8932163595)
17031809200,2022-04-24,1:30,2022-04-24,2:00,1292,6.3,17031040100,4,17.5,1.24,18.74,41.98333081,-87.68199354,POINT (-87.681993542 41.9833308063)
17031809200,2022-04-15,17:30,2022-04-15,18:00,1834,16.3,17031980000,76,45,6.86,51.86,41.97907082,-87.90303966,POINT (-87.9030396611 41.9790708201)
17031809200,2022-03-31,22:15,2022-03-31,22:30,1217,5.7,17031030604,77,12.5,4.3,18.8,41.98547242,-87.65379353,POINT (-87.6537935286 41.9854724225)
17031809200,2022-07-12,14:30,2022-07-12,14:45,674,3.5,17031010201,1,7.5,3.84,11.34,42.01601056,-87.68016227,POINT (-87.680162272 42.0160105638)
17031809200,2022-04-22,19:00,2022-04-22,19:15,815,4,17031010300,1,25,3.85,28.85,42.01593438,-87.66653628,POINT (-87.6665362779 42.0159343756)
17031809200,2022-04-24,0:45,2022-04-24,1:00,1394,16.6,17031241500,24,20,7.01,27.01,41.90837867,-87.67094508,POINT (-87.6709450752 41.9083786693)
17031809200,2022-04-15,23:15,2022-04-15,23:30,860,5.1,17031010502,1,12.5,1.24,16.74,42.00451749,-87.66332786,POINT (-87.6633278588 42.0045174875)
17031809200,2022-04-22,20:00,2022-04-22,20:15,566,2.8,17031020400,2,12.5,3.57,16.07,42.00848701,-87.68591313,POINT (-87.6859131333 42.0084870082)
17031809200,2022-04-24,1:30,2022-04-24,1:45,1028,5.6,17031030500,77,22.5,1.24,26.74,41.98722556,-87.66493772,POINT (-87.6649377243 41.9872255578)
17031809200,2022-04-24,0:15,2022-04-24,0:45,1769,18.5,17031081500,8,55,1.24,56.24,41.89250778,-87.62621491,POINT (-87.6262149064 41.8925077809)
17031809200,2022-04-24,0:15,2022-04-24,0:45,1350,8.3,17031843700,5,32.5,5.69,38.19,41.94481375,-87.69077501,POINT (-87.6907750098 41.9448137543)
17031809200,2022-04-15,17:30,2022-04-15,18:00,1142,10,17031110502,11,22.5,5.37,27.87,41.97028889,-87.75985702,POINT (-87.759857019 41.970288894)
17031809200,2022-04-09,18:30,2022-04-09,18:45,1069,5.2,17031010400,1,15,1.24,16.24,42.00476456,-87.65912243,POINT (-87.659122427 42.004764559)
17031809200,2022-04-25,6:30,2022-04-25,7:00,1849,16.5,17031980000,76,25,6.84,36.84,41.97907082,-87.90303966,POINT (-87.9030396611 41.9790708201)
17031809200,2022-04-09,18:30,2022-04-09,19:15,2652,26.9,17031420400,42,45,9.57,54.57,41.78317086,-87.60355889,POINT (-87.6035588871 41.783170859)
17031809200,2022-07-14,12:15,2022-07-14,13:00,2469,13,17031081401,8,17.5,7.87,25.37,41.89503345,-87.61971067,POINT (-87.6197106717 41.8950334495)
17031809200,2022-04-09,23:00,2022-04-09,23:15,900,6.3,17031140200,14,17.5,6.54,24.04,41.97024498,-87.71343533,POINT (-87.7134353285 41.9702449819)
17031809200,2022-04-15,11:00,2022-04-15,11:45,2374,14.2,17031190601,19,27.5,1.24,28.74,41.92741486,-87.7804607,POINT (-87.7804606984 41.9274148582)
17031809200,2022-04-01,19:30,2022-04-01,19:45,591,2.9,17031020200,2,10,3.6,13.6,42.01569675,-87.69966304,POINT (-87.6996630419 42.0156967498)
17031809200,2022-04-24,0:30,2022-04-24,1:00,1165,6.7,17031040700,4,15,4.52,19.52,41.96680635,-87.6940201,POINT (-87.6940200973 41.9668063463)
17031809200,2022-04-09,23:00,2022-04-09,23:15,777,4.3,17031830600,1,15,5.32,20.32,42.00169819,-87.67357403,POINT (-87.6735740325 42.0016981937)
17031809200,2022-04-22,19:15,2022-04-22,20:00,2805,15.9,17031330100,33,27.5,6.82,34.32,41.85934972,-87.61735801,POINT (-87.6173580061 41.859349715)
17031809200,2022-04-24,0:00,2022-04-24,0:30,1910,13,17031081500,8,22.5,6.1,32.6,41.89250778,-87.62621491,POINT (-87.6262149064 41.8925077809)
17031809200,2022-04-01,19:30,2022-04-01,20:00,1559,6.7,17031031200,3,20,4.53,24.53,41.97270955,-87.65734111,POINT (-87.6573411073 41.9727095466)
17031809200,2022-04-24,0:15,2022-04-24,1:00,2322,15.5,17031280100,28,62.5,1.24,76.74,41.88530002,-87.64280847,POINT (-87.6428084655 41.8853000224)
17031809200,2022-04-24,0:15,2022-04-24,1:00,2077,8.6,17031061100,6,45,0,45,41.94913977,-87.65680391,POINT (-87.6568039088 41.9491397709)
17031809200,2022-04-01,23:45,2022-04-02,0:15,1594,8.3,17031832000,6,15,5.46,20.46,41.94629454,-87.65429808,POINT (-87.6542980837 41.9462945357)
17031809200,2022-04-08,23:00,2022-04-08,23:15,1045,4,17031010300,1,17.5,1.24,18.74,42.01593438,-87.66653628,POINT (-87.6665362779 42.0159343756)
17031809200,2022-04-26,9:45,2022-04-26,10:15,1275,6.5,17031030500,77,12.5,4.48,18.98,41.98722556,-87.66493772,POINT (-87.6649377243 41.9872255578)
17031809200,2022-04-08,14:00,2022-04-08,14:45,2515,20.8,17031980000,76,15,14.75,29.75,41.97907082,-87.90303966,POINT (-87.9030396611 41.9790708201)
17031809200,2022-04-01,19:30,2022-04-01,20:00,1792,11,17031070103,7,20,5.61,25.61,41.92681118,-87.64260525,POINT (-87.6426052473 41.9268111821)
17031809200,2022-04-17,16:45,2022-04-17,17:15,1780,17.4,17031241500,24,20,7.21,27.21,41.90837867,-87.67094508,POINT (-87.6709450752 41.9083786693)
17031809200,2022-04-24,0:15,2022-04-24,0:45,2119,20,17031081500,8,47.5,7.86,55.36,41.89250778,-87.62621491,POINT (-87.6262149064 41.8925077809)
17031809200,2022-04-24,0:15,2022-04-24,0:45,1956,12.4,17031080300,8,45,1.24,51.24,41.90749193,-87.63576009,POINT (-87.6357600901 41.9074919303)
17031809200,2022-04-11,11:45,2022-04-11,12:30,2474,15.5,17031980000,76,25,11.72,43.72,41.97907082,-87.90303966,POINT (-87.9030396611 41.9790708201)
17031809200,2022-04-24,0:15,2022-04-24,0:45,2048,15.2,17031320600,32,37.5,7.55,50.05,41.87060737,-87.62217294,POINT (-87.6221729369 41.8706073724)
17031809200,2022-04-24,0:15,2022-04-24,1:00,2210,18.7,17031081403,8,60,1.24,61.24,41.89092203,-87.61886835,POINT (-87.6188683546 41.8909220259)
17031809200,2022-04-24,0:15,2022-04-24,0:45,1643,19.7,17031081700,8,70,8.05,78.05,41.89204214,-87.63186395,POINT (-87.6318639497 41.8920421365)
17031809200,2022-04-22,19:00,2022-04-22,19:30,2015,9.6,17031062700,6,27.5,5.26,32.76,41.93608654,-87.66611069,POINT (-87.6661106945 41.9360865352)
17031809200,2022-04-24,0:30,2022-04-24,1:00,2238,14,17031320100,32,22.5,6.36,32.86,41.88498719,-87.62099291,POINT (-87.6209929134 41.8849871918)
17031809200,2022-04-09,18:30,2022-04-09,19:15,2632,12.9,17031320100,32,35,6.09,47.09,41.88498719,-87.62099291,POINT (-87.6209929134 41.8849871918)
17031809200,2022-04-15,23:15,2022-04-15,23:30,1498,12.2,17031080202,8,22.5,5.9,32.4,41.90585777,-87.63086503,POINT (-87.6308650266 41.9058577688)
17031809200,2022-04-02,23:15,2022-04-02,23:30,640,3.2,17031010201,1,15,1.24,16.24,42.01601056,-87.68016227,POINT (-87.680162272 42.0160105638)
17031809200,2022-04-07,19:15,2022-04-07,19:45,1840,8.7,17031060200,6,32.5,6,38.5,41.9579039,-87.67151801,POINT (-87.671518011 41.9579038971)
17031809200,2022-04-01,23:45,2022-04-02,0:00,1637,17.5,17031842200,8,27.5,1.24,28.74,41.9049353,-87.64990723,POINT (-87.6499072264 41.9049353016)
17031809200,2022-04-24,0:15,2022-04-24,1:00,1903,11.6,17031070200,7,30,6.57,36.57,41.92907766,-87.64629348,POINT (-87.6462934762 41.9290776551)
17031809200,2022-04-23,14:00,2022-04-23,14:30,2107,17.4,17031833000,28,22.5,7.21,29.71,41.88528132,-87.6572332,POINT (-87.6572331997 41.8852813201)
17031809200,2022-04-24,0:15,2022-04-24,0:45,1764,13.1,17031081401,8,32.5,6.99,39.49,41.89503345,-87.61971067,POINT (-87.6197106717 41.8950334495)
17031809200,2022-04-24,0:15,2022-04-24,0:45,1821,11.9,17031070200,7,32.5,1.24,33.74,41.92907766,-87.64629348,POINT (-87.6462934762 41.9290776551)
17031809200,2022-04-15,23:15,2022-04-15,23:30,1127,6.9,17031140701,14,17.5,4.59,22.09,41.96677494,-87.71084821,POINT (-87.7108482084 41.9667749433)
17031809200,2022-04-22,20:00,2022-04-22,20:30,1742,10,17031062100,6,17.5,5.36,22.86,41.94269184,-87.65177051,POINT (-87.6517705068 41.9426918444)
17031809200,2022-04-22,22:15,2022-04-22,23:00,2200,19.4,17031081100,8,47.5,0,47.5,41.9002213,-87.62910519,POINT (-87.6291051864 41.9002212967)
17031809200,2022-04-23,14:00,2022-04-23,14:15,973,4.3,17031020602,2,15,3.94,18.94,42.00131592,-87.69363749,POINT (-87.6936374936 42.0013159243)
17031809200,2022-04-23,14:00,2022-04-23,14:45,2347,11.8,17031071500,7,22.5,5.81,28.31,41.91461629,-87.63171737,POINT (-87.6317173661 41.9146162864)
17031809200,2022-04-15,17:30,2022-04-15,18:15,2227,13.4,17031081300,8,27.5,1.24,32.74,41.89833179,-87.62076287,POINT (-87.6207628651 41.8983317935)
17031809200,2022-03-31,22:15,2022-03-31,22:45,1616,9.6,17031063000,6,17.5,5.65,23.15,41.93631013,-87.65156259,POINT (-87.6515625922 41.9363101308)
17031809200,2022-04-24,0:15,2022-04-24,0:45,2099,12.9,17031081201,8,37.5,1.24,38.74,41.89915561,-87.62621053,POINT (-87.6262105324 41.8991556134)
17031809200,2022-04-23,22:00,2022-04-23,22:45,2335,16.4,17031063000,6,37.5,7.54,45.04,41.93631013,-87.65156259,POINT (-87.6515625922 41.9363101308)
17031809200,2022-04-24,0:00,2022-04-24,0:30,1702,8.4,17031061100,6,17.5,4.97,22.47,41.94913977,-87.65680391,POINT (-87.6568039088 41.9491397709)
17031809200,2022-04-17,16:45,2022-04-17,17:00,1161,5.9,17031040202,4,10,4.34,14.34,41.97985531,-87.69409602,POINT (-87.6940960217 41.9798553089)
17031809200,2022-04-22,9:00,2022-04-22,9:45,2007,15.8,17031980000,76,25,13.12,38.12,41.97907082,-87.90303966,POINT (-87.9030396611 41.9790708201)
17031809200,2022-04-20,16:00,2022-04-20,16:15,1425,4.6,17031830600,1,12.5,1.24,13.74,42.00169819,-87.67357403,POINT (-87.6735740325 42.0016981937)
17031809200,2022-04-20,16:30,2022-04-20,17:00,1994,6.3,17031030601,77,17.5,1.24,21.74,41.98870402,-87.65723483,POINT (-87.6572348282 41.9887040216)
17031809200,2022-04-01,23:45,2022-04-02,0:15,1664,8.5,17031160601,16,17.5,4.99,22.49,41.95952679,-87.70209854,POINT (-87.7020985409 41.9595267906)
17031809200,2022-03-31,18:15,2022-03-31,19:00,2474,13.3,17031081800,8,15,8,33,41.89321636,-87.63784421,POINT (-87.6378442095 41.8932163595)
17031809200,2022-04-24,0:00,2022-04-24,0:30,1313,16,17031831000,22,25,1.24,26.24,41.91600527,-87.67509512,POINT (-87.6750951155 41.9160052737)
17031809200,2022-04-10,3:00,2022-04-10,3:30,1483,17.5,17031081500,8,22.5,7.25,29.75,41.89250778,-87.62621491,POINT (-87.6262149064 41.8925077809)
17031809200,2022-04-10,3:00,2022-04-10,3:30,1196,7.1,17031031200,3,15,4.64,19.64,41.97270955,-87.65734111,POINT (-87.6573411073 41.9727095466)
17031809200,2022-03-31,22:15,2022-03-31,22:30,828,4.4,17031020802,2,10,3.97,13.97,41.99405982,-87.69463072,POINT (-87.6946307194 41.994059824)
17031809200,2022-04-13,16:30,2022-04-13,17:15,3153,14.3,17031833000,28,52.5,8.45,60.95,41.88528132,-87.6572332,POINT (-87.6572331997 41.8852813201)
17031809200,2022-04-30,23:15,2022-04-30,23:45,1915,18,17031280100,28,37.5,1.24,38.74,41.88530002,-87.64280847,POINT (-87.6428084655 41.8853000224)
17031809200,2022-05-13,22:30,2022-05-13,23:00,1963,14.8,17031230700,23,27.5,1.24,28.74,41.90632271,-87.72153829,POINT (-87.7215382944 41.9063227109)
17031809200,2022-05-22,12:45,2022-05-22,13:30,2786,17.2,17031980000,76,55,17.01,72.01,41.97907082,-87.90303966,POINT (-87.9030396611 41.9790708201)
17031809200,2022-05-13,22:30,2022-05-13,23:15,2141,13.5,17031081800,8,22.5,6.23,28.73,41.89321636,-87.63784421,POINT (-87.6378442095 41.8932163595)
17031809200,2022-05-13,18:15,2022-05-13,18:45,1845,7.3,17031830700,3,25,4.8,29.8,41.95805593,-87.66038946,POINT (-87.6603894557 41.958055933)
17031809200,2022-05-16,14:00,2022-05-16,14:30,1755,8.3,17031032100,3,15,5.06,20.06,41.95815488,-87.65302179,POINT (-87.6530217894 41.9581548757)
17031809200,2022-04-30,18:00,2022-04-30,18:30,1680,7.9,17031160800,16,15,5.35,20.35,41.9502121,-87.71281423,POINT (-87.7128142315 41.9502120955)
17031809200,2022-04-30,23:00,2022-04-30,23:30,1795,11.3,17031070200,7,32.5,5.68,38.18,41.92907766,-87.64629348,POINT (-87.6462934762 41.9290776551)
17031809200,2022-05-20,18:45,2022-05-20,19:00,538,2.8,17031010201,1,10,3.55,13.55,42.01601056,-87.68016227,POINT (-87.680162272 42.0160105638)
17031809200,2022-05-08,13:00,2022-05-08,13:30,2318,18.8,17031839100,32,32.5,1.24,38.74,41.88099447,-87.63274649,POINT (-87.6327464887 41.8809944707)
17031809200,2022-05-30,1:00,2022-05-30,1:15,788,4.2,17031020901,2,10,3.9,13.9,41.99422523,-87.68607688,POINT (-87.6860768812 41.9942252345)
17031809200,2022-05-30,1:00,2022-05-30,1:15,1308,7.8,17031830700,3,12.5,5.65,19.15,41.95805593,-87.66038946,POINT (-87.6603894557 41.958055933)
17031809200,2022-05-12,21:00,2022-05-12,21:45,1852,15.8,17031980000,76,25,14.25,39.25,41.97907082,-87.90303966,POINT (-87.9030396611 41.9790708201)
17031809200,2022-05-20,21:45,2022-05-20,22:00,553,3,17031020200,2,17.5,4.03,24.53,42.01569675,-87.69966304,POINT (-87.6996630419 42.0156967498)
17031809200,2022-04-30,18:00,2022-04-30,18:15,849,4.1,17031010300,1,12.5,3.89,16.39,42.01593438,-87.66653628,POINT (-87.6665362779 42.0159343756)
17031809200,2022-05-02,19:00,2022-05-02,19:15,915,4.4,17031010701,1,15,1.24,16.24,42.00915006,-87.67861897,POINT (-87.67861897 42.0091500631)
17031809200,2022-05-02,19:15,2022-05-02,19:45,1572,7.3,17031050200,5,15,4.69,19.69,41.95773557,-87.6837181,POINT (-87.683718102 41.957735565)
17031809200,2022-04-30,23:15,2022-04-30,23:45,1911,11.5,17031070200,7,30,5.73,35.73,41.92907766,-87.64629348,POINT (-87.6462934762 41.9290776551)
17031809200,2022-05-12,12:15,2022-05-12,12:30,1580,13,17031150300,15,17.5,6.79,24.29,41.96051822,-87.76228598,POINT (-87.7622859818 41.9605182177)
17031809200,2022-05-28,20:45,2022-05-28,21:15,1914,16.7,17031242600,24,27.5,1.24,33.74,41.90056038,-87.69419737,POINT (-87.6941973701 41.9005603836)
17031809200,2022-05-22,12:45,2022-05-22,13:30,2644,15.2,17031320600,32,27.5,6.65,34.15,41.87060737,-87.62217294,POINT (-87.6221729369 41.8706073724)
17031809200,2022-05-06,17:30,2022-05-06,18:00,2335,16.6,17031980000,76,50,14.72,64.72,41.97907082,-87.90303966,POINT (-87.9030396611 41.9790708201)
17031809200,2022-05-22,12:45,2022-05-22,13:15,2139,12.7,17031081300,8,70,0,73,41.89833179,-87.62076287,POINT (-87.6207628651 41.8983317935)
17031809200,2022-05-08,17:30,2022-05-08,17:45,1061,4.6,17031010300,1,12.5,4.05,16.55,42.01593438,-87.66653628,POINT (-87.6665362779 42.0159343756)
17031809200,2022-05-12,21:00,2022-05-12,21:15,1046,5.5,17031030500,77,12.5,4.43,16.93,41.98722556,-87.66493772,POINT (-87.6649377243 41.9872255578)
17031809200,2022-05-08,17:30,2022-05-08,18:15,1988,8.1,17031061100,6,15,4.9,22.9,41.94913977,-87.65680391,POINT (-87.6568039088 41.9491397709)
17031809200,2022-05-30,1:00,2022-05-30,1:30,1606,10.8,17031062100,6,15,5.57,20.57,41.94269184,-87.65177051,POINT (-87.6517705068 41.9426918444)
17031809200,2022-05-28,20:45,2022-05-28,21:30,1872,19.2,17031839000,32,22.5,7.84,30.34,41.87101588,-87.63140653,POINT (-87.6314065252 41.8710158803)
17031809200,2022-05-20,21:45,2022-05-20,22:00,552,3,17031020200,2,15,3.61,18.61,42.01569675,-87.69966304,POINT (-87.6996630419 42.0156967498)
17031809200,2022-05-08,0:30,2022-05-08,1:00,2551,8.6,17031031400,3,15,5,25,41.96217863,-87.64537876,POINT (-87.6453787624 41.962178629)
17031809200,2022-05-14,19:00,2022-05-14,19:30,2411,22.5,17031330100,33,40,8.49,48.49,41.85934972,-87.61735801,POINT (-87.6173580061 41.859349715)
17031809200,2022-05-02,19:15,2022-05-02,19:45,1745,18,17031833000,28,32.5,9.58,42.08,41.88528132,-87.6572332,POINT (-87.6572331997 41.8852813201)
17031809200,2022-05-06,17:30,2022-05-06,18:00,1823,8.2,17031110502,11,17.5,4.91,22.41,41.97028889,-87.75985702,POINT (-87.759857019 41.970288894)
17031809200,2022-05-20,18:45,2022-05-20,19:15,2092,11.2,17031071400,7,22.5,5.66,28.16,41.92208254,-87.63415609,POINT (-87.6341560931 41.922082541)
17031809200,2022-05-20,18:45,2022-05-20,19:00,1675,6.2,17031030900,77,15,4.41,22.41,41.97979555,-87.67144555,POINT (-87.6714455473 41.9797955506)
17031809200,2022-05-14,19:00,2022-05-14,19:45,2280,16.3,17031231500,23,22.5,6.93,29.43,41.8917542,-87.7186708,POINT (-87.7186707951 41.8917542026)
17031809200,2022-05-18,17:15,2022-05-18,17:45,1544,6.2,17031040100,4,15,1.24,16.24,41.98333081,-87.68199354,POINT (-87.681993542 41.9833308063)
17031809200,2022-04-30,23:15,2022-04-30,23:30,1339,7.2,17031060100,6,27.5,4.92,32.42,41.95753092,-87.66661144,POINT (-87.6666114405 41.957530922)
17031809200,2022-05-20,18:45,2022-05-20,18:45,681,3.3,17031010201,1,10,3.85,13.85,42.01601056,-87.68016227,POINT (-87.680162272 42.0160105638)
17031809200,2022-05-25,9:00,2022-05-25,10:00,3632,19.4,17031980000,76,32.5,12.97,54.47,41.97907082,-87.90303966,POINT (-87.9030396611 41.9790708201)
17031809200,2022-05-18,17:15,2022-05-18,18:00,2497,16.6,17031980000,76,25,15.53,40.53,41.97907082,-87.90303966,POINT (-87.9030396611 41.9790708201)
17031809200,2022-04-30,23:30,2022-05-01,0:00,1888,19.6,17031081401,8,50,1.24,51.24,41.89503345,-87.61971067,POINT (-87.6197106717 41.8950334495)
17031809200,2022-05-08,0:30,2022-05-08,0:45,793,4.4,17031020400,2,10,3.95,13.95,42.00848701,-87.68591313,POINT (-87.6859131333 42.0084870082)
17031809200,2022-04-30,18:00,2022-04-30,18:45,2856,16.1,17031839000,32,47.5,6.89,54.39,41.87101588,-87.63140653,POINT (-87.6314065252 41.8710158803)
17031809200,2022-05-20,21:45,2022-05-20,22:00,645,3,17031020200,2,22.5,3.87,37.37,42.01569675,-87.69966304,POINT (-87.6996630419 42.0156967498)
17031809200,2022-05-08,0:30,2022-05-08,1:15,2223,21.1,17031282700,28,25,8.13,46.13,41.8713514,-87.6886749,POINT (-87.6886749004 41.8713514005)
17031809200,2022-04-30,23:30,2022-04-30,23:45,723,3,17031010201,1,25,3.61,28.61,42.01601056,-87.68016227,POINT (-87.680162272 42.0160105638)
17031809200,2022-05-24,18:15,2022-05-24,19:00,2246,16.3,17031980000,76,75,5.56,80.56,41.97907082,-87.90303966,POINT (-87.9030396611 41.9790708201)
17031809200,2022-05-06,17:30,2022-05-06,18:00,1525,6.2,17031030101,77,17.5,1.24,18.74,41.99123453,-87.65730427,POINT (-87.6573042698 41.9912345323)
17031809200,2022-04-30,23:15,2022-04-30,23:45,1752,13.8,17031081402,8,42.5,6.3,48.8,41.89197151,-87.61294541,POINT (-87.6129454143 41.8919715078)
17031809200,2022-05-14,19:00,2022-05-14,19:15,1547,7.9,17031031300,3,20,4.94,24.94,41.97292932,-87.65029007,POINT (-87.6502900743 41.9729293173)
17031809200,2022-05-28,20:45,2022-05-28,21:15,1602,14.1,17031220300,22,22.5,1.24,28.74,41.92846498,-87.69508667,POINT (-87.6950866748 41.9284649843)
17031809200,2022-05-13,18:15,2022-05-13,18:30,989,4.3,17031010300,1,15,3.93,18.93,42.01593438,-87.66653628,POINT (-87.6665362779 42.0159343756)
17031809200,2022-05-23,10:00,2022-05-23,10:15,892,3.7,17031010202,1,12.5,1.24,13.74,42.01604649,-87.67333378,POINT (-87.6733337784 42.0160464924)
17031809200,2022-04-30,23:00,2022-04-30,23:30,1794,10.1,17031832000,6,45,5.64,50.64,41.94629454,-87.65429808,POINT (-87.6542980837 41.9462945357)
17031809200,2022-05-16,14:00,2022-05-16,14:45,2492,16.6,17031980000,76,22.5,14.46,36.96,41.97907082,-87.90303966,POINT (-87.9030396611 41.9790708201)
17031809200,2022-05-07,18:00,2022-05-07,18:30,2110,10.1,17031061000,6,25,5.38,30.38,41.94922091,-87.6519704,POINT (-87.6519703953 41.9492209135)
17031809200,2022-05-24,18:15,2022-05-24,19:15,3595,15.8,17031242600,24,27.5,6.82,34.32,41.90056038,-87.69419737,POINT (-87.6941973701 41.9005603836)
17031809200,2022-04-30,23:15,2022-04-30,23:45,1693,17,17031242500,24,52.5,7.12,59.62,41.89944577,-87.68931919,POINT (-87.6893191901 41.8994457693)
17031809200,2022-05-20,22:30,2022-05-20,22:45,924,3.2,17031010201,1,10,3.66,13.66,42.01601056,-87.68016227,POINT (-87.680162272 42.0160105638)
17031809200,2022-05-20,22:30,2022-05-20,23:00,1275,5.3,17031020801,2,12.5,4.87,17.37,41.98680863,-87.69441519,POINT (-87.6944151909 41.9868086263)
17031809200,2022-05-07,18:00,2022-05-07,18:30,2160,9.1,17031050200,5,37.5,6.26,43.76,41.95773557,-87.6837181,POINT (-87.683718102 41.957735565)
17031809200,2022-04-30,23:30,2022-04-30,23:45,984,4.5,17031010600,1,22.5,3.99,26.49,42.00627886,-87.66768361,POINT (-87.6676836101 42.0062788614)
17031809200,2022-07-02,8:00,2022-07-02,8:15,999,5.6,17031030101,77,15,1.28,16.28,41.99123453,-87.65730427,POINT (-87.6573042698 41.9912345323)
17031809200,2022-07-30,17:00,2022-07-30,18:00,2755,14.4,17031320100,32,27.5,6.46,33.96,41.88498719,-87.62099291,POINT (-87.6209929134 41.8849871918)
17031809200,2022-07-05,9:15,2022-07-05,9:45,2091,12.9,17031081401,8,20,7.84,27.84,41.89503345,-87.61971067,POINT (-87.6197106717 41.8950334495)
17031809200,2022-07-21,19:30,2022-07-21,19:45,1555,6.9,17031040100,4,15,4.58,19.58,41.98333081,-87.68199354,POINT (-87.681993542 41.9833308063)
17031809200,2022-07-05,15:30,2022-07-05,16:00,2100,10.1,17031070102,7,17.5,5.4,22.9,41.93057857,-87.64220631,POINT (-87.6422063127 41.9305785697)
17031809200,2022-07-10,16:45,2022-07-10,17:00,857,4.2,17031010501,1,12.5,4.27,16.77,42.00941255,-87.66395821,POINT (-87.6639582144 42.0094125471)
17031809200,2022-07-25,13:15,2022-07-25,13:45,2242,18,17031980000,76,27.5,13,40.5,41.97907082,-87.90303966,POINT (-87.9030396611 41.9790708201)
17031809200,2022-07-11,17:00,2022-07-11,18:00,3801,20,17031251900,25,37.5,1.28,38.78,41.88379349,-87.76009805,POINT (-87.7600980476 41.8837934871)
17031809200,2022-07-05,13:30,2022-07-05,13:45,876,5.9,17031831800,13,10,4.33,14.33,41.97829425,-87.71643042,POINT (-87.7164304157 41.9782942489)
17031809200,2022-07-21,19:00,2022-07-21,19:45,2547,16.6,17031980000,76,,,,41.97907082,-87.90303966,POINT (-87.9030396611 41.9790708201)
17031809200,2022-07-29,12:30,2022-07-29,13:15,2269,9.9,17031063400,6,17.5,6.15,23.65,41.93465916,-87.64672973,POINT (-87.6467297286 41.9346591566)
17031809200,2022-07-03,11:45,2022-07-03,12:15,1861,8.9,17031061000,6,17.5,5.08,22.58,41.94922091,-87.6519704,POINT (-87.6519703953 41.9492209135)
17031809200,2022-07-30,15:00,2022-07-30,15:15,851,4,17031010300,1,10,3.87,13.87,42.01593438,-87.66653628,POINT (-87.6665362779 42.0159343756)
17031809200,2022-07-29,12:30,2022-07-29,13:30,3055,18.9,17031838200,28,30,1.28,31.28,41.870415,-87.67508562,POINT (-87.6750856208 41.8704150003)
17031809200,2022-07-24,12:00,2022-07-24,12:30,1710,8.4,17031061100,6,15,4.97,20.97,41.94913977,-87.65680391,POINT (-87.6568039088 41.9491397709)
17031809200,2022-07-22,20:45,2022-07-22,21:30,2835,22.4,17031430101,43,35,1.28,36.28,41.76978472,-87.57395196,POINT (-87.5739519554 41.7697847237)
17031809200,2022-07-22,20:45,2022-07-22,21:15,2211,11.9,17031080300,8,15,8.75,23.75,41.90749193,-87.63576009,POINT (-87.6357600901 41.9074919303)
17031809200,2022-07-08,22:00,2022-07-08,22:30,1865,9.4,17031062100,6,15,5.71,20.71,41.94269184,-87.65177051,POINT (-87.6517705068 41.9426918444)
17031809200,2022-07-08,17:45,2022-07-08,18:00,837,3.8,17031010202,1,10,3.82,13.82,42.01604649,-87.67333378,POINT (-87.6733337784 42.0160464924)
17031809200,2022-07-05,9:15,2022-07-05,9:45,2168,19.3,17031841900,28,22.5,9.43,31.93,41.86790242,-87.64295867,POINT (-87.6429586652 41.8679024175)
17031809200,2022-07-22,20:45,2022-07-22,21:30,2511,13,17031250200,25,25,1.28,26.28,41.9122849,-87.75107006,POINT (-87.7510700613 41.9122848999)
17031809200,2022-07-05,9:15,2022-07-05,9:45,1829,9.8,17031063200,6,15,5.31,20.31,41.93839126,-87.63857492,POINT (-87.6385749205 41.9383912577)
17031809200,2022-07-21,19:30,2022-07-21,20:00,1702,12.3,17031081000,8,27.5,1.28,31.78,41.90026569,-87.63210922,POINT (-87.6321092196 41.9002656868)
17031809200,2022-07-12,19:15,2022-07-12,19:45,2555,13.2,17031081800,8,20,8.01,28.01,41.89321636,-87.63784421,POINT (-87.6378442095 41.8932163595)
17031809200,2022-07-21,14:00,2022-07-21,14:15,852,4.6,17031130100,13,10,4.02,14.02,41.99006425,-87.72396783,POINT (-87.7239678299 41.9900642527)
17031809200,2022-07-25,13:15,2022-07-25,14:00,2412,13.2,17031081700,8,30,1.28,31.28,41.89204214,-87.63186395,POINT (-87.6318639497 41.8920421365)
17031809200,2022-07-23,22:15,2022-07-23,23:00,1873,18.6,17031839100,32,37.5,7.5,45,41.88099447,-87.63274649,POINT (-87.6327464887 41.8809944707)
17031809200,2022-07-12,19:15,2022-07-12,20:00,2534,16.5,17031310600,31,30,1.28,31.28,41.85633322,-87.65956424,POINT (-87.6595642391 41.8563332167)
17031809200,2022-07-21,15:30,2022-07-21,16:15,3002,13.7,17031081401,8,20,8.04,28.04,41.89503345,-87.61971067,POINT (-87.6197106717 41.8950334495)
17031809200,2022-07-30,13:30,2022-07-30,14:30,3137,13,17031320100,32,32.5,1.28,40.78,41.88498719,-87.62099291,POINT (-87.6209929134 41.8849871918)
17031809200,2022-07-25,12:00,2022-07-25,12:15,724,4.6,17031130100,13,10,3.15,13.15,41.99006425,-87.72396783,POINT (-87.7239678299 41.9900642527)
17031809200,2022-07-02,8:00,2022-07-02,8:30,1502,18.6,17031081500,8,22.5,8.71,31.21,41.89250778,-87.62621491,POINT (-87.6262149064 41.8925077809)
17031809200,2022-07-30,15:00,2022-07-30,15:15,851,3.4,17031010202,1,17.5,1.28,18.78,42.01604649,-87.67333378,POINT (-87.6733337784 42.0160464924)
17031809200,2022-07-06,14:15,2022-07-06,15:00,3554,22.4,17031430101,43,35,1.28,36.28,41.76978472,-87.57395196,POINT (-87.5739519554 41.7697847237)
17031809200,2022-07-30,11:15,2022-07-30,12:00,2561,14.3,17031081403,8,82.5,6.68,89.18,41.89092203,-87.61886835,POINT (-87.6188683546 41.8909220259)
17031809200,2022-07-29,12:30,2022-07-29,13:15,2403,13.6,17031081401,8,25,8.01,33.01,41.89503345,-87.61971067,POINT (-87.6197106717 41.8950334495)
17031809200,2022-07-03,20:45,2022-07-03,21:00,651,3.4,17031010300,1,17.5,1.28,18.78,42.01593438,-87.66653628,POINT (-87.6665362779 42.0159343756)
17031809200,2022-07-10,16:45,2022-07-10,17:00,1063,5,17031030400,77,17.5,7.25,24.75,41.98695306,-87.67208099,POINT (-87.6720809941 41.9869530579)
17031809200,2022-07-01,16:30,2022-07-01,17:00,1575,7,17031040201,4,17.5,1.28,18.78,41.9725808,-87.69400106,POINT (-87.6940010612 41.9725808001)
17031809200,2022-07-01,8:00,2022-07-01,8:30,1853,15.2,17031980000,76,47.5,32.93,80.43,41.97907082,-87.90303966,POINT (-87.9030396611 41.9790708201)
17031809200,2022-07-05,15:30,2022-07-05,15:45,914,4.4,17031830600,1,10,3.4,13.4,42.00169819,-87.67357403,POINT (-87.6735740325 42.0016981937)
17031809200,2022-07-03,11:45,2022-07-03,12:15,1684,7.4,17031830700,3,12.5,5.05,18.55,41.95805593,-87.66038946,POINT (-87.6603894557 41.958055933)
17031809200,2022-07-10,16:45,2022-07-10,17:30,2554,18.7,17031281900,28,35,8.05,43.05,41.87925508,-87.642649,POINT (-87.642648998 41.8792550844)
17031809200,2022-07-14,12:15,2022-07-14,12:45,2208,18.3,17031980000,76,27.5,12.43,39.93,41.97907082,-87.90303966,POINT (-87.9030396611 41.9790708201)
17031809200,2022-07-30,17:00,2022-07-30,17:15,645,2.9,17031020200,2,7.5,3.93,11.43,42.01569675,-87.69966304,POINT (-87.6996630419 42.0156967498)
17031809200,2022-07-30,11:15,2022-07-30,12:00,2696,14.2,17031320400,32,30,1.28,33.28,41.87740612,-87.62197165,POINT (-87.6219716519 41.8774061234)
17031809200,2022-07-23,22:15,2022-07-23,22:30,1529,8.1,17031061100,6,27.5,6.9,42.4,41.94913977,-87.65680391,POINT (-87.6568039088 41.9491397709)
17031809200,2022-07-21,19:00,2022-07-21,19:15,780,3.2,17031010201,1,17.5,3.97,25.47,42.01601056,-87.68016227,POINT (-87.680162272 42.0160105638)
17031809200,2022-07-06,14:15,2022-07-06,15:00,2713,17.6,17031833000,28,25,9,34,41.88528132,-87.6572332,POINT (-87.6572331997 41.8852813201)
17031809200,2022-07-12,14:30,2022-07-12,14:45,1121,5,17031020902,2,10,4.11,14.11,41.99426609,-87.67868821,POINT (-87.6786882109 41.9942660943)
17031809200,2022-07-03,19:45,2022-07-03,20:15,1544,8.3,17031060800,6,25,1.28,32.28,41.95340004,-87.64600707,POINT (-87.6460070664 41.9534000435)
17031809200,2022-07-30,17:00,2022-07-30,18:00,2825,13.6,17031081402,8,22.5,11.26,38.76,41.89197151,-87.61294541,POINT (-87.6129454143 41.8919715078)
17031809200,2022-07-02,19:00,2022-07-02,19:45,2493,14.6,17031320100,32,17.5,7.34,31.84,41.88498719,-87.62099291,POINT (-87.6209929134 41.8849871918)
17031809200,2022-07-30,15:00,2022-07-30,15:15,631,3.2,17031010201,1,10,3.66,13.66,42.01601056,-87.68016227,POINT (-87.680162272 42.0160105638)
17031809200,2022-07-03,19:45,2022-07-03,20:00,678,3.8,17031010202,1,10,3.8,13.8,42.01604649,-87.67333378,POINT (-87.6733337784 42.0160464924)
17031809200,2022-07-19,15:45,2022-07-19,16:30,2195,9.5,17031220602,22,17.5,5.38,22.88,41.92932971,-87.71197425,POINT (-87.7119742544 41.9293297134)
17031809200,2022-07-21,19:30,2022-07-21,20:00,1189,4.6,17031010600,1,10,4.02,14.02,42.00627886,-87.66768361,POINT (-87.6676836101 42.0062788614)
17031809200,2022-07-14,7:30,2022-07-14,8:15,2127,13,17031760801,76,25,6.12,31.12,41.98227293,-87.84158643,POINT (-87.8415864319 41.9822729289)
17031809200,2022-07-02,19:00,2022-07-02,19:45,2100,17,17031842100,23,20,7.1,29.1,41.89525764,-87.73351805,POINT (-87.7335180512 41.8952576428)
17031809200,2022-07-03,11:45,2022-07-03,12:15,1297,5.8,17031040700,4,12.5,4.32,16.82,41.96680635,-87.6940201,POINT (-87.6940200973 41.9668063463)
17031809200,2022-07-06,14:15,2022-07-06,15:00,2613,14.2,17031839100,32,22.5,8.16,30.66,41.88099447,-87.63274649,POINT (-87.6327464887 41.8809944707)
17031809200,2022-07-14,7:30,2022-07-14,8:15,2666,12.3,17031837800,28,30,5.94,35.94,41.88476778,-87.68414745,POINT (-87.6841474493 41.8847677845)
17031809200,2022-07-23,22:15,2022-07-23,22:45,1543,6.9,17031830700,3,22.5,1.28,23.78,41.95805593,-87.66038946,POINT (-87.6603894557 41.958055933)
17031809200,2022-07-24,12:00,2022-07-24,12:30,2311,17.8,17031833000,28,22.5,7.31,29.81,41.88528132,-87.6572332,POINT (-87.6572331997 41.8852813201)
17031809200,2022-07-21,14:00,2022-07-21,14:30,2515,15.8,17031980000,76,22.5,14.27,42.77,41.97907082,-87.90303966,POINT (-87.9030396611 41.9790708201)
17031809200,2022-07-01,16:30,2022-07-01,16:45,1162,4.2,17031010501,1,10,3.91,13.91,42.00941255,-87.66395821,POINT (-87.6639582144 42.0094125471)
17031809200,2022-07-08,17:45,2022-07-08,18:30,2322,8.2,17031161300,16,15,4.9,19.9,41.94269958,-87.73100248,POINT (-87.7310024842 41.9426995777)
17031809200,2022-08-29,17:15,2022-08-29,18:00,2567,17.7,17031833000,28,25,9.03,34.03,41.88528132,-87.6572332,POINT (-87.6572331997 41.8852813201)
17031809200,2022-08-04,12:30,2022-08-04,13:15,2455,16.4,17031980000,76,25,7.4,38.4,41.97907082,-87.90303966,POINT (-87.9030396611 41.9790708201)
17031809200,2022-08-23,9:30,2022-08-23,9:45,1555,10.8,17031150200,15,17.5,5.56,23.06,41.9606757,-87.75240914,POINT (-87.7524091367 41.9606756968)
17031809200,2022-08-19,11:30,2022-08-19,12:00,2289,14.6,17031830900,22,22.5,1.81,30.31,41.92861905,-87.68536202,POINT (-87.685362024 41.9286190509)
17031809200,2022-08-05,7:30,2022-08-05,7:45,1362,8,17031050600,5,15,4.93,19.93,41.9505457,-87.6761825,POINT (-87.6761824959 41.9505456965)
17031809200,2022-08-19,11:30,2022-08-19,12:15,2168,7.5,17031032100,3,25,1.81,26.81,41.95815488,-87.65302179,POINT (-87.6530217894 41.9581548757)
17031809200,2022-08-02,7:15,2022-08-02,8:00,2870,18.7,17031839100,32,27.5,9.29,36.79,41.88099447,-87.63274649,POINT (-87.6327464887 41.8809944707)
17031809200,2022-08-25,19:15,2022-08-25,19:30,1405,4.8,17031010600,1,15,1.81,16.81,42.00627886,-87.66768361,POINT (-87.6676836101 42.0062788614)
17031809200,2022-08-12,11:15,2022-08-12,11:45,1995,16.8,17031980000,76,27.5,15.36,42.86,41.97907082,-87.90303966,POINT (-87.9030396611 41.9790708201)
17031809200,2022-08-25,19:15,2022-08-25,19:45,2385,17.9,17031833000,28,25,9.42,34.42,41.88528132,-87.6572332,POINT (-87.6572331997 41.8852813201)
17031809200,2022-08-23,9:30,2022-08-23,9:45,851,4.7,17031130100,13,10,4.04,14.04,41.99006425,-87.72396783,POINT (-87.7239678299 41.9900642527)
17031809200,2022-08-06,21:30,2022-08-06,22:00,1909,10.9,17031070200,7,25,5.59,30.59,41.92907766,-87.64629348,POINT (-87.6462934762 41.9290776551)
17031809200,2022-08-22,19:00,2022-08-22,19:30,1887,16.3,17031980000,76,20,14.38,34.38,41.97907082,-87.90303966,POINT (-87.9030396611 41.9790708201)
17031809200,2022-08-11,18:45,2022-08-11,19:30,2651,13.6,17031081700,8,20,8.01,28.01,41.89204214,-87.63186395,POINT (-87.6318639497 41.8920421365)
17031809200,2022-08-13,21:15,2022-08-13,21:30,731,3.4,17031010201,1,7.5,3.7,11.2,42.01601056,-87.68016227,POINT (-87.680162272 42.0160105638)
17031809200,2022-08-27,17:30,2022-08-27,18:15,2782,14.4,17031251500,25,22.5,6.46,28.96,41.89108542,-87.76034939,POINT (-87.7603493864 41.8910854233)
17031809200,2022-08-01,11:00,2022-08-01,11:30,2025,16.8,17031980000,76,25,14.51,46.51,41.97907082,-87.90303966,POINT (-87.9030396611 41.9790708201)
17031809200,2022-08-20,0:30,2022-08-20,0:45,1417,8.7,17031830900,22,20,8.71,28.71,41.92861905,-87.68536202,POINT (-87.685362024 41.9286190509)
17031809200,2022-08-24,21:15,2022-08-24,22:00,2520,20,17031330100,33,20,7.86,27.86,41.85934972,-87.61735801,POINT (-87.6173580061 41.859349715)
17031809200,2022-08-26,22:45,2022-08-26,23:15,1244,7.8,17031050500,5,15,4.82,19.82,41.9504426,-87.68350623,POINT (-87.6835062305 41.9504425991)
17031809200,2022-08-14,0:30,2022-08-14,1:00,1691,8.6,17031061000,6,22.5,1.81,28.31,41.94922091,-87.6519704,POINT (-87.6519703953 41.9492209135)
17031809200,2022-08-06,12:15,2022-08-06,12:45,1890,11.2,17031071500,7,22.5,5.66,28.16,41.91461629,-87.63171737,POINT (-87.6317173661 41.9146162864)
17031809200,2022-08-05,17:15,2022-08-05,18:00,2755,9.3,17031063200,6,35,5.18,48.18,41.93839126,-87.63857492,POINT (-87.6385749205 41.9383912577)
17031809200,2022-08-20,0:30,2022-08-20,1:00,1902,15.1,17031320600,32,22.5,6.63,29.13,41.87060737,-87.62217294,POINT (-87.6221729369 41.8706073724)
17031809200,2022-08-20,20:30,2022-08-20,21:00,1769,15.3,17031230900,23,22.5,6.81,29.31,41.90668396,-87.71035393,POINT (-87.7103539349 41.9066839592)
17031809200,2022-08-06,21:30,2022-08-06,22:00,1594,11.6,17031151002,15,17.5,5.75,23.25,41.94248816,-87.74715432,POINT (-87.7471543225 41.9424881553)
17031809200,2022-08-01,11:00,2022-08-01,11:45,3130,23.1,17031980000,76,37.5,13.64,51.14,41.97907082,-87.90303966,POINT (-87.9030396611 41.9790708201)
17031809200,2022-08-05,17:15,2022-08-05,18:30,4688,13.3,17031320100,32,30,7.93,43.93,41.88498719,-87.62099291,POINT (-87.6209929134 41.8849871918)
17031809200,2022-08-18,15:45,2022-08-18,16:30,2777,9.7,17031832400,22,17.5,5.28,23.78,41.91574119,-87.69225633,POINT (-87.6922563262 41.9157411934)
17031809200,2022-08-22,19:00,2022-08-22,19:30,1994,16.3,17031980000,76,75,6.11,97.11,41.97907082,-87.90303966,POINT (-87.9030396611 41.9790708201)
17031809200,2022-08-22,19:00,2022-08-22,19:15,938,4,17031020602,2,12.5,1.81,14.31,42.00131592,-87.69363749,POINT (-87.6936374936 42.0013159243)
17031809200,2022-08-27,17:30,2022-08-27,18:00,1941,7.7,17031032100,3,20,1.81,21.81,41.95815488,-87.65302179,POINT (-87.6530217894 41.9581548757)
17031809200,2022-08-27,22:15,2022-08-27,22:30,1755,12.5,17031081000,8,20,6,26,41.90026569,-87.63210922,POINT (-87.6321092196 41.9002656868)
17031809200,2022-08-04,12:15,2022-08-04,12:30,1512,10.2,17031063400,6,15,5.41,23.41,41.93465916,-87.64672973,POINT (-87.6467297286 41.9346591566)
17031809200,2022-08-27,22:15,2022-08-27,22:45,1671,18.7,17031839100,32,32.5,1.81,39.31,41.88099447,-87.63274649,POINT (-87.6327464887 41.8809944707)
17031809200,2022-08-11,18:45,2022-08-11,19:15,2311,14.3,17031839100,32,22.5,8.2,30.7,41.88099447,-87.63274649,POINT (-87.6327464887 41.8809944707)
17031809200,2022-08-19,17:15,2022-08-19,17:30,1321,4.9,17031830600,1,15,4.09,22.09,42.00169819,-87.67357403,POINT (-87.6735740325 42.0016981937)
17031809200,2022-08-06,12:15,2022-08-06,12:30,1327,6,17031040100,4,20,1.81,21.81,41.98333081,-87.68199354,POINT (-87.681993542 41.9833308063)
17031809200,2022-08-26,22:45,2022-08-26,23:00,1039,5,17031020802,2,17.5,4.11,21.61,41.99405982,-87.69463072,POINT (-87.6946307194 41.994059824)
17031809200,2022-08-04,12:15,2022-08-04,12:45,2142,12.9,17031081401,8,22.5,7.82,30.32,41.89503345,-87.61971067,POINT (-87.6197106717 41.8950334495)
17031809200,2022-08-14,21:00,2022-08-14,21:15,844,4.1,17031010600,1,10,4.35,14.35,42.00627886,-87.66768361,POINT (-87.6676836101 42.0062788614)
17031809200,2022-08-05,17:15,2022-08-05,17:30,866,3.4,17031010702,1,10,3.71,15.71,42.00901823,-87.67272396,POINT (-87.6727239593 42.0090182269)
17031809200,2022-08-27,23:00,2022-08-27,23:15,870,4.1,17031010300,1,10,3.89,13.89,42.01593438,-87.66653628,POINT (-87.6665362779 42.0159343756)
17031809200,2022-08-11,11:00,2022-08-11,11:30,2099,14.3,17031320100,32,20,8.19,34.19,41.88498719,-87.62099291,POINT (-87.6209929134 41.8849871918)
17031809200,2022-08-05,21:00,2022-08-05,21:30,1900,19.4,17031839000,32,32.5,1.81,34.31,41.87101588,-87.63140653,POINT (-87.6314065252 41.8710158803)
17031809200,2022-08-18,15:45,2022-08-18,16:15,2296,8.7,17031062100,6,15,5.07,20.07,41.94269184,-87.65177051,POINT (-87.6517705068 41.9426918444)
17031809200,2022-08-19,17:15,2022-08-19,18:30,4341,11.7,17031842300,24,30,1.81,31.81,41.89830587,-87.65361398,POINT (-87.6536139825 41.8983058696)
17031809200,2022-08-26,22:45,2022-08-26,23:15,1494,8.9,17031031700,3,12.5,5.09,17.59,41.96544578,-87.66319585,POINT (-87.6631958495 41.9654457842)
17031809200,2022-08-12,11:15,2022-08-12,11:45,1713,9.1,17031061000,6,15,5.13,25.13,41.94922091,-87.6519704,POINT (-87.6519703953 41.9492209135)
17031809200,2022-08-04,12:30,2022-08-04,13:00,1153,5.8,17031030604,77,15,1.81,16.81,41.98547242,-87.65379353,POINT (-87.6537935286 41.9854724225)
17031809200,2022-08-11,11:00,2022-08-11,11:30,1720,10.8,17031150200,15,15,5.56,20.56,41.9606757,-87.75240914,POINT (-87.7524091367 41.9606756968)
17031809200,2022-08-23,9:30,2022-08-23,10:15,2064,16.5,17031980000,76,27.5,14.93,42.43,41.97907082,-87.90303966,POINT (-87.9030396611 41.9790708201)
17031809200,2022-08-27,19:15,2022-08-27,19:30,776,4.7,17031130100,13,15,4.21,19.21,41.99006425,-87.72396783,POINT (-87.7239678299 41.9900642527)
17031809200,2022-08-27,17:30,2022-08-27,18:15,2494,18,17031081700,8,27.5,7.37,41.87,41.89204214,-87.63186395,POINT (-87.6318639497 41.8920421365)
17031809200,2022-08-27,19:15,2022-08-27,19:30,1080,5.5,17031030103,77,10,4.23,14.23,41.99551299,-87.6558149,POINT (-87.6558149022 41.9955129914)
17031809200,2022-08-27,23:00,2022-08-27,23:30,1759,8.6,17031832000,6,32.5,0.55,33.05,41.94629454,-87.65429808,POINT (-87.6542980837 41.9462945357)
17031809200,2022-08-27,23:00,2022-08-27,23:15,1486,7.6,17031031200,3,40,0.55,46.55,41.97270955,-87.65734111,POINT (-87.6573411073 41.9727095466)
17031809200,2022-08-05,21:00,2022-08-05,21:15,611,2.9,17031010202,1,7.5,1.81,9.31,42.01604649,-87.67333378,POINT (-87.6733337784 42.0160464924)
17031809200,2022-08-04,12:30,2022-08-04,13:15,2224,17.4,17031833000,28,22.5,8.96,36.46,41.88528132,-87.6572332,POINT (-87.6572331997 41.8852813201)
17031809200,2022-08-13,21:15,2022-08-13,21:30,1211,5.8,17031010600,1,10,3.46,18.46,42.00627886,-87.66768361,POINT (-87.6676836101 42.0062788614)
17031809200,2022-08-11,11:00,2022-08-11,11:30,1428,7,17031830700,3,12.5,4.6,17.1,41.95805593,-87.66038946,POINT (-87.6603894557 41.958055933)
17031809200,2022-08-01,11:00,2022-08-01,11:30,1979,11.5,17031070200,7,17.5,5.73,26.23,41.92907766,-87.64629348,POINT (-87.6462934762 41.9290776551)
17031809200,2022-08-20,0:30,2022-08-20,0:45,770,4.1,17031010300,1,12.5,1.81,14.31,42.01593438,-87.66653628,POINT (-87.6665362779 42.0159343756)
17031809200,2022-08-30,9:45,2022-08-30,10:00,1020,4.3,17031010702,1,7.5,1.81,9.31,42.00901823,-87.67272396,POINT (-87.6727239593 42.0090182269)
17031809200,2022-08-25,19:15,2022-08-25,20:00,2513,16.1,17031251900,25,,,,41.88379349,-87.76009805,POINT (-87.7600980476 41.8837934871)
17031809200,2022-08-14,0:30,2022-08-14,0:45,863,4.7,17031020802,2,10,3.17,13.17,41.99405982,-87.69463072,POINT (-87.6946307194 41.994059824)
17031809200,2022-08-14,0:30,2022-08-14,0:45,571,3.2,17031010201,1,7.5,3.67,11.17,42.01601056,-87.68016227,POINT (-87.680162272 42.0160105638)
17031809200,2022-08-27,22:15,2022-08-27,22:30,912,5.1,17031010501,1,20,1.81,21.81,42.00941255,-87.66395821,POINT (-87.6639582144 42.0094125471)
17031809200,2022-08-05,21:00,2022-08-05,21:15,1590,4.5,17031010100,1,12.5,4.26,16.76,42.02122359,-87.66982477,POINT (-87.6698247721 42.0212235931)
17031809200,2022-08-29,17:15,2022-08-29,18:00,2073,16.6,17031241500,24,30,1.81,31.81,41.90837867,-87.67094508,POINT (-87.6709450752 41.9083786693)
17031809200,2022-08-19,17:15,2022-08-19,18:15,2843,8.5,17031061200,6,25,4.98,29.98,41.94906053,-87.6616429,POINT (-87.6616429039 41.9490605256)
17031809200,2022-09-29,22:00,2022-09-29,22:30,1580,9.9,17031070101,7,30,5.79,44.79,41.92926299,-87.63589095,POINT (-87.6358909539 41.9292629902)
17031809200,2022-09-20,7:30,2022-09-20,8:00,1175,5.8,17031831800,13,20,3.26,23.26,41.97829425,-87.71643042,POINT (-87.7164304157 41.9782942489)
17031809200,2022-09-24,19:15,2022-09-24,19:45,1965,6,17031020602,2,22.5,3.26,25.76,42.00131592,-87.69363749,POINT (-87.6936374936 42.0013159243)
17031809200,2022-09-08,17:00,2022-09-08,17:15,1058,4,17031010300,1,12.5,3.87,16.37,42.01593438,-87.66653628,POINT (-87.6665362779 42.0159343756)
17031809200,2022-09-04,20:45,2022-09-04,21:15,1699,8.4,17031061100,6,15,1.81,19.81,41.94913977,-87.65680391,POINT (-87.6568039088 41.9491397709)
17031809200,2022-09-29,22:00,2022-09-29,22:30,1545,12.1,17031071500,7,17.5,6.35,23.85,41.91461629,-87.63171737,POINT (-87.6317173661 41.9146162864)
17031809200,2022-09-06,18:15,2022-09-06,18:30,977,4,17031010300,1,10,4.14,14.14,42.01593438,-87.66653628,POINT (-87.6665362779 42.0159343756)
17031809200,2022-09-28,17:15,2022-09-28,17:45,2601,16.6,17031980000,76,35,14.49,49.49,41.97907082,-87.90303966,POINT (-87.9030396611 41.9790708201)
17031809200,2022-09-17,19:45,2022-09-17,20:00,724,4,17031010702,1,10,3.01,13.01,42.00901823,-87.67272396,POINT (-87.6727239593 42.0090182269)
17031809200,2022-09-17,19:45,2022-09-17,20:30,2264,14,17031839100,32,25,6.36,31.36,41.88099447,-87.63274649,POINT (-87.6327464887 41.8809944707)
17031809200,2022-09-10,17:30,2022-09-10,17:30,828,3.8,17031010202,1,10,3.81,13.81,42.01604649,-87.67333378,POINT (-87.6733337784 42.0160464924)
17031809200,2022-09-16,19:15,2022-09-16,19:30,809,3.5,17031010201,1,22.5,3.85,30.35,42.01601056,-87.68016227,POINT (-87.680162272 42.0160105638)
17031809200,2022-09-02,18:30,2022-09-02,18:45,1256,6.1,17031040100,4,17.5,3.26,25.76,41.98333081,-87.68199354,POINT (-87.681993542 41.9833308063)
17031809200,2022-09-02,18:30,2022-09-02,19:15,2868,11,17031070400,7,20,5.61,25.61,41.92896727,-87.65615683,POINT (-87.6561568309 41.9289672664)
17031809200,2022-09-29,22:00,2022-09-29,22:30,1876,14.7,17031280100,28,30,7.64,43.64,41.88530002,-87.64280847,POINT (-87.6428084655 41.8853000224)
17031809200,2022-09-09,16:45,2022-09-09,17:15,2426,6.6,17031030604,77,17.5,4.52,22.02,41.98547242,-87.65379353,POINT (-87.6537935286 41.9854724225)
17031809200,2022-09-24,23:45,2022-09-24,23:45,756,6,17031040202,4,50,3.26,53.26,41.97985531,-87.69409602,POINT (-87.6940960217 41.9798553089)
17031809200,2022-09-20,7:30,2022-09-20,8:15,2836,11.1,17031063400,6,20,5.63,25.63,41.93465916,-87.64672973,POINT (-87.6467297286 41.9346591566)
17031809200,2022-09-24,13:00,2022-09-24,13:30,2147,8.8,17031830900,22,15,5.05,20.05,41.92861905,-87.68536202,POINT (-87.685362024 41.9286190509)
17031809200,2022-09-16,19:30,2022-09-16,20:00,1566,8.1,17031031502,3,37.5,3.26,46.76,41.96363317,-87.65236536,POINT (-87.6523653588 41.9636331692)
17031809200,2022-09-24,16:30,2022-09-24,17:15,2775,13.5,17031320100,32,25,6.23,31.23,41.88498719,-87.62099291,POINT (-87.6209929134 41.8849871918)
17031809200,2022-09-09,21:30,2022-09-09,21:45,949,4.3,17031010300,1,17.5,3.26,23.76,42.01593438,-87.66653628,POINT (-87.6665362779 42.0159343756)
17031809200,2022-09-04,20:45,2022-09-04,21:15,1458,7.7,17031830700,3,12.5,4.79,24.29,41.95805593,-87.66038946,POINT (-87.6603894557 41.958055933)
17031809200,2022-09-25,0:15,2022-09-25,0:30,1687,18.7,17031833100,28,15,7.56,22.56,41.87906699,-87.65700503,POINT (-87.657005027 41.8790669938)
17031809200,2022-09-04,20:30,2022-09-04,20:45,970,4.6,17031010501,1,10,4.01,14.01,42.00941255,-87.66395821,POINT (-87.6639582144 42.0094125471)
17031809200,2022-09-09,16:45,2022-09-09,17:15,1640,5.6,17031030104,77,12.5,4.34,16.84,41.99715394,-87.65749879,POINT (-87.6574987907 41.9971539428)
17031809200,2022-09-20,9:15,2022-09-20,9:30,1472,4,17031010202,1,15,3.26,18.26,42.01604649,-87.67333378,POINT (-87.6733337784 42.0160464924)
17031809200,2022-09-04,20:45,2022-09-04,21:15,1882,19,17031842300,24,20,7.61,27.61,41.89830587,-87.65361398,POINT (-87.6536139825 41.8983058696)
17031809200,2022-09-08,17:00,2022-09-08,17:15,701,3.1,17031010201,1,10,3.64,13.64,42.01601056,-87.68016227,POINT (-87.680162272 42.0160105638)
17031809200,2022-09-03,19:15,2022-09-03,19:30,843,3.9,17031020602,2,10,1.81,11.81,42.00131592,-87.69363749,POINT (-87.6936374936 42.0013159243)
17031809200,2022-09-06,14:30,2022-09-06,14:45,741,3.5,17031010300,1,15,3.26,18.26,42.01593438,-87.66653628,POINT (-87.6665362779 42.0159343756)
17031809200,2022-09-23,21:15,2022-09-23,21:45,1679,10.5,17031070101,7,15,5.48,20.48,41.92926299,-87.63589095,POINT (-87.6358909539 41.9292629902)
17031809200,2022-09-25,0:15,2022-09-25,0:45,1660,9.5,17031060900,6,20,5.22,25.22,41.94982935,-87.64396537,POINT (-87.6439653703 41.949829346)
17031809200,2022-09-19,7:15,2022-09-19,8:00,2798,13.8,17031081800,8,32.5,4.96,37.46,41.89321636,-87.63784421,POINT (-87.6378442095 41.8932163595)
17031809200,2022-09-09,18:00,2022-09-09,18:45,2831,12.6,17031080300,8,30,3.26,33.26,41.90749193,-87.63576009,POINT (-87.6357600901 41.9074919303)
17031809200,2022-09-06,14:30,2022-09-06,14:45,1258,5.1,17031020902,2,12.5,4.2,16.7,41.99426609,-87.67868821,POINT (-87.6786882109 41.9942660943)
17031809200,2022-09-04,20:45,2022-09-04,21:00,1062,5.1,17031030300,77,12.5,4.61,17.11,41.99438102,-87.6725384,POINT (-87.672538401 41.9943810196)
17031809200,2022-09-23,21:15,2022-09-23,21:30,760,4.6,17031020500,2,10,4.01,15.01,42.00131325,-87.6841982,POINT (-87.684198195 42.0013132491)
17031809200,2022-09-17,22:45,2022-09-17,23:15,2107,18.3,17031833000,28,32.5,3.26,35.76,41.88528132,-87.6572332,POINT (-87.6572331997 41.8852813201)
17031809200,2022-09-06,14:30,2022-09-06,15:15,2505,16.3,17031241400,24,32.5,3.26,35.76,41.90602597,-87.67531162,POINT (-87.6753116216 41.906025969)
17031809200,2022-09-23,8:15,2022-09-23,8:45,2025,16.2,17031980000,76,45,8.79,58.79,41.97907082,-87.90303966,POINT (-87.9030396611 41.9790708201)
17031809200,2022-09-24,13:00,2022-09-24,13:30,2103,12.5,17031221100,22,30,3.26,33.26,41.92101961,-87.71035914,POINT (-87.7103591445 41.9210196071)
17031809200,2022-09-08,17:00,2022-09-08,17:15,1209,4.8,17031010501,1,10,4.07,14.07,42.00941255,-87.66395821,POINT (-87.6639582144 42.0094125471)
17031809200,2022-09-24,19:15,2022-09-24,19:45,2289,13.4,17031833000,28,45,3.26,48.26,41.88528132,-87.6572332,POINT (-87.6572331997 41.8852813201)
17031809200,2022-09-24,19:15,2022-09-24,19:30,1564,6.4,17031040100,4,15,4.46,19.46,41.98333081,-87.68199354,POINT (-87.681993542 41.9833308063)
17031809200,2022-09-17,22:45,2022-09-17,23:45,3396,32.5,17031500100,50,40,14.73,54.73,41.71467495,-87.59493309,POINT (-87.5949330919 41.7146749464)
17031809200,2022-09-24,13:00,2022-09-24,13:15,762,3.4,17031010100,1,7.5,3.72,11.22,42.02122359,-87.66982477,POINT (-87.6698247721 42.0212235931)
17031809200,2022-09-20,7:30,2022-09-20,8:30,3083,13.4,17031081401,8,27.5,3.26,35.76,41.89503345,-87.61971067,POINT (-87.6197106717 41.8950334495)
17031809200,2022-09-06,18:15,2022-09-06,18:45,1332,5,17031830600,1,10,4.1,14.1,42.00169819,-87.67357403,POINT (-87.6735740325 42.0016981937)
17031809200,2022-09-16,19:15,2022-09-16,19:45,2235,19.5,17031833100,28,50,3.26,53.26,41.87906699,-87.65700503,POINT (-87.657005027 41.8790669938)
17031809200,2022-09-09,21:30,2022-09-09,22:00,1675,10.1,17031061901,6,25,5.81,30.81,41.94323712,-87.64347096,POINT (-87.6434709559 41.9432371225)
17031809200,2022-09-16,18:15,2022-09-16,18:30,749,3.1,17031010201,1,10,3.85,13.85,42.01601056,-87.68016227,POINT (-87.680162272 42.0160105638)
17031809200,2022-09-10,17:30,2022-09-10,18:30,3616,14.9,17031081500,8,32.5,5.26,37.76,41.89250778,-87.62621491,POINT (-87.6262149064 41.8925077809)
17031809200,2022-09-28,17:15,2022-09-28,17:45,1088,4.8,17031010501,1,10,6.17,16.17,42.00941255,-87.66395821,POINT (-87.6639582144 42.0094125471)
17031809200,2022-09-14,17:00,2022-09-14,18:00,3314,13.1,17031081100,8,32.5,3.26,35.76,41.9002213,-87.62910519,POINT (-87.6291051864 41.9002212967)
17031809200,2022-09-12,10:15,2022-09-12,10:45,2119,16.1,17031980000,76,45,14.6,59.6,41.97907082,-87.90303966,POINT (-87.9030396611 41.9790708201)
17031809200,2022-09-14,17:00,2022-09-14,17:30,1420,4.7,17031010501,1,17.5,4.04,21.54,42.00941255,-87.66395821,POINT (-87.6639582144 42.0094125471)
17031809200,2022-09-24,23:45,2022-09-25,0:00,804,3.2,17031010201,1,17.5,3.66,21.16,42.01601056,-87.68016227,POINT (-87.680162272 42.0160105638)
17031809200,2022-09-09,21:30,2022-09-09,22:00,1474,8.2,17031031400,3,15,4.92,19.92,41.96217863,-87.64537876,POINT (-87.6453787624 41.962178629)
17031809200,2022-09-17,19:45,2022-09-17,20:00,1148,5.6,17031040202,4,15,4.31,19.31,41.97985531,-87.69409602,POINT (-87.6940960217 41.9798553089)
17031809200,2022-09-23,21:15,2022-09-23,21:30,1421,7.3,17031843700,5,12.5,6.98,24.48,41.94481375,-87.69077501,POINT (-87.6907750098 41.9448137543)
17031809200,2022-09-12,10:15,2022-09-12,10:45,1942,12.7,17031081401,8,27.5,3.26,30.76,41.89503345,-87.61971067,POINT (-87.6197106717 41.8950334495)
17031809200,2022-09-20,10:00,2022-09-20,10:30,1629,8.1,17031830700,3,12.5,5.15,17.65,41.95805593,-87.66038946,POINT (-87.6603894557 41.958055933)
17031809200,2022-09-24,23:45,2022-09-25,0:15,1520,17.7,17031242000,24,25,8.93,33.93,41.89973739,-87.66495392,POINT (-87.6649539167 41.8997373884)
17031809200,2022-09-16,19:30,2022-09-16,20:30,3106,16.1,17031251600,25,25,6.89,31.89,41.89140682,-87.75180369,POINT (-87.7518036939 41.8914068203)
17031809200,2022-09-17,22:45,2022-09-17,23:15,1687,9.8,17031010400,1,17.5,1.83,19.33,42.00476456,-87.65912243,POINT (-87.659122427 42.004764559)
17031809200,2022-09-16,18:15,2022-09-16,18:30,1166,4.2,17031010300,1,7.5,5.43,12.93,42.01593438,-87.66653628,POINT (-87.6665362779 42.0159343756)
17031809200,2022-09-06,18:15,2022-09-06,18:30,912,4.2,17031010300,1,15,3.26,18.26,42.01593438,-87.66653628,POINT (-87.6665362779 42.0159343756)
17031809200,2022-09-20,9:15,2022-09-20,9:45,1633,6,17031020200,2,12.5,4.51,17.01,42.01569675,-87.69966304,POINT (-87.6996630419 42.0156967498)
17031809200,2022-09-06,14:30,2022-09-06,15:00,1286,10.4,17031160200,16,15,5.46,20.46,41.95879786,-87.73839391,POINT (-87.7383939059 41.9587978628)
17031809200,2022-10-20,18:45,2022-10-20,19:00,588,2.4,17031020200,2,7.5,3.47,10.97,42.01569675,-87.69966304,POINT (-87.6996630419 42.0156967498)
17031809200,2022-10-08,0:15,2022-10-08,0:30,868,5.1,17031010503,1,12.5,1.34,13.84,42.00032031,-87.6631268,POINT (-87.6631267998 42.0003203059)
17031809200,2022-10-27,6:00,2022-10-27,6:30,1755,16.3,17031980000,76,27.5,14.27,41.77,41.97907082,-87.90303966,POINT (-87.9030396611 41.9790708201)
17031809200,2022-10-30,0:45,2022-10-30,1:15,1668,13,17031081600,8,25,6.94,31.94,41.89207263,-87.62887416,POINT (-87.6288741572 41.8920726347)
17031809200,2022-10-23,17:45,2022-10-23,18:00,869,4.4,17031010300,1,10,3.91,13.91,42.01593438,-87.66653628,POINT (-87.6665362779 42.0159343756)
17031809200,2022-10-12,19:30,2022-10-12,19:45,1004,6.3,17031140200,14,12.5,4.45,16.95,41.97024498,-87.71343533,POINT (-87.7134353285 41.9702449819)
17031809200,2022-10-15,21:00,2022-10-15,21:15,800,4.8,17031020601,2,10,4.31,14.31,42.00087483,-87.7018029,POINT (-87.701802904 42.0008748252)
17031809200,2022-10-29,21:30,2022-10-29,22:00,2250,11.5,17031071100,7,25,5.77,30.77,41.92177819,-87.65106188,POINT (-87.6510618838 41.9217781876)
17031809200,2022-10-29,21:30,2022-10-29,22:00,1383,6.8,17031830700,3,27.5,4.58,32.08,41.95805593,-87.66038946,POINT (-87.6603894557 41.958055933)
17031809200,2022-10-06,18:45,2022-10-06,19:15,2404,8.7,17031031400,3,17.5,5,22.5,41.96217863,-87.64537876,POINT (-87.6453787624 41.962178629)
17031809200,2022-10-01,21:30,2022-10-01,21:45,1288,6,17031040100,4,17.5,1.34,23.84,41.98333081,-87.68199354,POINT (-87.681993542 41.9833308063)
17031809200,2022-10-09,15:30,2022-10-09,16:00,1598,7.5,17031050600,5,15,4.78,19.78,41.9505457,-87.6761825,POINT (-87.6761824959 41.9505456965)
17031809200,2022-10-29,22:00,2022-10-29,22:30,1769,16.3,17031842200,8,20,6.95,26.95,41.9049353,-87.64990723,POINT (-87.6499072264 41.9049353016)
17031809200,2022-10-06,18:45,2022-10-06,19:30,2073,8.8,17031061000,6,15,5.9,20.9,41.94922091,-87.6519704,POINT (-87.6519703953 41.9492209135)
17031809200,2022-10-05,9:30,2022-10-05,9:45,826,3.7,17031010202,1,12.5,1.34,13.84,42.01604649,-87.67333378,POINT (-87.6733337784 42.0160464924)
17031809200,2022-10-29,22:45,2022-10-29,23:15,1938,12.6,17031081700,8,22.5,6.55,29.05,41.89204214,-87.63186395,POINT (-87.6318639497 41.8920421365)
17031809200,2022-10-25,15:30,2022-10-25,16:15,2562,8.6,17031061100,6,17.5,5.02,22.52,41.94913977,-87.65680391,POINT (-87.6568039088 41.9491397709)
17031809200,2022-10-29,23:45,2022-10-30,0:00,1073,5.5,17031030900,77,25,8.16,33.16,41.97979555,-87.67144555,POINT (-87.6714455473 41.9797955506)
17031809200,2022-10-29,23:45,2022-10-30,0:00,1121,5.9,17031030400,77,15,4.27,22.27,41.98695306,-87.67208099,POINT (-87.6720809941 41.9869530579)
17031809200,2022-10-29,20:45,2022-10-29,21:15,1531,15.9,17031241400,24,22.5,6.87,29.37,41.90602597,-87.67531162,POINT (-87.6753116216 41.906025969)
17031809200,2022-10-27,10:15,2022-10-27,10:45,2017,15.9,17031980000,76,27.5,6.87,41.37,41.97907082,-87.90303966,POINT (-87.9030396611 41.9790708201)
17031809200,2022-10-09,14:15,2022-10-09,15:00,3037,20.1,17031281900,28,22.5,6.72,29.22,41.87925508,-87.642649,POINT (-87.642648998 41.8792550844)
17031809200,2022-10-14,22:15,2022-10-14,23:00,2660,22.6,17031242200,24,27.5,1.34,28.84,41.8995898,-87.67471913,POINT (-87.6747191345 41.8995897957)
17031809200,2022-10-20,13:45,2022-10-20,14:15,2368,18.6,17031980000,76,30,12.5,48.5,41.97907082,-87.90303966,POINT (-87.9030396611 41.9790708201)
17031809200,2022-10-18,7:45,2022-10-18,8:30,3292,13.3,17031081800,8,25,7.92,32.92,41.89321636,-87.63784421,POINT (-87.6378442095 41.8932163595)
17031809200,2022-10-29,20:45,2022-10-29,21:15,2169,18.4,17031833000,28,30,8.03,38.03,41.88528132,-87.6572332,POINT (-87.6572331997 41.8852813201)
17031809200,2022-10-01,21:30,2022-10-01,21:45,927,3.5,17031010701,1,22.5,0,22.5,42.00915006,-87.67861897,POINT (-87.67861897 42.0091500631)
17031809200,2022-10-13,20:00,2022-10-13,20:15,636,3.3,17031010201,1,12.5,1.34,13.84,42.01601056,-87.68016227,POINT (-87.680162272 42.0160105638)
17031809200,2022-10-23,0:00,2022-10-23,0:15,1352,4.3,17031830600,1,10,3.9,18.9,42.00169819,-87.67357403,POINT (-87.6735740325 42.0016981937)
17031809200,2022-10-29,21:30,2022-10-29,22:00,1607,15.1,17031222200,22,20,6.65,26.65,41.91590979,-87.68382594,POINT (-87.6838259399 41.9159097884)
17031809200,2022-10-29,23:30,2022-10-30,0:00,1737,10.6,17031070300,7,22.5,6.02,31.52,41.92904694,-87.65131088,POINT (-87.6513108767 41.9290469366)
17031809200,2022-10-25,15:30,2022-10-25,16:30,3620,14.3,17031081700,8,25,8.87,33.87,41.89204214,-87.63186395,POINT (-87.6318639497 41.8920421365)
17031809200,2022-10-06,18:45,2022-10-06,19:00,1073,3.8,17031010701,1,10,3.82,13.82,42.00915006,-87.67861897,POINT (-87.67861897 42.0091500631)
17031809200,2022-10-25,19:30,2022-10-25,19:45,1151,5.9,17031040100,4,12.5,1.34,18.84,41.98333081,-87.68199354,POINT (-87.681993542 41.9833308063)
17031809200,2022-10-29,20:00,2022-10-29,20:15,791,3.8,17031010702,1,12.5,1.34,15.84,42.00901823,-87.67272396,POINT (-87.6727239593 42.0090182269)
17031809200,2022-10-14,22:15,2022-10-14,23:00,1880,12.4,17031080202,8,17.5,5.96,23.46,41.90585777,-87.63086503,POINT (-87.6308650266 41.9058577688)
17031809200,2022-10-23,17:45,2022-10-23,18:30,2242,13.3,17031830900,22,17.5,0.64,18.14,41.92861905,-87.68536202,POINT (-87.685362024 41.9286190509)
17031809200,2022-10-20,13:45,2022-10-20,14:15,1687,7.8,17031160700,16,15,4.83,19.83,41.95040441,-87.70200713,POINT (-87.7020071282 41.9504044107)
17031809200,2022-10-18,7:45,2022-10-18,8:00,865,5.7,17031831800,13,22.5,1.34,23.84,41.97829425,-87.71643042,POINT (-87.7164304157 41.9782942489)
17031809200,2022-10-28,21:45,2022-10-28,22:15,1651,9,17031051300,5,25,5.12,30.12,41.93598357,-87.67582193,POINT (-87.6758219283 41.935983574)
17031809200,2022-10-05,9:30,2022-10-05,10:00,2277,13.3,17031081401,8,22.5,7.96,30.46,41.89503345,-87.61971067,POINT (-87.6197106717 41.8950334495)
17031809200,2022-10-23,17:45,2022-10-23,18:30,2347,15.7,17031980000,76,22.5,11.99,39.49,41.97907082,-87.90303966,POINT (-87.9030396611 41.9790708201)
17031809200,2022-10-29,23:45,2022-10-30,0:00,978,5.5,17031030400,77,15,4.26,19.26,41.98695306,-87.67208099,POINT (-87.6720809941 41.9869530579)
17031809200,2022-10-02,12:00,2022-10-02,12:30,2021,11.2,17031070200,7,25,1.34,32.34,41.92907766,-87.64629348,POINT (-87.6462934762 41.9290776551)
17031809200,2022-10-14,22:15,2022-10-14,22:45,1944,12.4,17031080202,8,35,6.22,41.22,41.90585777,-87.63086503,POINT (-87.6308650266 41.9058577688)
17031809200,2022-10-01,11:00,2022-10-01,11:00,746,3.1,17031020200,2,7.5,3.63,11.13,42.01569675,-87.69966304,POINT (-87.6996630419 42.0156967498)
17031809200,2022-10-15,14:30,2022-10-15,15:45,4258,16.3,17031081700,8,20,1.34,21.34,41.89204214,-87.63186395,POINT (-87.6318639497 41.8920421365)
17031809200,2022-10-25,19:30,2022-10-25,19:45,835,4.1,17031010300,1,12.5,1.34,13.84,42.01593438,-87.66653628,POINT (-87.6665362779 42.0159343756)
17031809200,2022-10-15,14:30,2022-10-15,15:15,2404,9,17031062900,6,22.5,5.23,27.73,41.93623718,-87.65641153,POINT (-87.6564115308 41.9362371791)
17031809200,2022-10-29,22:45,2022-10-29,23:15,1360,13.9,17031220602,22,17.5,6.35,23.85,41.92932971,-87.71197425,POINT (-87.7119742544 41.9293297134)
17031809200,2022-10-21,9:00,2022-10-21,9:15,1081,5.5,17031030104,77,12.5,4.31,19.81,41.99715394,-87.65749879,POINT (-87.6574987907 41.9971539428)
17031809200,2022-10-24,8:30,2022-10-24,9:00,1979,7.9,17031050600,5,15,4.85,19.85,41.9505457,-87.6761825,POINT (-87.6761824959 41.9505456965)
17031809200,2022-10-21,9:00,2022-10-21,9:30,1991,16.4,17031980000,76,25,6.84,38.84,41.97907082,-87.90303966,POINT (-87.9030396611 41.9790708201)
17031809200,2022-10-20,18:45,2022-10-20,19:00,852,5.1,17031130100,13,12.5,4.12,16.62,41.99006425,-87.72396783,POINT (-87.7239678299 41.9900642527)
17031809200,2022-10-29,23:45,2022-10-30,0:00,1097,5.5,17031030400,77,15,4.26,19.26,41.98695306,-87.67208099,POINT (-87.6720809941 41.9869530579)
17031809200,2022-10-29,17:15,2022-10-29,17:30,946,4.2,17031010300,1,10,3.94,13.94,42.01593438,-87.66653628,POINT (-87.6665362779 42.0159343756)
17031809200,2022-10-08,12:15,2022-10-08,12:45,1582,6.1,17031030900,77,12.5,4.55,17.05,41.97979555,-87.67144555,POINT (-87.6714455473 41.9797955506)
17031809200,2022-10-25,19:30,2022-10-25,20:00,1768,7.5,17031010600,1,20,1.34,21.34,42.00627886,-87.66768361,POINT (-87.6676836101 42.0062788614)
17031809200,2022-10-01,21:30,2022-10-01,21:45,1166,7.2,17031140701,14,12.5,4.62,17.12,41.96677494,-87.71084821,POINT (-87.7108482084 41.9667749433)
17031809200,2022-10-15,14:30,2022-10-15,15:00,993,4.2,17031020500,2,7.5,3.91,12.41,42.00131325,-87.6841982,POINT (-87.684198195 42.0013132491)
17031809200,2022-10-01,11:00,2022-10-01,12:00,3337,19.9,17031320400,32,27.5,1.34,35.84,41.87740612,-87.62197165,POINT (-87.6219716519 41.8774061234)
17031809200,2022-10-15,21:00,2022-10-15,21:15,1228,5.6,17031040202,4,10,4.28,14.28,41.97985531,-87.69409602,POINT (-87.6940960217 41.9798553089)
17031809200,2022-10-08,12:15,2022-10-08,12:45,1486,6.2,17031030101,77,17.5,1.34,18.84,41.99123453,-87.65730427,POINT (-87.6573042698 41.9912345323)
17031809200,2022-10-28,15:15,2022-10-28,15:45,2516,10,17031061901,6,17.5,6.03,23.53,41.94323712,-87.64347096,POINT (-87.6434709559 41.9432371225)
17031809200,2022-10-16,18:00,2022-10-16,18:15,946,4.1,17031010501,1,15,4.38,19.38,42.00941255,-87.66395821,POINT (-87.6639582144 42.0094125471)
17031809200,2022-10-29,23:30,2022-10-30,0:00,1745,12.5,17031081202,8,20,6.34,26.34,41.90278805,-87.62614559,POINT (-87.6261455896 41.9027880476)
17031809200,2022-10-20,13:45,2022-10-20,14:00,507,2.8,17031020200,2,5,4.54,9.54,42.01569675,-87.69966304,POINT (-87.6996630419 42.0156967498)
17031809200,2022-10-01,11:00,2022-10-01,11:45,2654,9.8,17031070400,7,17.5,5.28,22.78,41.92896727,-87.65615683,POINT (-87.6561568309 41.9289672664)
17031809200,2022-10-28,21:45,2022-10-28,22:15,1873,11.4,17031071100,7,25,5.71,30.71,41.92177819,-87.65106188,POINT (-87.6510618838 41.9217781876)
17031809200,2022-10-27,10:15,2022-10-27,10:45,1888,16,17031980000,76,25,14.91,39.91,41.97907082,-87.90303966,POINT (-87.9030396611 41.9790708201)
17031809200,2022-10-28,15:15,2022-10-28,16:00,2461,9.3,17031061000,6,15,4.98,19.98,41.94922091,-87.6519704,POINT (-87.6519703953 41.9492209135)
17031809200,2022-10-14,8:00,2022-10-14,8:15,721,3.2,17031020100,2,7.5,3.65,11.15,42.01571991,-87.68711599,POINT (-87.6871159899 42.0157199072)
17031809200,2022-10-23,17:45,2022-10-23,18:30,2627,13.8,17031320100,32,20,2.84,22.84,41.88498719,-87.62099291,POINT (-87.6209929134 41.8849871918)
17031809200,2022-10-25,15:30,2022-10-25,16:15,2543,12.7,17031081202,8,25,1.34,30.34,41.90278805,-87.62614559,POINT (-87.6261455896 41.9027880476)
17031809200,2022-10-20,9:15,2022-10-20,10:00,2135,9.8,17031063000,6,27.5,1.34,28.84,41.93631013,-87.65156259,POINT (-87.6515625922 41.9363101308)
17031809200,2022-10-08,0:15,2022-10-08,0:30,978,6.7,17031140200,14,12.5,0.64,13.14,41.97024498,-87.71343533,POINT (-87.7134353285 41.9702449819)
17031809200,2022-10-13,7:15,2022-10-13,8:00,2797,12.3,17031071200,7,22.5,6.08,28.58,41.92185491,-87.64621098,POINT (-87.6462109769 41.9218549112)
17031809200,2022-10-13,20:00,2022-10-13,20:30,1945,12.9,17031081300,8,25,10.08,35.08,41.89833179,-87.62076287,POINT (-87.6207628651 41.8983317935)
17031809200,2022-10-04,13:45,2022-10-04,14:30,2288,13.6,17031220602,22,17.5,6.21,23.71,41.92932971,-87.71197425,POINT (-87.7119742544 41.9293297134)
17031809200,2022-10-27,10:15,2022-10-27,10:45,1956,16.5,17031241600,24,37.5,1.34,38.84,41.90665077,-87.66533766,POINT (-87.6653376596 41.9066507664)
17031809200,2022-10-09,15:30,2022-10-09,16:00,1930,9.2,17031061000,6,15,5.17,21.17,41.94922091,-87.6519704,POINT (-87.6519703953 41.9492209135)
17031809200,2022-10-30,0:45,2022-10-30,1:00,958,6.7,17031140200,14,12.5,0.64,13.14,41.97024498,-87.71343533,POINT (-87.7134353285 41.9702449819)
17031809200,2022-10-28,15:15,2022-10-28,17:00,6142,21.3,17031980100,56,60,6.34,66.34,41.78599852,-87.75093429,POINT (-87.7509342894 41.785998518)
17031809200,2022-10-13,20:00,2022-10-13,20:30,1745,14.8,17031760801,76,27.5,5.77,33.27,41.98227293,-87.84158643,POINT (-87.8415864319 41.9822729289)
17031809200,2022-10-30,0:45,2022-10-30,1:15,1884,17.6,17031071700,7,20,5.94,25.94,41.91286892,-87.64107075,POINT (-87.6410707462 41.9128689225)
17031809200,2022-10-29,21:30,2022-10-29,21:45,676,4.1,17031010702,1,10,3.9,13.9,42.00901823,-87.67272396,POINT (-87.6727239593 42.0090182269)
17031809200,2022-10-24,8:30,2022-10-24,9:15,2832,15.5,17031330100,33,40,1.34,41.34,41.85934972,-87.61735801,POINT (-87.6173580061 41.859349715)
17031809200,2022-10-24,8:30,2022-10-24,9:15,2246,17,17031980000,76,37.5,6.86,51.36,41.97907082,-87.90303966,POINT (-87.9030396611 41.9790708201)
17031809200,2022-10-23,0:00,2022-10-23,0:45,2547,21,17031411000,41,27.5,8.06,35.56,41.79050626,-87.58314372,POINT (-87.5831437169 41.7905062613)
17031809200,2022-10-14,8:00,2022-10-14,8:45,2833,21.1,17031836200,41,30,8.27,38.27,41.7904694,-87.60128512,POINT (-87.6012851221 41.7904693995)
17031809200,2022-10-04,13:45,2022-10-04,14:15,1737,7.5,17031830700,3,12.5,4.84,17.34,41.95805593,-87.66038946,POINT (-87.6603894557 41.958055933)
17031809200,2022-10-29,20:00,2022-10-29,20:15,1543,7.4,17031010503,1,12.5,0.64,13.14,42.00032031,-87.6631268,POINT (-87.6631267998 42.0003203059)
17031809200,2022-10-29,23:00,2022-10-29,23:30,1938,10.1,17031063302,6,22.5,1.34,23.84,41.93476246,-87.63985386,POINT (-87.6398538587 41.9347624564)
17031809200,2022-10-29,22:00,2022-10-29,22:30,945,6,17031120300,12,12.5,4.25,21.75,41.99111956,-87.74005519,POINT (-87.7400551895 41.991119555)
17031809200,2022-10-29,20:00,2022-10-29,20:30,1987,14.4,17031320100,32,25,6.48,31.48,41.88498719,-87.62099291,POINT (-87.6209929134 41.8849871918)
17031809200,2022-10-29,23:45,2022-10-30,0:30,2485,20.3,17031410800,41,52.5,9.16,61.66,41.79796521,-87.58960703,POINT (-87.5896070309 41.7979652088)
17031809200,2022-10-29,22:00,2022-10-29,22:30,1572,16.3,17031241400,24,25,6.96,36.96,41.90602597,-87.67531162,POINT (-87.6753116216 41.906025969)
17031809200,2022-10-27,6:00,2022-10-27,6:30,1837,16.4,17031980000,76,30,14.38,44.38,41.97907082,-87.90303966,POINT (-87.9030396611 41.9790708201)
17031809200,2022-10-29,23:30,2022-10-30,0:00,1108,5.5,17031030900,77,25,6.47,31.47,41.97979555,-87.67144555,POINT (-87.6714455473 41.9797955506)
17031809200,2022-10-29,23:00,2022-10-30,0:00,3342,19.3,17031292500,29,32.5,1.34,33.84,41.85510397,-87.7322454,POINT (-87.7322454045 41.8551039667)
17031809200,2022-10-15,21:00,2022-10-15,21:15,1018,4.2,17031010702,1,7.5,3.91,11.41,42.00901823,-87.67272396,POINT (-87.6727239593 42.0090182269)
17031809200,2022-10-29,17:15,2022-10-29,18:00,2269,9.5,17031110400,11,30,1.34,31.34,41.9729552,-87.77261691,POINT (-87.7726169108 41.9729552005)
17031809200,2022-10-28,21:45,2022-10-28,22:00,1340,14.1,17031210700,21,22.5,6.97,29.47,41.93570647,-87.70385454,POINT (-87.7038545435 41.9357064711)
17031809200,2022-10-10,18:15,2022-10-10,18:30,1578,6.9,17031830700,3,17.5,4.75,22.25,41.95805593,-87.66038946,POINT (-87.6603894557 41.958055933)
17031809200,2022-10-13,7:15,2022-10-13,7:30,1062,4.5,17031020802,2,12.5,0.64,13.14,41.99405982,-87.69463072,POINT (-87.6946307194 41.994059824)
17031809200,2022-10-29,22:45,2022-10-29,23:30,2489,21.3,17031081300,8,40,8.22,48.22,41.89833179,-87.62076287,POINT (-87.6207628651 41.8983317935)
17031809200,2022-10-08,12:15,2022-10-08,12:45,1756,7.5,17031031400,3,15,4.73,19.73,41.96217863,-87.64537876,POINT (-87.6453787624 41.962178629)
17031809200,2022-10-29,23:00,2022-10-29,23:45,2239,12.9,17031071200,7,27.5,1.34,28.84,41.92185491,-87.64621098,POINT (-87.6462109769 41.9218549112)
17031809200,2022-10-14,8:00,2022-10-14,8:30,2173,15.9,17031980000,76,35,6.87,47.87,41.97907082,-87.90303966,POINT (-87.9030396611 41.9790708201)
17031809200,2022-10-29,17:15,2022-10-29,18:00,3068,13.4,17031190401,19,22.5,5.79,33.29,41.93472807,-87.78095292,POINT (-87.7809529189 41.9347280725)
17031809200,2022-10-08,0:15,2022-10-08,0:30,691,3.1,17031010201,1,7.5,3.72,11.22,42.01601056,-87.68016227,POINT (-87.680162272 42.0160105638)
17031809200,2022-10-09,15:30,2022-10-09,15:45,815,3.7,17031010300,1,15,1.34,16.34,42.01593438,-87.66653628,POINT (-87.6665362779 42.0159343756)
17031809200,2022-10-29,23:00,2022-10-29,23:15,1474,7.5,17031830700,3,15,4.79,19.79,41.95805593,-87.66038946,POINT (-87.6603894557 41.958055933)
17031809200,2022-11-05,15:15,2022-11-05,15:45,1300,4.9,17031030200,77,32.5,4.34,45.84,41.99444225,-87.66522478,POINT (-87.6652247765 41.9944422482)
17031809200,2022-11-26,20:15,2022-11-26,20:45,2141,9.7,17031070500,7,20,5.3,25.3,41.9289459,-87.66089257,POINT (-87.6608925701 41.9289459041)
17031809200,2022-11-11,18:15,2022-11-11,19:00,2620,9.5,17031070600,7,22.5,5.48,27.98,41.92876301,-87.66567684,POINT (-87.665676837 41.9287630064)
17031809200,2022-11-17,18:00,2022-11-17,18:30,1313,5.3,17031010503,1,15,4.19,19.19,42.00032031,-87.6631268,POINT (-87.6631267998 42.0003203059)
17031809200,2022-11-12,18:30,2022-11-12,18:45,896,4.4,17031020901,2,15,3.91,18.91,41.99422523,-87.68607688,POINT (-87.6860768812 41.9942252345)
17031809200,2022-11-05,14:45,2022-11-05,15:30,2030,7.3,17031031300,3,37.5,4.71,42.21,41.97292932,-87.65029007,POINT (-87.6502900743 41.9729293173)
17031809200,2022-11-11,18:30,2022-11-11,19:00,2250,7.8,17031830700,3,17.5,4.76,22.26,41.95805593,-87.66038946,POINT (-87.6603894557 41.958055933)
17031809200,2022-11-02,17:45,2022-11-02,19:00,3974,25.8,17031980100,56,42.5,14.39,67.89,41.78599852,-87.75093429,POINT (-87.7509342894 41.785998518)
17031809200,2022-11-23,17:00,2022-11-23,17:45,2481,11,17031210100,21,17.5,0,17.5,41.94287254,-87.70133029,POINT (-87.701330291 41.9428725376)
17031809200,2022-11-05,17:30,2022-11-05,18:15,2476,10.4,17031831000,22,37.5,1.32,38.82,41.91600527,-87.67509512,POINT (-87.6750951155 41.9160052737)
17031809200,2022-11-08,18:00,2022-11-08,18:30,993,4.3,17031010300,1,10,3.87,13.87,42.01593438,-87.66653628,POINT (-87.6665362779 42.0159343756)
17031809200,2022-11-05,7:45,2022-11-05,8:15,1944,19.8,17031980000,76,27.5,6.85,34.35,41.97907082,-87.90303966,POINT (-87.9030396611 41.9790708201)
17031809200,2022-11-05,15:45,2022-11-05,16:30,2721,16.6,17031241600,24,25,7.04,40.04,41.90665077,-87.66533766,POINT (-87.6653376596 41.9066507664)
17031809200,2022-11-26,20:15,2022-11-26,20:30,1397,13.8,17031210502,21,20,1.32,21.32,41.93378505,-87.72205233,POINT (-87.7220523299 41.9337850524)
17031809200,2022-11-02,17:45,2022-11-02,18:00,954,3.4,17031010201,1,7.5,3.61,11.11,42.01601056,-87.68016227,POINT (-87.680162272 42.0160105638)
17031809200,2022-11-11,18:00,2022-11-11,18:45,2770,10.5,17031221300,22,25,1.32,26.32,41.92112591,-87.69975441,POINT (-87.6997544065 41.9211259143)
17031809200,2022-11-05,16:00,2022-11-05,16:30,1756,5.9,17031030900,77,25,1.32,26.32,41.97979555,-87.67144555,POINT (-87.6714455473 41.9797955506)
17031809200,2022-11-19,21:30,2022-11-19,21:45,847,3.7,17031010202,1,10,4.05,14.05,42.01604649,-87.67333378,POINT (-87.6733337784 42.0160464924)
17031809200,2022-11-05,14:30,2022-11-05,15:15,2126,10.8,17031071400,7,50,5.58,55.58,41.92208254,-87.63415609,POINT (-87.6341560931 41.922082541)
17031809200,2022-11-17,18:00,2022-11-17,18:15,1130,4.8,17031010600,1,17.5,1.32,18.82,42.00627886,-87.66768361,POINT (-87.6676836101 42.0062788614)
17031809200,2022-11-05,17:30,2022-11-05,18:30,3057,12.7,17031280400,28,47.5,1.32,48.82,41.88600579,-87.67187394,POINT (-87.671873941 41.8860057857)
17031809200,2022-11-25,22:30,2022-11-25,23:00,1745,19.7,17031839000,32,22.5,8.41,30.91,41.87101588,-87.63140653,POINT (-87.6314065252 41.8710158803)
17031809200,2022-11-22,21:45,2022-11-22,21:45,656,3.7,17031010701,1,7.5,3.79,11.29,42.00915006,-87.67861897,POINT (-87.67861897 42.0091500631)
17031809200,2022-11-17,7:30,2022-11-17,8:45,3709,15.8,17031841900,28,27.5,8.91,36.41,41.86790242,-87.64295867,POINT (-87.6429586652 41.8679024175)
17031809200,2022-11-18,20:45,2022-11-18,21:15,1768,9.8,17031062000,6,15,5.35,20.35,41.94257719,-87.64707851,POINT (-87.6470785093 41.942577185)
17031809200,2022-11-05,16:15,2022-11-05,17:00,2639,10.1,17031221400,22,40,6.24,46.24,41.9208017,-87.69453234,POINT (-87.6945323419 41.9208017043)
17031809200,2022-11-05,17:00,2022-11-05,17:45,3163,11.7,17031241400,24,32.5,5.7,38.2,41.90602597,-87.67531162,POINT (-87.6753116216 41.906025969)
17031809200,2022-11-20,21:15,2022-11-20,21:30,437,2.5,17031020100,2,7.5,3.53,11.03,42.01571991,-87.68711599,POINT (-87.6871159899 42.0157199072)
17031809200,2022-11-05,17:00,2022-11-05,17:30,2474,13.6,17031081500,8,25,21.85,58.85,41.89250778,-87.62621491,POINT (-87.6262149064 41.8925077809)
17031809200,2022-11-05,16:00,2022-11-05,16:45,3030,13.8,17031081500,8,32.5,6.55,45.05,41.89250778,-87.62621491,POINT (-87.6262149064 41.8925077809)
17031809200,2022-11-26,20:15,2022-11-26,20:45,1625,8.5,17031061200,6,17.5,4.92,22.42,41.94906053,-87.6616429,POINT (-87.6616429039 41.9490605256)
17031809200,2022-11-16,9:45,2022-11-16,10:00,1607,7.5,17031031502,3,15,4.95,19.95,41.96363317,-87.65236536,POINT (-87.6523653588 41.9636331692)
17031809200,2022-11-05,17:30,2022-11-05,18:00,1651,7.6,17031830700,3,20,4.71,24.71,41.95805593,-87.66038946,POINT (-87.6603894557 41.958055933)
17031809200,2022-11-15,18:15,2022-11-15,18:30,828,3,17031010201,1,10,3.63,13.63,42.01601056,-87.68016227,POINT (-87.680162272 42.0160105638)
17031809200,2022-11-16,9:45,2022-11-16,10:00,984,3.7,17031010202,1,12.5,1.32,13.82,42.01604649,-87.67333378,POINT (-87.6733337784 42.0160464924)
17031809200,2022-11-18,20:45,2022-11-18,21:15,1747,17.9,17031242000,24,20,7.4,27.4,41.89973739,-87.66495392,POINT (-87.6649539167 41.8997373884)
17031809200,2022-11-05,14:30,2022-11-05,15:00,2250,12.4,17031080300,8,70,5.91,75.91,41.90749193,-87.63576009,POINT (-87.6357600901 41.9074919303)
17031809200,2022-11-09,9:30,2022-11-09,9:45,737,3.5,17031010202,1,15,1.32,16.32,42.01604649,-87.67333378,POINT (-87.6733337784 42.0160464924)
17031809200,2022-11-05,15:45,2022-11-05,16:45,3445,14.7,17031280100,28,35,10.57,45.57,41.88530002,-87.64280847,POINT (-87.6428084655 41.8853000224)
17031809200,2022-11-19,21:30,2022-11-19,22:00,1641,9,17031830900,22,20,6.54,26.54,41.92861905,-87.68536202,POINT (-87.685362024 41.9286190509)
17031809200,2022-11-05,16:00,2022-11-05,16:30,2081,9.8,17031832000,6,30,5.24,35.24,41.94629454,-87.65429808,POINT (-87.6542980837 41.9462945357)
17031809200,2022-11-08,18:00,2022-11-08,18:30,1980,8.1,17031160200,16,20,1.32,21.32,41.95879786,-87.73839391,POINT (-87.7383939059 41.9587978628)
17031809200,2022-11-05,14:45,2022-11-05,15:15,1887,8.5,17031060900,6,55,4.99,59.99,41.94982935,-87.64396537,POINT (-87.6439653703 41.949829346)
17031809200,2022-11-17,18:00,2022-11-17,18:15,1020,4,17031010300,1,10,3.87,13.87,42.01593438,-87.66653628,POINT (-87.6665362779 42.0159343756)
17031809200,2022-11-24,19:15,2022-11-24,19:30,1123,4.5,17031020500,2,27.5,1.32,28.82,42.00131325,-87.6841982,POINT (-87.684198195 42.0013132491)
17031809200,2022-10-31,21:15,2022-10-31,21:45,1401,9,17031060900,6,22.5,1.32,23.82,41.94982935,-87.64396537,POINT (-87.6439653703 41.949829346)
17031809200,2022-11-11,7:00,2022-11-11,7:45,2332,12.7,17031071200,7,20,6.48,26.48,41.92185491,-87.64621098,POINT (-87.6462109769 41.9218549112)
17031809200,2022-11-20,21:30,2022-11-20,21:45,1051,5,17031010502,1,10,4.11,14.11,42.00451749,-87.66332786,POINT (-87.6633278588 42.0045174875)
17031809200,2022-11-05,14:45,2022-11-05,15:30,2112,6.6,17031031100,3,40,4.54,44.54,41.97266796,-87.6638655,POINT (-87.6638654956 41.9726679555)
17031809200,2022-11-12,23:45,2022-11-13,0:15,1672,10,17031063302,6,17.5,5.4,22.9,41.93476246,-87.63985386,POINT (-87.6398538587 41.9347624564)
17031809200,2022-11-23,23:45,2022-11-24,0:00,738,4.1,17031010300,1,12.5,3.91,16.41,42.01593438,-87.66653628,POINT (-87.6665362779 42.0159343756)
17031809200,2022-11-11,18:30,2022-11-11,18:45,899,3.8,17031010702,1,15,1.32,16.32,42.00901823,-87.67272396,POINT (-87.6727239593 42.0090182269)
17031809200,2022-11-15,18:15,2022-11-15,18:30,1092,4.4,17031010300,1,12.5,3.87,16.37,42.01593438,-87.66653628,POINT (-87.6665362779 42.0159343756)
17031809200,2022-11-29,7:00,2022-11-29,7:45,2578,12.5,17031071800,7,17.5,6.35,23.85,41.91458571,-87.64596621,POINT (-87.6459662069 41.9145857091)
17031809200,2022-11-12,18:30,2022-11-12,19:00,2046,9.1,17031061902,6,30,5.12,35.12,41.94315509,-87.64069808,POINT (-87.640698076 41.9431550855)
17031809200,2022-11-25,22:30,2022-11-25,22:45,1057,4.8,17031010600,1,12.5,1.32,13.82,42.00627886,-87.66768361,POINT (-87.6676836101 42.0062788614)
17031809200,2022-11-22,21:45,2022-11-22,22:15,1834,12.9,17031081100,8,20,6.35,26.35,41.9002213,-87.62910519,POINT (-87.6291051864 41.9002212967)
17031809200,2022-11-29,11:30,2022-11-29,12:00,2021,16.3,17031980000,76,50,6.82,56.82,41.97907082,-87.90303966,POINT (-87.9030396611 41.9790708201)
17031809200,2022-11-20,21:15,2022-11-20,21:30,1297,6.4,17031030500,77,20,4.89,30.89,41.98722556,-87.66493772,POINT (-87.6649377243 41.9872255578)
17031809200,2022-11-17,7:30,2022-11-17,8:30,3645,15.6,17031839100,32,30,8.47,46.47,41.88099447,-87.63274649,POINT (-87.6327464887 41.8809944707)
17031809200,2022-11-05,14:45,2022-11-05,15:30,3006,12.7,17031081500,8,75,1.32,76.32,41.89250778,-87.62621491,POINT (-87.6262149064 41.8925077809)
17031809200,2022-11-23,7:15,2022-11-23,7:30,1482,7.9,17031050600,5,15,4.78,19.78,41.9505457,-87.6761825,POINT (-87.6761824959 41.9505456965)
17031809200,2022-10-31,16:45,2022-10-31,17:00,1261,4.8,17031830600,1,15,4.07,24.07,42.00169819,-87.67357403,POINT (-87.6735740325 42.0016981937)
17031809200,2022-11-09,9:30,2022-11-09,10:15,2257,12.9,17031081800,8,20,7.82,27.82,41.89321636,-87.63784421,POINT (-87.6378442095 41.8932163595)
17031809200,2022-11-15,18:15,2022-11-15,19:00,3244,13.5,17031242600,24,20,2.28,22.28,41.90056038,-87.69419737,POINT (-87.6941973701 41.9005603836)
17031809200,2022-11-23,23:45,2022-11-24,0:00,1146,6.7,17031140702,14,10,4.47,14.47,41.96311575,-87.71322933,POINT (-87.7132293348 41.9631157548)
17031809200,2022-11-05,17:00,2022-11-05,18:15,4113,24.8,17031690900,69,40,9.51,49.51,41.76214231,-87.61034584,POINT (-87.6103458371 41.7621423146)
17031809200,2022-11-05,14:45,2022-11-05,15:30,2594,16.6,17031241500,24,75,7.34,103.34,41.90837867,-87.67094508,POINT (-87.6709450752 41.9083786693)
17031809200,2022-11-05,7:45,2022-11-05,8:15,1896,19.7,17031081800,8,22.5,7.56,30.06,41.89321636,-87.63784421,POINT (-87.6378442095 41.8932163595)
17031809200,2022-11-12,18:30,2022-11-12,18:45,923,3.8,17031020301,2,17.5,1.32,20.82,42.00744692,-87.70460563,POINT (-87.7046056338 42.0074469243)
17031809200,2022-11-12,23:45,2022-11-13,0:00,854,4.2,17031010300,1,10,3.9,13.9,42.01593438,-87.66653628,POINT (-87.6665362779 42.0159343756)
17031809200,2022-10-31,16:45,2022-10-31,17:00,806,5,17031130100,13,15,4.13,19.13,41.99006425,-87.72396783,POINT (-87.7239678299 41.9900642527)
17031809200,2022-11-05,17:30,2022-11-05,17:45,1045,4.9,17031020802,2,20,4.1,24.1,41.99405982,-87.69463072,POINT (-87.6946307194 41.994059824)
17031809200,2022-11-12,23:45,2022-11-13,0:15,1969,12.7,17031081300,8,25,1.32,31.32,41.89833179,-87.62076287,POINT (-87.6207628651 41.8983317935)
17031809200,2022-11-15,18:15,2022-11-15,18:45,1903,16.3,17031980000,76,52.5,6.83,59.33,41.97907082,-87.90303966,POINT (-87.9030396611 41.9790708201)
17031809200,2022-11-11,18:15,2022-11-11,18:30,1281,6.9,17031831800,13,12.5,4.5,17,41.97829425,-87.71643042,POINT (-87.7164304157 41.9782942489)
17031809200,2022-11-29,7:00,2022-11-29,7:45,2589,11.9,17031071200,7,17.5,6.88,24.38,41.92185491,-87.64621098,POINT (-87.6462109769 41.9218549112)
17031809200,2022-11-23,16:00,2022-11-23,16:45,3330,15.1,17031980000,76,25,11.62,36.62,41.97907082,-87.90303966,POINT (-87.9030396611 41.9790708201)
17031809200,2022-11-05,17:30,2022-11-05,18:00,1622,7.2,17031031200,3,17.5,4.53,22.03,41.97270955,-87.65734111,POINT (-87.6573411073 41.9727095466)
17031809200,2022-11-23,23:45,2022-11-24,0:00,621,3.1,17031020200,2,12.5,3.64,16.14,42.01569675,-87.69966304,POINT (-87.6996630419 42.0156967498)
17031809200,2022-11-18,20:45,2022-11-18,21:00,1112,5.6,17031030104,77,12.5,4.27,16.77,41.99715394,-87.65749879,POINT (-87.6574987907 41.9971539428)
17031809200,2022-11-20,21:30,2022-11-20,21:45,695,4.4,17031020500,2,12.5,1.32,13.82,42.00131325,-87.6841982,POINT (-87.684198195 42.0013132491)
17031809200,2022-10-31,16:45,2022-10-31,17:15,2183,13,17031320100,32,22.5,8.62,31.12,41.88498719,-87.62099291,POINT (-87.6209929134 41.8849871918)
17031809200,2022-11-29,11:30,2022-11-29,11:45,1263,5.8,17031030800,77,12.5,4.29,17.79,41.97991245,-87.66418824,POINT (-87.6641882421 41.9799124453)
17031809200,2022-11-05,15:15,2022-11-05,15:45,1903,7.7,17031830700,3,25,4.71,29.71,41.95805593,-87.66038946,POINT (-87.6603894557 41.958055933)
17031809200,2022-11-24,19:15,2022-11-24,19:45,1722,9.9,17031061901,6,22.5,5.36,27.86,41.94323712,-87.64347096,POINT (-87.6434709559 41.9432371225)
17031809200,2022-11-11,18:00,2022-11-11,18:15,899,4,17031010300,1,10,3.88,13.88,42.01593438,-87.66653628,POINT (-87.6665362779 42.0159343756)
17031809200,2022-11-11,18:00,2022-11-11,18:30,2092,10.7,17031071400,7,22.5,6.44,28.94,41.92208254,-87.63415609,POINT (-87.6341560931 41.922082541)
17031809200,2022-11-23,7:15,2022-11-23,7:30,718,3.8,17031010202,1,10,3.82,13.82,42.01604649,-87.67333378,POINT (-87.6733337784 42.0160464924)
17031809200,2022-11-05,15:15,2022-11-05,16:00,2388,7.5,17031031501,3,20,4.68,29.68,41.96728861,-87.652435,POINT (-87.6524349997 41.9672886138)
17031809200,2022-11-26,20:15,2022-11-26,20:45,1761,9.3,17031062600,6,17.5,5.2,22.7,41.93598891,-87.67096638,POINT (-87.6709663837 41.9359889065)
17031809200,2022-11-25,22:30,2022-11-25,23:00,1972,11.4,17031070200,7,27.5,1.32,28.82,41.92907766,-87.64629348,POINT (-87.6462934762 41.9290776551)
17031809200,2022-11-16,9:45,2022-11-16,10:00,766,3.5,17031010202,1,12.5,1.32,13.82,42.01604649,-87.67333378,POINT (-87.6733337784 42.0160464924)
17031809200,2022-11-19,21:30,2022-11-19,21:45,746,4.2,17031010702,1,10,3.91,13.91,42.00901823,-87.67272396,POINT (-87.6727239593 42.0090182269)
17031809200,2022-11-05,15:45,2022-11-05,16:30,2072,12.9,17031760801,76,45,6.34,51.34,41.98227293,-87.84158643,POINT (-87.8415864319 41.9822729289)
17031809200,2022-11-11,18:15,2022-11-11,19:00,2770,13.3,17031081700,8,30,1.32,32.32,41.89204214,-87.63186395,POINT (-87.6318639497 41.8920421365)
17031809200,2022-11-05,14:30,2022-11-05,14:45,1640,6.9,17031830700,3,32.5,4.59,37.09,41.95805593,-87.66038946,POINT (-87.6603894557 41.958055933)
17031809200,2022-11-05,16:15,2022-11-05,17:00,2651,10.2,17031240500,24,22.5,5.43,32.93,41.9119723,-87.68364292,POINT (-87.6836429218 41.9119723006)
17031809200,2022-11-02,17:45,2022-11-02,18:15,1026,4.5,17031010702,1,15,1.32,16.32,42.00901823,-87.67272396,POINT (-87.6727239593 42.0090182269)
17031809200,2022-11-05,16:15,2022-11-05,17:00,2667,12.4,17031081201,8,30,5.95,35.95,41.89915561,-87.62621053,POINT (-87.6262105324 41.8991556134)
17031809200,2022-11-23,7:15,2022-11-23,7:30,1421,7.1,17031140302,14,15,4.61,19.61,41.97259777,-87.72378197,POINT (-87.7237819658 41.9725977673)
17031809200,2022-11-05,16:00,2022-11-05,16:45,2704,13.2,17031081403,8,22.5,6.69,36.19,41.89092203,-87.61886835,POINT (-87.6188683546 41.8909220259)
17031809200,2022-11-05,17:00,2022-11-05,17:45,2752,15.9,17031320600,32,32.5,6.85,45.35,41.87060737,-87.62217294,POINT (-87.6221729369 41.8706073724)
17031809200,2022-11-17,7:30,2022-11-17,8:15,2108,6.1,17031030500,77,10,0,10,41.98722556,-87.66493772,POINT (-87.6649377243 41.9872255578)
17031809200,2022-11-29,11:30,2022-11-29,12:00,1637,7.3,17031830700,3,20,1.32,21.32,41.95805593,-87.66038946,POINT (-87.6603894557 41.958055933)
17031809200,2022-11-05,17:00,2022-11-05,17:15,908,4.2,17031010202,1,12.5,3.84,21.34,42.01604649,-87.67333378,POINT (-87.6733337784 42.0160464924)
17031809200,2022-11-22,18:00,2022-11-22,18:45,2993,14.9,17031839100,32,32.5,8.04,42.54,41.88099447,-87.63274649,POINT (-87.6327464887 41.8809944707)
17031809200,2022-11-19,16:00,2022-11-19,16:15,653,3,17031010201,1,7.5,3.63,11.13,42.01601056,-87.68016227,POINT (-87.680162272 42.0160105638)
17031809200,2022-11-11,18:00,2022-11-11,18:15,730,3.1,17031010201,1,7.5,3.57,11.07,42.01601056,-87.68016227,POINT (-87.680162272 42.0160105638)
17031809200,2022-11-24,19:15,2022-11-24,19:30,689,3.9,17031010702,1,17.5,1.32,18.82,42.00901823,-87.67272396,POINT (-87.6727239593 42.0090182269)
17031809200,2022-11-04,11:00,2022-11-04,11:30,1634,19.4,17031830700,3,12.5,0,12.5,41.95805593,-87.66038946,POINT (-87.6603894557 41.958055933)
17031809200,2022-11-23,16:00,2022-11-23,16:45,2204,9.2,17031832000,6,27.5,5.36,37.86,41.94629454,-87.65429808,POINT (-87.6542980837 41.9462945357)
17031809200,2022-11-05,16:00,2022-11-05,17:15,3878,12.9,17031081800,8,27.5,6.22,33.72,41.89321636,-87.63784421,POINT (-87.6378442095 41.8932163595)
17031809200,2022-11-22,18:00,2022-11-22,18:15,991,4,17031010300,1,12.5,3.87,16.37,42.01593438,-87.66653628,POINT (-87.6665362779 42.0159343756)
17031809200,2022-11-09,9:30,2022-11-09,9:45,598,2.9,17031020200,2,7.5,4.19,11.69,42.01569675,-87.69966304,POINT (-87.6996630419 42.0156967498)
17031809200,2022-11-05,17:30,2022-11-05,17:45,851,3.6,17031020200,2,12.5,1.32,17.82,42.01569675,-87.69966304,POINT (-87.6996630419 42.0156967498)
17031809200,2022-11-05,17:00,2022-11-05,17:15,1216,5.6,17031030102,77,20,4.29,24.29,41.99344095,-87.65741774,POINT (-87.6574177422 41.9934409461)
17031809200,2022-11-19,16:00,2022-11-19,16:15,896,4.1,17031010600,1,10,4.3,14.3,42.00627886,-87.66768361,POINT (-87.6676836101 42.0062788614)
17031809200,2022-11-19,16:00,2022-11-19,17:00,3581,15.3,17031839100,32,27.5,1.32,30.82,41.88099447,-87.63274649,POINT (-87.6327464887 41.8809944707)
17031809200,2022-11-05,17:00,2022-11-05,17:30,1919,12.9,17031081100,8,22.5,6.22,28.72,41.9002213,-87.62910519,POINT (-87.6291051864 41.9002212967)
17031809200,2022-11-23,17:00,2022-11-23,17:15,916,3.9,17031010702,1,15,1.32,16.32,42.00901823,-87.67272396,POINT (-87.6727239593 42.0090182269)
17031809200,2022-12-10,16:30,2022-12-10,17:00,1256,4,17031010201,1,10,3.9,13.9,42.01601056,-87.68016227,POINT (-87.680162272 42.0160105638)
17031809200,2022-12-15,18:15,2022-12-15,18:45,1580,8.2,17031140400,14,20,4.89,24.89,41.97153938,-87.7389372,POINT (-87.7389372047 41.97153938)
17031809200,2022-12-02,18:30,2022-12-02,19:15,2628,16.2,17031330100,33,30,7.13,37.13,41.85934972,-87.61735801,POINT (-87.6173580061 41.859349715)
17031809200,2022-12-17,23:15,2022-12-17,23:45,1936,12.7,17031081300,8,20,6.05,26.05,41.89833179,-87.62076287,POINT (-87.6207628651 41.8983317935)
17031809200,2022-12-22,20:45,2022-12-22,21:00,1606,6.6,17031831800,13,12.5,3.69,16.19,41.97829425,-87.71643042,POINT (-87.7164304157 41.9782942489)
17031809200,2022-12-06,8:15,2022-12-06,8:45,2432,15.3,17031980000,76,27.5,11.67,39.17,41.97907082,-87.90303966,POINT (-87.9030396611 41.9790708201)
17031809200,2022-11-30,11:45,2022-11-30,12:00,1078,6.4,17031120200,12,12.5,4.48,16.98,41.99449804,-87.75759749,POINT (-87.7575974858 41.9944980381)
17031809200,2022-12-23,23:00,2022-12-23,23:15,962,3.9,17031020100,2,15,3.98,18.98,42.01571991,-87.68711599,POINT (-87.6871159899 42.0157199072)
17031809200,2022-12-13,17:30,2022-12-13,17:45,1283,5.9,17031040202,4,17.5,4.34,21.84,41.97985531,-87.69409602,POINT (-87.6940960217 41.9798553089)
17031809200,2022-12-17,22:45,2022-12-17,23:15,1876,7.3,17031830700,3,22.5,1.24,23.74,41.95805593,-87.66038946,POINT (-87.6603894557 41.958055933)
17031809200,2022-12-11,18:30,2022-12-11,18:45,803,3.5,17031010202,1,10,4.31,14.31,42.01604649,-87.67333378,POINT (-87.6733337784 42.0160464924)
17031809200,2022-12-06,8:15,2022-12-06,8:30,849,3.7,17031010600,1,10,3.78,13.78,42.00627886,-87.66768361,POINT (-87.6676836101 42.0062788614)
17031809200,2022-12-23,23:00,2022-12-23,23:30,2231,13.4,17031081700,8,20,6.24,26.24,41.89204214,-87.63186395,POINT (-87.6318639497 41.8920421365)
17031809200,2022-12-10,16:30,2022-12-10,17:15,2852,9.6,17031832000,6,20,5.19,29.19,41.94629454,-87.65429808,POINT (-87.6542980837 41.9462945357)
17031809200,2022-12-29,17:45,2022-12-29,18:00,1051,3.8,17031020302,2,12.5,1.24,13.74,42.00854076,-87.69496375,POINT (-87.6949637498 42.0085407611)
17031809200,2022-12-22,17:15,2022-12-22,17:30,1053,3.5,17031010702,1,12.5,3.76,16.26,42.00901823,-87.67272396,POINT (-87.6727239593 42.0090182269)
17031809200,2022-12-09,16:30,2022-12-09,16:45,794,3.3,17031010201,1,12.5,3.62,16.12,42.01601056,-87.68016227,POINT (-87.680162272 42.0160105638)
17031809200,2022-12-17,21:15,2022-12-17,21:45,1733,23.4,17031839500,35,27.5,8.61,36.11,41.83409739,-87.61928952,POINT (-87.6192895188 41.8340973906)
17031809200,2022-12-25,19:45,2022-12-25,20:00,840,4.3,17031010702,1,10,3.91,13.91,42.00901823,-87.67272396,POINT (-87.6727239593 42.0090182269)
17031809200,2022-12-11,19:30,2022-12-11,19:45,854,4.2,17031010702,1,10,3.91,13.91,42.00901823,-87.67272396,POINT (-87.6727239593 42.0090182269)
17031809200,2022-11-30,11:15,2022-11-30,12:00,2469,19.3,17031980000,76,20,14.55,34.55,41.97907082,-87.90303966,POINT (-87.9030396611 41.9790708201)
17031809200,2022-12-15,9:00,2022-12-15,9:00,761,3.1,17031010202,1,7.5,4.26,11.76,42.01604649,-87.67333378,POINT (-87.6733337784 42.0160464924)
17031809200,2022-12-21,15:30,2022-12-21,16:30,3437,15.2,17031980000,76,35,11.79,46.79,41.97907082,-87.90303966,POINT (-87.9030396611 41.9790708201)
17031809200,2022-12-25,19:00,2022-12-25,19:45,2374,14.4,17031250700,25,27.5,1.24,28.74,41.90582098,-87.76081299,POINT (-87.7608129894 41.905820977)
17031809200,2022-12-17,23:15,2022-12-17,23:45,1336,7.1,17031031000,3,17.5,5.4,27.9,41.97243708,-87.67110953,POINT (-87.6711095263 41.9724370811)
17031809200,2022-12-17,18:30,2022-12-17,18:45,1236,6.5,17031040300,4,30,1.24,31.24,41.97681175,-87.70194107,POINT (-87.701941074 41.9768117505)
17031809200,2022-12-23,23:00,2022-12-23,23:15,773,3.2,17031010201,1,7.5,3.67,11.17,42.01601056,-87.68016227,POINT (-87.680162272 42.0160105638)
17031809200,2022-12-09,18:30,2022-12-09,18:45,997,5.7,17031120300,12,12.5,4.28,21.78,41.99111956,-87.74005519,POINT (-87.7400551895 41.991119555)
17031809200,2022-12-09,16:30,2022-12-09,17:30,3380,13.4,17031081500,8,47.5,8.35,55.85,41.89250778,-87.62621491,POINT (-87.6262149064 41.8925077809)
17031809200,2022-12-02,18:30,2022-12-02,18:45,1023,3.8,17031010202,1,10,4.24,14.24,42.01604649,-87.67333378,POINT (-87.6733337784 42.0160464924)
17031809200,2022-12-15,9:00,2022-12-15,9:45,2276,17,17031243500,24,25,1.24,34.24,41.89265811,-87.65253448,POINT (-87.6525344838 41.8926581076)
17031809200,2022-12-17,19:30,2022-12-17,19:45,807,5.4,17031020702,2,12.5,4.23,16.73,41.99414365,-87.70489349,POINT (-87.7048934862 41.9941436461)
17031809200,2022-12-04,12:15,2022-12-04,13:00,2188,23.8,17031290900,29,25,8.78,33.78,41.86241427,-87.73246964,POINT (-87.7324696377 41.8624142737)
17031809200,2022-12-11,12:15,2022-12-11,13:00,2207,19.1,17031281900,28,25,7.74,32.74,41.87925508,-87.642649,POINT (-87.642648998 41.8792550844)
17031809200,2022-12-17,17:15,2022-12-17,17:30,827,3.7,17031010201,1,5,1.24,6.24,42.01601056,-87.68016227,POINT (-87.680162272 42.0160105638)
17031809200,2022-12-26,14:45,2022-12-26,15:00,850,3.4,17031010202,1,10,3.71,13.71,42.01604649,-87.67333378,POINT (-87.6733337784 42.0160464924)
17031809200,2022-12-17,17:15,2022-12-17,17:30,808,5,17031130100,13,12.5,4.12,16.62,41.99006425,-87.72396783,POINT (-87.7239678299 41.9900642527)
17031809200,2022-12-09,16:30,2022-12-09,17:30,3909,15,17031081500,8,47.5,8.35,55.85,41.89250778,-87.62621491,POINT (-87.6262149064 41.8925077809)
17031809200,2022-12-17,19:30,2022-12-17,20:15,2739,16.8,17031310600,31,37.5,24.85,62.35,41.85633322,-87.65956424,POINT (-87.6595642391 41.8563332167)
17031809200,2022-12-26,14:45,2022-12-26,15:00,812,3.7,17031010202,1,10,3.79,13.79,42.01604649,-87.67333378,POINT (-87.6733337784 42.0160464924)
17031809200,2022-12-17,23:15,2022-12-17,23:45,1200,6.4,17031020901,2,17.5,1.24,18.74,41.99422523,-87.68607688,POINT (-87.6860768812 41.9942252345)
17031809200,2022-12-15,18:15,2022-12-15,18:45,1688,6.6,17031040600,4,32.5,4.53,37.03,41.96683407,-87.68401837,POINT (-87.6840183712 41.9668340674)
17031809200,2022-12-17,22:45,2022-12-17,23:15,1849,12.8,17031081300,8,20,6.2,26.2,41.89833179,-87.62076287,POINT (-87.6207628651 41.8983317935)
17031809200,2022-12-17,23:45,2022-12-18,0:00,707,6,17031020801,2,10,4.12,14.12,41.98680863,-87.69441519,POINT (-87.6944151909 41.9868086263)
17031809200,2022-12-26,22:45,2022-12-26,23:00,1090,4.2,17031020500,2,10,5.49,15.49,42.00131325,-87.6841982,POINT (-87.684198195 42.0013132491)
17031809200,2022-12-23,19:00,2022-12-23,19:30,1431,10.3,17031140500,14,17.5,1.24,18.74,41.96536259,-87.73183274,POINT (-87.7318327391 41.9653625868)
17031809200,2022-12-23,19:00,2022-12-23,19:45,2542,10.5,17031071200,7,20,6.25,26.25,41.92185491,-87.64621098,POINT (-87.6462109769 41.9218549112)
17031809200,2022-12-03,8:15,2022-12-03,8:45,2181,19.2,17031081800,8,27.5,1.24,32.74,41.89321636,-87.63784421,POINT (-87.6378442095 41.8932163595)
17031809200,2022-12-17,23:45,2022-12-18,0:00,737,4.2,17031010600,1,12.5,3.86,16.36,42.00627886,-87.66768361,POINT (-87.6676836101 42.0062788614)
17031809200,2022-12-17,21:15,2022-12-17,21:30,1348,6.4,17031031800,3,15,4.44,22.44,41.96701176,-87.67062104,POINT (-87.6706210432 41.9670117607)
17031809200,2022-12-11,18:30,2022-12-11,19:15,2717,17.5,17031841100,34,25,7.33,32.33,41.85101782,-87.63509186,POINT (-87.6350918563 41.8510178239)
17031809200,2022-12-17,23:45,2022-12-18,0:15,1714,12.4,17031081000,8,20,21.94,41.94,41.90026569,-87.63210922,POINT (-87.6321092196 41.9002656868)
17031809200,2022-11-30,11:15,2022-11-30,12:00,2265,19.5,17031281900,28,30,18.74,60.74,41.87925508,-87.642649,POINT (-87.642648998 41.8792550844)
17031809200,2022-12-09,18:30,2022-12-09,19:15,2852,15.6,17031320400,32,55,1.24,64.24,41.87740612,-87.62197165,POINT (-87.6219716519 41.8774061234)
17031809200,2022-12-25,19:00,2022-12-25,19:45,2192,22.5,17031301200,30,25,8.55,33.55,41.8484116,-87.69143048,POINT (-87.6914304807 41.8484115955)
17031809200,2022-12-22,14:00,2022-12-22,14:45,3284,15.2,17031841900,28,27.5,9.48,36.98,41.86790242,-87.64295867,POINT (-87.6429586652 41.8679024175)
17031809200,2022-12-22,20:45,2022-12-22,21:15,1051,4.2,17031010300,1,10,3.92,13.92,42.01593438,-87.66653628,POINT (-87.6665362779 42.0159343756)
17031809200,2022-12-09,18:30,2022-12-09,18:45,677,3.1,17031010201,1,10,3.62,13.62,42.01601056,-87.68016227,POINT (-87.680162272 42.0160105638)
17031809200,2022-12-26,14:45,2022-12-26,15:00,843,3.2,17031010201,1,12.5,1.24,13.74,42.01601056,-87.68016227,POINT (-87.680162272 42.0160105638)
17031809200,2022-12-18,21:45,2022-12-18,22:00,935,5.3,17031030500,77,15,1.24,16.24,41.98722556,-87.66493772,POINT (-87.6649377243 41.9872255578)
17031809200,2022-12-21,15:30,2022-12-21,16:15,2665,9.7,17031832000,6,20,4.97,28.97,41.94629454,-87.65429808,POINT (-87.6542980837 41.9462945357)
17031809200,2022-12-12,22:45,2022-12-12,23:00,1224,7.6,17031050600,5,12.5,4.78,17.28,41.9505457,-87.6761825,POINT (-87.6761824959 41.9505456965)
17031809200,2022-12-29,17:45,2022-12-29,18:15,1005,3.9,17031010701,1,12.5,1.24,13.74,42.00915006,-87.67861897,POINT (-87.67861897 42.0091500631)
17031809200,2022-12-26,22:45,2022-12-26,23:00,792,6,17031040202,4,12.5,4.37,16.87,41.97985531,-87.69409602,POINT (-87.6940960217 41.9798553089)
17031809200,2022-12-10,16:30,2022-12-10,16:45,1027,4.8,17031010600,1,12.5,1.24,13.74,42.00627886,-87.66768361,POINT (-87.6676836101 42.0062788614)
17031809200,2022-12-26,14:45,2022-12-26,15:00,1459,5.6,17031030102,77,12.5,0.63,15.13,41.99344095,-87.65741774,POINT (-87.6574177422 41.9934409461)
17031809200,2022-12-17,21:15,2022-12-17,21:45,2010,19.2,17031280100,28,40,1.24,41.24,41.88530002,-87.64280847,POINT (-87.6428084655 41.8853000224)
17031809200,2022-12-17,18:30,2022-12-17,19:00,1568,8.1,17031032100,3,17.5,4.84,22.34,41.95815488,-87.65302179,POINT (-87.6530217894 41.9581548757)
17031809200,2022-12-21,15:30,2022-12-21,16:30,3404,16.4,17031980000,76,32.5,14.23,46.73,41.97907082,-87.90303966,POINT (-87.9030396611 41.9790708201)
17031809200,2022-12-25,19:00,2022-12-25,19:30,1988,15.3,17031330100,33,22.5,6.73,29.23,41.85934972,-87.61735801,POINT (-87.6173580061 41.859349715)
17031809200,2022-12-12,22:45,2022-12-12,23:00,1148,5.6,17031030104,77,10,4.27,19.27,41.99715394,-87.65749879,POINT (-87.6574987907 41.9971539428)
17031809200,2022-12-17,19:30,2022-12-17,19:45,1028,5.1,17031040202,4,15,4.17,19.17,41.97985531,-87.69409602,POINT (-87.6940960217 41.9798553089)
17031809200,2022-12-27,16:30,2022-12-27,16:45,726,2.7,17031020200,2,7.5,3.62,11.12,42.01569675,-87.69966304,POINT (-87.6996630419 42.0156967498)
17031809200,2022-12-06,8:15,2022-12-06,8:45,1196,5.5,17031010503,1,12.5,4.41,21.91,42.00032031,-87.6631268,POINT (-87.6631267998 42.0003203059)
17031809200,2022-12-18,21:45,2022-12-18,22:00,1013,6.9,17031140200,14,12.5,0.63,13.13,41.97024498,-87.71343533,POINT (-87.7134353285 41.9702449819)
17031809200,2022-12-08,7:30,2022-12-08,8:45,4054,25.7,17031980100,56,42.5,14.45,56.95,41.78599852,-87.75093429,POINT (-87.7509342894 41.785998518)
17031809200,2022-11-30,11:45,2022-11-30,12:15,1950,14.7,17031221400,22,20,6.49,26.49,41.9208017,-87.69453234,POINT (-87.6945323419 41.9208017043)
17031809200,2022-12-25,19:45,2022-12-25,20:30,2365,30,17031711400,71,30,10.44,40.44,41.73416874,-87.6532196,POINT (-87.6532196007 41.7341687376)
17031809200,2022-12-16,5:00,2022-12-16,5:30,1606,16.8,17031980000,76,32.5,6.77,39.27,41.97907082,-87.90303966,POINT (-87.9030396611 41.9790708201)
17031809200,2022-12-22,17:15,2022-12-22,17:30,901,3,17031010202,1,12.5,1.24,13.74,42.01604649,-87.67333378,POINT (-87.6733337784 42.0160464924)
17031809200,2022-12-08,7:30,2022-12-08,8:00,1759,15.7,17031980000,76,30,14.25,44.25,41.97907082,-87.90303966,POINT (-87.9030396611 41.9790708201)
17031809200,2022-12-22,17:15,2022-12-22,17:30,1051,3.7,17031010701,1,12.5,3.76,16.26,42.00915006,-87.67861897,POINT (-87.67861897 42.0091500631)
17031809200,2022-12-25,20:45,2022-12-25,21:15,1919,13.3,17031839100,32,35,1.24,36.24,41.88099447,-87.63274649,POINT (-87.6327464887 41.8809944707)
17031809200,2022-12-12,22:45,2022-12-12,22:45,779,4.2,17031010300,1,12.5,1.24,13.74,42.01593438,-87.66653628,POINT (-87.6665362779 42.0159343756)
17031809200,2022-12-13,17:30,2022-12-13,17:45,741,3.1,17031010201,1,10,3.61,13.61,42.01601056,-87.68016227,POINT (-87.680162272 42.0160105638)
17031809200,2022-12-17,19:30,2022-12-17,20:15,2408,15.7,17031251800,25,22.5,6.8,29.3,41.88414467,-87.74787434,POINT (-87.7478743394 41.8841446699)
17031809200,2022-12-23,19:00,2022-12-23,19:45,2454,14.7,17031980000,76,27.5,12.53,40.03,41.97907082,-87.90303966,POINT (-87.9030396611 41.9790708201)
17031809200,2022-12-19,7:30,2022-12-19,8:00,1981,15.2,17031980000,76,27.5,11.66,45.16,41.97907082,-87.90303966,POINT (-87.9030396611 41.9790708201)
17031809200,2022-11-30,11:45,2022-11-30,12:30,2678,16.4,17031980000,76,25,6.84,31.84,41.97907082,-87.90303966,POINT (-87.9030396611 41.9790708201)
17031809200,2022-12-29,17:45,2022-12-29,18:15,1508,5.2,17031030900,77,17.5,1.24,21.74,41.97979555,-87.67144555,POINT (-87.6714455473 41.9797955506)
17031809200,2022-12-04,12:15,2022-12-04,13:00,2505,13.9,17031839100,32,32.5,1.24,38.74,41.88099447,-87.63274649,POINT (-87.6327464887 41.8809944707)
17031809200,2022-12-18,17:00,2022-12-18,17:15,772,3.2,17031010201,1,10,3.73,13.73,42.01601056,-87.68016227,POINT (-87.680162272 42.0160105638)
17031809200,2022-12-27,16:30,2022-12-27,16:45,1323,5.3,17031040202,4,15,4.21,19.21,41.97985531,-87.69409602,POINT (-87.6940960217 41.9798553089)
17031809200,2022-12-31,19:15,2022-12-31,19:45,1606,7.1,17031030603,77,12.5,4.48,19.98,41.9854765,-87.65839767,POINT (-87.6583976702 41.9854764991)
17031809200,2022-12-31,19:15,2022-12-31,19:45,1653,7.1,17031031800,3,47.5,1.26,58.76,41.96701176,-87.67062104,POINT (-87.6706210432 41.9670117607)
17031809200,2022-12-31,13:45,2022-12-31,14:00,830,4.1,17031010702,1,10,3.85,13.85,42.00901823,-87.67272396,POINT (-87.6727239593 42.0090182269)
17031809200,2022-12-31,20:00,2022-12-31,20:30,1784,8.2,17031060400,6,47.5,1.26,48.76,41.95067336,-87.66653628,POINT (-87.6665362813 41.9506733576)
17031809200,2022-12-31,20:00,2022-12-31,20:15,866,4.1,17031010300,1,12.5,1.26,13.76,42.01593438,-87.66653628,POINT (-87.6665362779 42.0159343756)
17031809200,2022-12-31,13:45,2022-12-31,13:45,738,4.1,17031010702,1,10,4.38,14.38,42.00901823,-87.67272396,POINT (-87.6727239593 42.0090182269)
17031809200,2022-12-31,16:45,2022-12-31,17:30,2431,13.9,17031081700,8,22.5,6.69,29.19,41.89204214,-87.63186395,POINT (-87.6318639497 41.8920421365)
17031809200,2022-12-31,19:45,2022-12-31,20:00,1548,12.3,17031151002,15,20,5.98,25.98,41.94248816,-87.74715432,POINT (-87.7471543225 41.9424881553)
17031809200,2022-12-31,16:45,2022-12-31,17:15,2096,9.7,17031221600,22,20,6.78,30.78,41.92127311,-87.68508211,POINT (-87.6850821101 41.9212731053)
17031809200,2022-12-31,19:45,2022-12-31,20:00,1321,7.1,17031040401,4,20,4.61,24.61,41.97203567,-87.6860999,POINT (-87.6860998978 41.972035672)
17031809200,2022-12-31,19:45,2022-12-31,20:15,2273,14.4,17031081500,8,22.5,6.35,28.85,41.89250778,-87.62621491,POINT (-87.6262149064 41.8925077809)
17031809200,2022-12-31,20:00,2022-12-31,20:30,1828,18.7,17031281900,28,67.5,1.26,68.76,41.87925508,-87.642649,POINT (-87.642648998 41.8792550844)
17031809200,2022-12-31,13:45,2022-12-31,14:30,2385,15.5,17031330100,33,22.5,6.66,29.16,41.85934972,-87.61735801,POINT (-87.6173580061 41.859349715)
17031809200,2022-12-31,19:45,2022-12-31,20:15,1937,18.5,17031081500,8,37.5,1.26,38.76,41.89250778,-87.62621491,POINT (-87.6262149064 41.8925077809)
17031809200,2022-12-31,19:15,2022-12-31,19:45,2443,12.5,17031081500,8,57.5,1.26,58.76,41.89250778,-87.62621491,POINT (-87.6262149064 41.8925077809)
17031809200,2024-12-31,23:15,2024-12-31,23:30,1170,5.7,17031030500,,20,1.68,24.68,,,POINT (-87.6649377243 41.9872255578)
17031809200,2024-12-31,23:15,2025-01-01,0:00,2288,22.3,17031350100,,25,5.72,30.72,,,POINT (-87.6125639471 41.8416911186)
17031809200,2024-12-31,22:45,2024-12-31,23:00,1004,7,17031140200,,15,1.68,16.68,,,POINT (-87.7134353285 41.9702449819)
17031809200,2024-12-31,22:45,2024-12-31,23:15,1508,14.5,17031221300,,32.5,4.91,37.41,,,POINT (-87.6997544065 41.9211259143)
17031809200,2024-12-31,22:45,2024-12-31,23:15,2438,14.6,17031251200,,27.5,7.03,34.53,,,POINT (-87.7606043246 41.8985493636)
17031809200,2024-12-31,22:45,2024-12-31,23:15,1992,14.3,17031320100,,32.5,4.7,37.2,,,POINT (-87.6209929134 41.8849871918)
17031809200,2024-12-31,22:30,2024-12-31,23:00,2368,13.8,17031320100,,27.5,4.94,32.44,,,POINT (-87.6209929134 41.8849871918)
17031809200,2024-12-31,22:30,2024-12-31,22:45,614,3.4,17031010100,,10,3.13,13.13,,,POINT (-87.6698247721 42.0212235931)
17031809200,2024-12-31,22:30,2024-12-31,23:00,1533,8.3,17031061000,,30,4.17,34.17,,,POINT (-87.6519703953 41.9492209135)
17031809200,2024-12-31,14:00,2024-12-31,14:00,698,3.1,17031020200,,7.5,2.37,9.87,,,POINT (-87.6996630419 42.0156967498)
17031809200,2024-12-31,14:00,2024-12-31,14:30,1174,6.1,17031831800,,15,2.1,17.1,,,POINT (-87.7164304157 41.9782942489)
17031809200,2024-12-31,14:00,2024-12-31,14:15,1170,3.8,17031010202,,10,1.68,11.68,,,POINT (-87.6733337784 42.0160464924)
17031809200,2024-12-30,21:45,2024-12-30,22:30,2289,11.6,17031241400,,32.5,4.62,37.12,,,POINT (-87.6753116216 41.906025969)
17031809200,2024-12-30,21:45,2024-12-30,22:00,1148,6.7,17031031200,,12.5,3.55,16.05,,,POINT (-87.6573411073 41.9727095466)
17031809200,2024-12-30,21:45,2024-12-30,22:00,777,4.9,17031020500,,15,1.68,16.68,,,POINT (-87.684198195 42.0013132491)
17031809200,2024-12-30,9:15,2024-12-30,9:30,1331,6,17031140200,,10,1.68,11.68,,,POINT (-87.7134353285 41.9702449819)
17031809200,2024-12-30,9:15,2024-12-30,9:45,2262,9.3,17031032100,,17.5,1.68,19.18,,,POINT (-87.6530217894 41.9581548757)
17031809200,2024-12-28,18:30,2024-12-28,19:00,1370,9.7,17031110400,,15,7.38,22.38,,,POINT (-87.7726169108 41.9729552005)
17031809200,2024-12-28,18:30,2024-12-28,18:45,935,5.1,17031010501,,12.5,1.68,14.18,,,POINT (-87.6639582144 42.0094125471)
17031809200,2024-12-28,18:30,2024-12-28,19:00,1317,4.3,17031020602,,12.5,1.68,14.18,,,POINT (-87.6936374936 42.0013159243)
17031809200,2024-12-28,18:30,2024-12-28,19:00,2065,11.3,17031241000,,27.5,1.68,29.18,,,POINT (-87.6945342821 41.9079652463)
17031809200,2024-12-28,18:30,2024-12-28,19:15,2735,15.9,17031839000,,32.5,1.68,34.18,,,POINT (-87.6314065252 41.8710158803)
17031809200,2024-12-27,9:00,2024-12-27,9:00,556,3.1,17031020100,,10,3.52,13.52,,,POINT (-87.6871159899 42.0157199072)
17031809200,2024-12-27,9:00,2024-12-27,9:30,1999,15,17031839100,,20,6.38,31.38,,,POINT (-87.6327464887 41.8809944707)
17031809200,2024-12-27,9:00,2024-12-27,9:15,912,4.9,17031130100,,7.5,3,10.5,,,POINT (-87.7239678299 41.9900642527)
17031809200,2024-12-26,20:00,2024-12-26,21:00,3232,25.6,17031980100,,42.5,17.66,70.16,,,POINT (-87.7509342894 41.785998518)
17031809200,2024-12-26,20:00,2024-12-26,20:15,996,5,17031010501,,10,1.68,12.68,,,POINT (-87.6639582144 42.0094125471)
17031809200,2024-12-25,0:15,2024-12-25,0:45,2315,20.4,17031410800,,50,1.68,51.68,,,POINT (-87.5896070309 41.7979652088)
17031809200,2024-12-25,0:15,2024-12-25,0:30,728,4.5,17031830600,,12.5,1.68,14.18,,,POINT (-87.6735740325 42.0016981937)
17031809200,2024-12-24,15:00,2024-12-24,15:15,528,3,17031020100,,10,2.11,12.11,,,POINT (-87.6871159899 42.0157199072)
17031809200,2024-12-24,15:00,2024-12-24,15:45,2636,14.5,17031320100,,27.5,3.43,30.93,,,POINT (-87.6209929134 41.8849871918)
17031809200,2024-12-23,13:30,2024-12-23,13:45,850,4.9,17031020802,,5,5.33,10.33,,,POINT (-87.6946307194 41.994059824)
17031809200,2024-12-23,13:30,2024-12-23,14:15,3157,14.7,17031980000,,55,6.68,61.68,,,POINT (-87.9030396611 41.9790708201)
17031809200,2024-12-23,13:30,2024-12-23,14:15,2779,14.4,17031980000,,30,6.68,36.68,,,POINT (-87.9030396611 41.9790708201)
17031809200,2024-12-23,8:00,2024-12-23,8:15,928,4,17031010202,,10,3.08,13.08,,,POINT (-87.6733337784 42.0160464924)
17031809200,2024-12-22,9:30,2024-12-22,10:30,3230,24.4,17031980100,,45,6.68,51.68,,,POINT (-87.7509342894 41.785998518)
17031809200,2024-12-22,7:00,2024-12-22,7:30,1830,26.3,17031570100,,30,10.99,40.99,,,POINT (-87.7189271854 41.8162644525)
17031809200,2024-12-22,7:00,2024-12-22,8:00,2878,28.5,17031980100,,87.5,6.68,94.18,,,POINT (-87.7509342894 41.785998518)
17031809200,2024-12-22,7:00,2024-12-22,7:30,1801,15.9,17031980000,,60,6.68,68.68,,,POINT (-87.9030396611 41.9790708201)
17031809200,2024-12-21,22:15,2024-12-21,22:30,831,4.2,17031010702,,12.5,4.96,17.46,,,POINT (-87.6727239593 42.0090182269)
17031809200,2024-12-21,22:15,2024-12-21,22:30,831,3.9,17031010300,,10,4.82,14.82,,,POINT (-87.6665362779 42.0159343756)
17031809200,2024-12-21,22:15,2024-12-21,22:45,1651,16.1,17031242300,,32.5,1.68,34.18,,,POINT (-87.6796002867 41.8995065476)
17031809200,2024-12-21,16:30,2024-12-21,17:00,1618,6.6,17031031000,,27.5,4.14,31.64,,,POINT (-87.6711095263 41.9724370811)
17031809200,2024-12-21,16:30,2024-12-21,16:45,899,4.3,17031020802,,15,1.68,16.68,,,POINT (-87.6946307194 41.994059824)
17031809200,2024-12-21,16:30,2024-12-21,17:00,2065,12.3,17031080202,,25,1.68,28.68,,,POINT (-87.6308650266 41.9058577688)
17031809200,2024-12-21,8:45,2024-12-21,9:00,860,5.8,17031831800,,10,3,13,,,POINT (-87.7164304157 41.9782942489)
17031809200,2024-12-21,8:45,2024-12-21,9:00,739,3.8,17031020301,,10,2.72,12.72,,,POINT (-87.7046056338 42.0074469243)
17031809200,2024-12-20,22:45,2024-12-20,23:00,826,5.4,17031020901,,7.5,5.45,12.95,,,POINT (-87.6860768812 41.9942252345)
17031809200,2024-12-20,22:45,2024-12-20,23:15,1737,12.1,17031080400,,15,8.14,23.14,,,POINT (-87.6409015248 41.9074128162)
17031809200,2024-12-20,22:45,2024-12-20,23:15,2164,13.2,17031081800,,27.5,1.68,29.18,,,POINT (-87.6378442095 41.8932163595)
17031809200,2024-12-20,18:15,2024-12-20,18:45,1764,8.4,17031031400,,20,6.57,30.57,,,POINT (-87.6453787624 41.962178629)
17031809200,2024-12-20,18:15,2024-12-20,18:30,819,4,17031020100,,7.5,2.34,9.84,,,POINT (-87.6871159899 42.0157199072)
17031809200,2024-12-20,18:15,2024-12-20,18:30,896,3.8,17031010702,,15,4.02,22.02,,,POINT (-87.6727239593 42.0090182269)
17031809200,2024-12-20,18:15,2024-12-20,18:30,1005,4.1,17031010202,,5,2.88,7.88,,,POINT (-87.6733337784 42.0160464924)
17031809200,2024-12-19,19:30,2024-12-19,20:00,1790,8.2,17031832100,,25,1.68,30.68,,,POINT (-87.6532439924 41.9528229157)
17031809200,2024-12-19,19:30,2024-12-19,19:30,667,3,17031010100,,7.5,5.03,14.53,,,POINT (-87.6698247721 42.0212235931)
17031809200,2024-12-19,19:30,2024-12-19,19:45,1402,6.7,17031031200,,15,7.91,22.91,,,POINT (-87.6573411073 41.9727095466)
17031809200,2024-12-19,4:45,2024-12-19,5:15,1663,20.6,17031838200,,25,6.23,31.23,,,POINT (-87.6750856208 41.8704150003)
17031809200,2024-12-19,4:45,2024-12-19,5:30,2493,18.5,17031770700,,15,3.27,18.27,,,POINT (-87.8773053996 41.9827750091)
17031809200,2024-12-18,22:15,2024-12-18,22:30,644,3.4,17031010202,,10,3.05,14.05,,,POINT (-87.6733337784 42.0160464924)
17031809200,2024-12-18,19:15,2024-12-18,20:00,3124,23.5,17031300900,,20,6.33,26.33,,,POINT (-87.702699356 41.8481796587)
17031809200,2024-12-18,19:15,2024-12-18,19:30,602,3,17031010201,,10,1.68,11.68,,,POINT (-87.680162272 42.0160105638)
17031809200,2024-12-18,19:15,2024-12-18,19:45,1443,10.5,17031110400,,10,3.94,13.94,,,POINT (-87.7726169108 41.9729552005)
17031809200,2024-12-18,10:45,2024-12-18,11:00,820,4.9,17031130100,,12.5,1.94,14.44,,,POINT (-87.7239678299 41.9900642527)
17031809200,2024-12-18,10:45,2024-12-18,11:00,851,4,17031020601,,12.5,1.68,14.18,,,POINT (-87.701802904 42.0008748252)
17031809200,2024-12-17,21:15,2024-12-17,21:45,1451,17.2,17031242000,,20,4.64,29.64,,,POINT (-87.6649539167 41.8997373884)
17031809200,2024-12-17,21:15,2024-12-17,21:45,1521,14.4,17031220500,,10,4.64,14.64,,,POINT (-87.7049072355 41.9283913974)
17031809200,2024-12-17,18:30,2024-12-17,18:45,824,3.8,17031020400,,12.5,4.2,16.7,,,POINT (-87.6859131333 42.0084870082)
17031809200,2024-12-17,18:30,2024-12-17,18:45,862,3.8,17031010702,,12.5,3.77,19.27,,,POINT (-87.6727239593 42.0090182269)
17031809200,2024-12-17,18:30,2024-12-17,18:45,764,3.8,17031010202,,7.5,3.64,11.14,,,POINT (-87.6733337784 42.0160464924)
17031809200,2024-12-17,18:30,2024-12-17,19:15,2731,15.6,17031250400,,12.5,7.65,20.15,,,POINT (-87.7753675003 41.9129253704)
17031809200,2024-12-17,15:15,2024-12-17,15:30,932,3.5,17031010201,,10,1.68,11.68,,,POINT (-87.680162272 42.0160105638)
17031809200,2024-12-16,18:45,2024-12-16,19:30,2308,17.2,17031980000,,32.5,13.19,52.69,,,POINT (-87.9030396611 41.9790708201)
17031809200,2024-12-16,18:45,2024-12-16,19:00,1387,10.4,17031110400,,7.5,4.68,12.18,,,POINT (-87.7726169108 41.9729552005)
17031809200,2024-12-16,18:45,2024-12-16,19:00,903,4.2,17031010300,,12.5,3.59,16.09,,,POINT (-87.6665362779 42.0159343756)
17031809200,2024-12-16,18:45,2024-12-16,19:00,841,3.8,17031010702,,12.5,3.71,19.21,,,POINT (-87.6727239593 42.0090182269)
17031809200,2024-12-16,8:45,2024-12-16,9:00,1092,7.1,17031120200,,15,3.44,18.44,,,POINT (-87.7575974858 41.9944980381)
17031809200,2024-12-16,8:45,2024-12-16,9:00,749,3,17031020100,,12.5,1.68,14.18,,,POINT (-87.6871159899 42.0157199072)
17031809200,2024-12-15,9:30,2024-12-15,9:45,1050,6.2,17031040202,,10,3.07,13.07,,,POINT (-87.6940960217 41.9798553089)
17031809200,2024-12-15,9:30,2024-12-15,9:45,991,6,17031831800,,10,3.05,13.05,,,POINT (-87.7164304157 41.9782942489)
17031809200,2024-12-15,8:45,2024-12-15,9:15,1795,19.5,17031980000,,35,8.67,43.67,,,POINT (-87.9030396611 41.9790708201)
17031809200,2024-12-15,1:00,2024-12-15,1:15,1467,8.7,17031832100,,22.5,1.68,24.18,,,POINT (-87.6532439924 41.9528229157)
17031809200,2024-12-15,1:00,2024-12-15,1:15,881,4.5,17031010600,,10,5.9,15.9,,,POINT (-87.6676836101 42.0062788614)
17031809200,2024-12-14,22:45,2024-12-14,23:15,1687,14,17031221300,,15,9.2,24.2,,,POINT (-87.6997544065 41.9211259143)
17031809200,2024-12-14,22:45,2024-12-14,23:30,2489,12,17031842200,,17.5,5.5,23,,,POINT (-87.6499072264 41.9049353016)
17031809200,2024-12-14,22:45,2024-12-14,23:15,1688,14.9,17031221400,,17.5,10.07,29.57,,,POINT (-87.6945323419 41.9208017043)
17031809200,2024-12-14,22:15,2024-12-14,23:00,2663,16.9,17031251800,,17.5,13.21,30.71,,,POINT (-87.7478743394 41.8841446699)
17031809200,2024-12-14,22:15,2024-12-14,23:00,2582,15.1,17031250500,,32.5,1.68,34.18,,,POINT (-87.7968155178 41.9146023652)
17031809200,2024-12-14,22:15,2024-12-14,23:00,2215,12.3,17031080202,,17.5,11.07,28.57,,,POINT (-87.6308650266 41.9058577688)
17031809200,2024-12-14,22:15,2024-12-14,22:45,1906,16.5,17031242400,,22.5,11.72,49.22,,,POINT (-87.684490122 41.8994222543)
17031809200,2024-12-14,20:30,2024-12-14,21:15,3132,23.2,17031430800,,45,1.68,46.68,,,POINT (-87.571298655 41.7607504457)
17031809200,2024-12-14,20:30,2024-12-14,20:30,692,3,17031010201,,5,4.85,12.85,,,POINT (-87.680162272 42.0160105638)
17031809200,2024-12-14,20:30,2024-12-14,21:00,2021,17.3,17031241400,,30,10.74,49.74,,,POINT (-87.6753116216 41.906025969)
17031809200,2024-12-14,19:15,2024-12-14,19:30,899,4.1,17031010702,,10,7.85,17.85,,,POINT (-87.6727239593 42.0090182269)
17031809200,2024-12-14,19:15,2024-12-14,19:45,1641,7.7,17031031800,,27.5,1.68,37.18,,,POINT (-87.6706210432 41.9670117607)
17031809200,2024-12-14,10:45,2024-12-14,11:30,3057,18.9,17031281900,,25,4.55,35.55,,,POINT (-87.642648998 41.8792550844)
17031809200,2024-12-13,23:15,2024-12-13,23:45,1047,5.2,17031030102,,10,5.67,15.67,,,POINT (-87.6574177422 41.9934409461)
17031809200,2024-12-13,23:15,2024-12-13,23:45,1737,10.9,17031062100,,32.5,1.68,34.18,,,POINT (-87.6517705068 41.9426918444)
17031809200,2024-12-13,23:15,2024-12-13,23:45,1409,15.9,17031240600,,17.5,8.47,25.97,,,POINT (-87.6897112748 41.91213208)
17031809200,2024-12-13,22:15,2024-12-13,22:45,1715,10.9,17031071300,,25,1.68,26.68,,,POINT (-87.6414597588 41.9217783562)
17031809200,2024-12-13,22:15,2024-12-13,22:45,1791,9,17031062700,,65,1.68,66.68,,,POINT (-87.6661106945 41.9360865352)
17031809200,2024-12-13,22:15,2024-12-13,22:45,1880,10.9,17031071400,,27.5,1.68,29.18,,,POINT (-87.6341560931 41.922082541)
17031809200,2024-12-13,22:15,2024-12-13,22:45,1956,9.6,17031070300,,25,7.96,32.96,,,POINT (-87.6513108767 41.9290469366)
17031809200,2024-12-13,22:15,2024-12-13,22:45,1796,11.1,17031070102,,15,7.68,22.68,,,POINT (-87.6422063127 41.9305785697)
17031809200,2024-12-13,22:15,2024-12-13,22:45,2318,11.7,17031071500,,17.5,9.77,27.27,,,POINT (-87.6317173661 41.9146162864)
17031809200,2024-12-13,22:00,2024-12-13,22:30,1810,11,17031062700,,15,7.99,26.99,,,POINT (-87.6661106945 41.9360865352)
17031809200,2024-12-13,22:00,2024-12-13,22:15,718,3.4,17031010100,,7.5,4.46,12.96,,,POINT (-87.6698247721 42.0212235931)
17031809200,2024-12-13,22:00,2024-12-13,22:30,1871,9.1,17031062700,,15,7.45,22.45,,,POINT (-87.6661106945 41.9360865352)
17031809200,2024-12-13,22:00,2024-12-13,22:30,2088,13.1,17031320100,,17.5,8.55,26.05,,,POINT (-87.6209929134 41.8849871918)
17031809200,2024-12-13,22:00,2024-12-13,22:45,2585,14.2,17031081403,,20,9.39,29.39,,,POINT (-87.6188683546 41.8909220259)
17031809200,2024-12-13,22:00,2024-12-13,22:30,1888,9,17031062700,,15,7.45,22.45,,,POINT (-87.6661106945 41.9360865352)
17031809200,2024-12-13,21:45,2024-12-13,22:00,1153,5.4,17031020801,,12.5,5.45,17.95,,,POINT (-87.6944151909 41.9868086263)
17031809200,2024-12-13,21:45,2024-12-13,22:15,1784,9,17031062700,,27.5,9.49,36.99,,,POINT (-87.6661106945 41.9360865352)
17031809200,2024-12-13,21:45,2024-12-13,22:15,1694,9.2,17031062000,,25,1.68,32.68,,,POINT (-87.6470785093 41.942577185)
17031809200,2024-12-13,21:45,2024-12-13,22:30,2133,9,17031062700,,32.5,1.68,34.18,,,POINT (-87.6661106945 41.9360865352)
17031809200,2024-12-13,21:45,2024-12-13,22:15,1884,9.1,17031062900,,15,7.34,22.34,,,POINT (-87.6564115308 41.9362371791)
17031809200,2024-12-13,20:30,2024-12-13,21:15,2546,10.6,17031062500,,7.5,3.41,13.91,,,POINT (-87.671107656 41.9414882338)
17031809200,2024-12-13,20:30,2024-12-13,20:45,1024,4.7,17031010600,,12.5,5.24,20.74,,,POINT (-87.6676836101 42.0062788614)
17031809200,2024-12-13,20:30,2024-12-13,20:45,634,3.6,17031010202,,7.5,2.36,9.86,,,POINT (-87.6733337784 42.0160464924)
17031809200,2024-12-13,20:00,2024-12-13,20:45,2215,10.7,17031070300,,22.5,8.19,30.69,,,POINT (-87.6513108767 41.9290469366)
17031809200,2024-12-13,20:00,2024-12-13,21:00,3172,15,17031300900,,15,11.91,26.91,,,POINT (-87.702699356 41.8481796587)
17031809200,2024-12-13,20:00,2024-12-13,20:45,2308,12.9,17031081600,,20,10.79,30.79,,,POINT (-87.6288741572 41.8920726347)
17031809200,2024-12-13,17:00,2024-12-13,17:15,1078,3.4,17031010202,,15,1.68,19.68,,,POINT (-87.6733337784 42.0160464924)
17031809200,2024-12-13,17:00,2024-12-13,18:30,4723,22.8,17031430101,,32.5,10.95,43.45,,,POINT (-87.5739519554 41.7697847237)
17031809200,2024-12-13,4:45,2024-12-13,5:15,1949,16.8,17031980000,,2.5,19.27,21.77,,,POINT (-87.9030396611 41.9790708201)
17031809200,2024-12-13,4:45,2024-12-13,5:00,1463,15.6,17031770700,,15,4.64,19.64,,,POINT (-87.8773053996 41.9827750091)
17031809200,2024-12-13,4:45,2024-12-13,5:00,564,4.9,17031130100,,7.5,3.63,11.13,,,POINT (-87.7239678299 41.9900642527)
17031809200,2024-12-12,20:00,2024-12-12,20:30,2261,14.1,17031081800,,30,3.43,33.43,,,POINT (-87.6378442095 41.8932163595)
17031809200,2024-12-12,20:00,2024-12-12,20:30,1186,5.5,17031030200,,15,1.68,16.68,,,POINT (-87.6652247765 41.9944422482)
17031809200,2024-12-12,20:00,2024-12-12,20:15,659,3.4,17031020302,,10,4.48,14.48,,,POINT (-87.6949637498 42.0085407611)
17031809200,2024-12-12,17:30,2024-12-12,18:15,2459,16.2,17031980000,,42.5,14.56,67.06,,,POINT (-87.9030396611 41.9790708201)
17031809200,2024-12-12,17:30,2024-12-12,18:15,3288,18.2,17031980000,,32.5,20.76,62.26,,,POINT (-87.9030396611 41.9790708201)
17031809200,2024-12-12,17:30,2024-12-12,18:30,3817,17,17031330100,,17.5,9.07,26.57,,,POINT (-87.6173580061 41.859349715)
17031809200,2024-12-12,15:15,2024-12-12,16:00,2899,16.9,17031980000,,37.5,9.56,47.06,,,POINT (-87.9030396611 41.9790708201)
17031809200,2024-12-12,15:15,2024-12-12,15:30,954,3.6,17031020400,,10,2.42,12.42,,,POINT (-87.6859131333 42.0084870082)
17031809200,2024-12-12,15:15,2024-12-12,16:00,2319,15.3,17031980000,,75,5.81,80.81,,,POINT (-87.9030396611 41.9790708201)
17031809200,2024-12-11,18:15,2024-12-11,18:30,908,3.8,17031010702,,10,3.88,18.88,,,POINT (-87.6727239593 42.0090182269)
17031809200,2024-12-11,18:15,2024-12-11,18:30,738,3.1,17031010202,,7.5,3.52,11.02,,,POINT (-87.6733337784 42.0160464924)
17031809200,2024-12-11,18:15,2024-12-11,19:15,2991,15.4,17031281900,,25,10.06,40.06,,,POINT (-87.642648998 41.8792550844)
17031809200,2024-12-09,5:30,2024-12-09,5:45,1699,15.6,17031770700,,22.5,1.68,24.18,,,POINT (-87.8773053996 41.9827750091)
17031809200,2024-12-09,5:30,2024-12-09,6:00,2072,15.6,17031980000,,45,11.32,71.32,,,POINT (-87.9030396611 41.9790708201)
17031809200,2024-12-08,15:45,2024-12-08,16:15,1976,8.2,17031832000,,15,4.11,24.11,,,POINT (-87.6542980837 41.9462945357)
17031809200,2024-12-08,10:00,2024-12-08,10:45,2845,28.7,17031980100,,30,15.14,45.14,,,POINT (-87.7509342894 41.785998518)
17031809200,2024-12-07,22:45,2024-12-07,23:15,1668,6.6,17031030706,,10,6.17,16.17,,,POINT (-87.6522740174 41.9801575735)
17031809200,2024-12-07,22:45,2024-12-07,23:00,547,3,17031010201,,7.5,4.35,11.85,,,POINT (-87.680162272 42.0160105638)
17031809200,2024-12-07,22:45,2024-12-07,23:00,788,3.9,17031020302,,12.5,4.9,20.4,,,POINT (-87.6949637498 42.0085407611)
17031809200,2024-12-07,20:45,2024-12-07,21:00,675,3.4,17031010100,,10,4.56,14.56,,,POINT (-87.6698247721 42.0212235931)
17031809200,2024-12-07,20:45,2024-12-07,21:00,495,3.1,17031010201,,5,4.25,9.25,,,POINT (-87.680162272 42.0160105638)
17031809200,2024-12-07,20:45,2024-12-07,21:00,734,4.3,17031010501,,12.5,1.68,14.18,,,POINT (-87.6639582144 42.0094125471)
17031809200,2024-12-07,20:00,2024-12-07,20:45,2732,14.8,17031320600,,35,13.58,52.58,,,POINT (-87.6221729369 41.8706073724)
17031809200,2024-12-07,20:00,2024-12-07,20:30,1733,8.6,17031843700,,0,3.25,3.25,,,POINT (-87.6907750098 41.9448137543)
17031809200,2024-12-07,19:45,2024-12-07,20:00,930,4.7,17031010600,,12.5,5.31,20.81,,,POINT (-87.6676836101 42.0062788614)
17031809200,2024-12-07,19:45,2024-12-07,20:15,2030,11.8,17031071500,,32.5,10.63,46.13,,,POINT (-87.6317173661 41.9146162864)
17031809200,2024-12-07,19:45,2024-12-07,20:15,1814,8.4,17031050100,,12.5,7.18,19.68,,,POINT (-87.676373281 41.9578433752)
17031809200,2024-12-07,19:30,2024-12-07,19:45,700,2.8,17031010201,,5,4.23,9.23,,,POINT (-87.680162272 42.0160105638)
17031809200,2024-12-07,19:30,2024-12-07,20:00,1794,9.3,17031061000,,15,7.4,25.4,,,POINT (-87.6519703953 41.9492209135)
17031809200,2024-12-07,19:30,2024-12-07,19:45,720,3.7,17031010202,,7.5,4.74,12.24,,,POINT (-87.6733337784 42.0160464924)
17031809200,2024-12-07,17:00,2024-12-07,17:45,2632,12.7,17031080202,,22.5,4.62,27.12,,,POINT (-87.6308650266 41.9058577688)
17031809200,2024-12-07,17:00,2024-12-07,17:45,2508,9.5,17031210602,,17.5,8.58,32.08,,,POINT (-87.7123574755 41.9336759885)
17031809200,2024-12-07,17:00,2024-12-07,17:15,845,3.3,17031010202,,12.5,1.68,14.18,,,POINT (-87.6733337784 42.0160464924)
17031809200,2024-12-06,18:45,2024-12-06,19:15,1556,7.9,17031831800,,10,3.22,13.22,,,POINT (-87.7164304157 41.9782942489)
17031809200,2024-12-06,18:45,2024-12-06,19:00,795,2.9,17031020200,,10,1.68,11.68,,,POINT (-87.6996630419 42.0156967498)
17031809200,2024-12-06,18:45,2024-12-06,19:30,2995,9.3,17031832000,,30,1.68,37.68,,,POINT (-87.6542980837 41.9462945357)
17031809200,2024-12-06,16:30,2024-12-06,17:15,2790,17.3,17031980000,,40,14.89,54.89,,,POINT (-87.9030396611 41.9790708201)
17031809200,2024-12-05,18:15,2024-12-05,19:00,2972,13.7,17031081402,,32.5,9.02,41.52,,,POINT (-87.6129454143 41.8919715078)
17031809200,2024-12-05,18:15,2024-12-05,18:30,958,3.9,17031010300,,10,3.25,13.25,,,POINT (-87.6665362779 42.0159343756)
17031809200,2024-12-05,17:15,2024-12-05,18:30,4773,13.6,17031838100,,52.5,1.68,54.18,,,POINT (-87.6716536214 41.8786674201)
17031809200,2024-12-05,17:15,2024-12-05,18:15,3218,9.5,17031060900,,30,1.68,37.68,,,POINT (-87.6439653703 41.949829346)
17031809200,2024-12-05,17:15,2024-12-05,17:30,1080,3,17031020100,,7.5,3.87,12.37,,,POINT (-87.6871159899 42.0157199072)
17031809200,2024-12-04,11:30,2024-12-04,12:00,2165,9.1,17031062000,,20,1.68,21.68,,,POINT (-87.6470785093 41.942577185)
17031809200,2024-12-04,11:15,2024-12-04,11:45,1967,13.8,17031831500,,25,1.63,26.63,,,POINT (-87.7880088189 41.9275798469)
17031809200,2024-12-04,11:15,2024-12-04,11:30,680,3.5,17031020302,,10,2.23,12.23,,,POINT (-87.6949637498 42.0085407611)
17031809200,2024-12-04,11:15,2024-12-04,12:15,3938,23.7,17031670100,,32.5,5.59,38.09,,,POINT (-87.6572085174 41.7904943458)
17031809200,2024-12-02,8:00,2024-12-02,9:15,4367,23.3,17031843200,,22.5,6.28,28.78,,,POINT (-87.6635286858 41.8474315472)
17031809200,2024-12-02,8:00,2024-12-02,8:45,3173,14.1,17031839100,,27.5,7.47,34.97,,,POINT (-87.6327464887 41.8809944707)
17031809200,2024-12-02,8:00,2024-12-02,8:15,776,3.5,17031010202,,10,1.68,11.68,,,POINT (-87.6733337784 42.0160464924)
17031809200,2024-12-02,6:00,2024-12-02,6:45,2825,26.3,17031570100,,27.5,7.57,35.07,,,POINT (-87.7189271854 41.8162644525)
17031809200,2024-12-02,6:00,2024-12-02,6:45,2910,18.7,17031980000,,37.5,11.1,48.6,,,POINT (-87.9030396611 41.9790708201)
17031809200,2024-12-02,6:00,2024-12-02,6:30,1828,18.4,17031281900,,20,7.76,27.76,,,POINT (-87.642648998 41.8792550844)
17031809200,2024-12-01,16:45,2024-12-01,17:30,2509,18.6,17031280100,,32.5,4.87,37.37,,,POINT (-87.6428084655 41.8853000224)
17031809200,2024-12-01,16:45,2024-12-01,17:45,3580,25.2,17031690900,,25,6.54,31.54,,,POINT (-87.6103458371 41.7621423146)
17031809200,2024-11-30,22:00,2024-11-30,22:15,1070,6.1,17031030706,,12.5,6.05,18.55,,,POINT (-87.6522740174 41.9801575735)
17031809200,2024-11-30,22:00,2024-11-30,22:00,853,4.2,17031010702,,12.5,4.92,17.42,,,POINT (-87.6727239593 42.0090182269)
17031809200,2024-11-30,19:15,2024-11-30,19:30,896,3.8,17031010202,,7.5,4.61,12.11,,,POINT (-87.6733337784 42.0160464924)
17031809200,2024-11-30,19:15,2024-11-30,19:45,1836,8.6,17031832000,,25,1.68,26.68,,,POINT (-87.6542980837 41.9462945357)
17031809200,2024-11-30,15:30,2024-11-30,16:15,2609,12.1,17031190800,,27.5,1.68,29.18,,,POINT (-87.7513626916 41.927819073)
17031809200,2024-11-30,15:30,2024-11-30,15:45,1016,4.7,17031020500,,15,3.34,18.34,,,POINT (-87.684198195 42.0013132491)
17031809200,2024-11-30,15:30,2024-11-30,16:15,3145,15.5,17031081600,,20,5,25,,,POINT (-87.6288741572 41.8920726347)
17031809200,2024-11-30,0:15,2024-11-30,0:30,1062,6,17031140200,,15,1.68,16.68,,,POINT (-87.7134353285 41.9702449819)
17031809200,2024-11-30,0:15,2024-11-30,0:45,1579,12.1,17031080202,,15,7.57,22.57,,,POINT (-87.6308650266 41.9058577688)
17031809200,2024-11-29,23:15,2024-11-29,23:30,768,4.9,17031020901,,15,1.68,16.68,,,POINT (-87.6860768812 41.9942252345)
17031809200,2024-11-29,23:15,2024-11-29,23:45,1687,12,17031080300,,7.5,7.47,17.97,,,POINT (-87.6357600901 41.9074919303)
17031809200,2024-11-29,23:15,2024-11-30,0:00,2242,26.2,17031691100,,25,6.12,31.12,,,POINT (-87.6298717446 41.7617023786)
17031809200,2024-11-29,23:00,2024-11-29,23:15,784,4.6,17031020500,,12.5,5.25,17.75,,,POINT (-87.684198195 42.0013132491)
17031809200,2024-11-29,23:00,2024-11-29,23:15,1352,16,17031240600,,17.5,8.42,25.92,,,POINT (-87.6897112748 41.91213208)
17031809200,2024-11-29,19:15,2024-11-29,19:30,931,4.7,17031010600,,12.5,5.22,20.72,,,POINT (-87.6676836101 42.0062788614)
17031809200,2024-11-29,19:15,2024-11-29,19:45,2083,12.5,17031071500,,17.5,8.38,25.88,,,POINT (-87.6317173661 41.9146162864)
17031809200,2024-11-29,19:15,2024-11-29,20:00,2134,14,17031320100,,17.5,10.9,28.4,,,POINT (-87.6209929134 41.8849871918)
17031809200,2024-11-28,21:45,2024-11-28,22:30,2513,18.3,17031837800,,35,9.77,44.77,,,POINT (-87.6841474493 41.8847677845)
17031809200,2024-11-28,21:45,2024-11-28,22:00,900,4.5,17031020702,,7.5,4.21,11.71,,,POINT (-87.7048934862 41.9941436461)
17031809200,2024-11-28,15:00,2024-11-28,15:30,1263,10,17031110501,,15,2.09,17.09,,,POINT (-87.7619249793 41.9770023043)
17031809200,2024-11-28,15:00,2024-11-28,15:00,667,3.6,17031010201,,12.5,1.68,14.18,,,POINT (-87.680162272 42.0160105638)
17031809200,2024-11-28,15:00,2024-11-28,16:00,3236,26.6,17031691100,,47.5,1.68,49.18,,,POINT (-87.6298717446 41.7617023786)
17031809200,2024-11-28,13:15,2024-11-28,13:45,1387,14.4,17031221400,,17.5,1.68,19.18,,,POINT (-87.6945323419 41.9208017043)
17031809200,2024-11-28,13:15,2024-11-28,13:30,891,3.7,17031010100,,10,1.68,11.68,,,POINT (-87.6698247721 42.0212235931)
17031809200,2024-11-28,13:15,2024-11-28,13:30,977,4.7,17031010600,,15,4.82,22.82,,,POINT (-87.6676836101 42.0062788614)
17031809200,2024-11-27,21:15,2024-11-27,21:15,679,3.4,17031010202,,7.5,2.95,10.45,,,POINT (-87.6733337784 42.0160464924)
17031809200,2024-11-27,21:15,2024-11-27,21:30,838,4.2,17031010501,,12.5,1.68,14.18,,,POINT (-87.6639582144 42.0094125471)
17031809200,2024-11-27,12:30,2024-11-27,12:45,735,3.5,17031010202,,12.5,1.68,14.18,,,POINT (-87.6733337784 42.0160464924)
17031809200,2024-11-27,12:30,2024-11-27,13:00,1697,10.6,17031110502,,22.5,1.68,24.18,,,POINT (-87.759857019 41.970288894)
17031809200,2024-11-26,20:00,2024-11-26,20:15,970,4.5,17031010600,,15,3.55,21.55,,,POINT (-87.6676836101 42.0062788614)
17031809200,2024-11-26,20:00,2024-11-26,20:15,1078,5.1,17031030200,,15,3.48,18.48,,,POINT (-87.6652247765 41.9944422482)
17031809200,2024-11-26,18:30,2024-11-26,18:45,827,3.6,17031010100,,10,1.68,11.68,,,POINT (-87.6698247721 42.0212235931)
17031809200,2024-11-26,18:30,2024-11-26,18:45,915,3.8,17031010702,,10,3.91,18.91,,,POINT (-87.6727239593 42.0090182269)
17031809200,2024-11-26,18:30,2024-11-26,18:45,877,4,17031010100,,12.5,1.68,17.18,,,POINT (-87.6698247721 42.0212235931)
17031809200,2024-11-26,12:15,2024-11-26,12:30,1013,4.8,17031010600,,7.5,2.71,10.21,,,POINT (-87.6676836101 42.0062788614)
17031809200,2024-11-26,12:15,2024-11-26,12:30,850,4.4,17031020601,,7.5,2.03,9.53,,,POINT (-87.701802904 42.0008748252)
17031809200,2024-11-26,12:15,2024-11-26,12:30,1128,4.8,17031010600,,15,1.68,18.68,,,POINT (-87.6676836101 42.0062788614)
17031809200,2024-11-24,17:15,2024-11-24,17:45,2027,11.2,17031071400,,27.5,1.68,29.18,,,POINT (-87.6341560931 41.922082541)
17031809200,2024-11-24,17:15,2024-11-24,17:45,2034,15.2,17031320600,,30,1.68,31.68,,,POINT (-87.6221729369 41.8706073724)
17031809200,2024-11-24,17:15,2024-11-24,17:30,650,2.9,17031010100,,7.5,4.37,11.87,,,POINT (-87.6698247721 42.0212235931)
17031809200,2024-11-23,19:00,2024-11-23,19:45,2921,19.2,17031833000,,15,11.01,26.01,,,POINT (-87.6572331997 41.8852813201)
17031809200,2024-11-23,19:00,2024-11-23,19:45,2739,17.6,17031833000,,27.5,12.22,39.72,,,POINT (-87.6572331997 41.8852813201)
17031809200,2024-11-23,19:00,2024-11-23,19:15,1328,6.1,17031031200,,25,1.68,30.68,,,POINT (-87.6573411073 41.9727095466)
17031809200,2024-11-22,22:15,2024-11-22,22:45,1911,18.8,17031280100,,20,9.42,29.42,,,POINT (-87.6428084655 41.8853000224)
17031809200,2024-11-22,22:15,2024-11-22,23:00,2384,14.6,17031081700,,20,4.12,25.12,,,POINT (-87.6318639497 41.8920421365)
17031809200,2024-11-22,22:15,2024-11-22,22:45,1896,18.4,17031280100,,32.5,12.81,45.31,,,POINT (-87.6428084655 41.8853000224)
17031809200,2024-11-22,22:15,2024-11-22,22:45,1558,18.6,17031280100,,20,9.39,29.39,,,POINT (-87.6428084655 41.8853000224)
17031809200,2024-11-22,22:15,2024-11-22,23:00,2555,15.4,17031280100,,42.5,13.69,56.19,,,POINT (-87.6428084655 41.8853000224)
17031809200,2024-11-22,18:15,2024-11-22,18:30,1155,4,17031010300,,12.5,2.87,15.37,,,POINT (-87.6665362779 42.0159343756)
17031809200,2024-11-22,18:15,2024-11-22,18:30,1375,5.1,17031010600,,10,4.53,14.53,,,POINT (-87.6676836101 42.0062788614)
17031809200,2024-11-22,18:15,2024-11-22,19:15,3430,14.2,17031833000,,52.5,10.44,64.94,,,POINT (-87.6572331997 41.8852813201)
17031809200,2024-11-21,22:00,2024-11-21,22:15,908,4.6,17031010501,,7.5,5.04,12.54,,,POINT (-87.6639582144 42.0094125471)
17031809200,2024-11-21,22:00,2024-11-21,22:30,1718,7.4,17031060100,,17.5,1.68,20.18,,,POINT (-87.6666114405 41.957530922)
17031809200,2024-11-21,22:00,2024-11-21,22:15,1370,6.9,17031031300,,10,6.21,19.21,,,POINT (-87.6502900743 41.9729293173)
17031809200,2024-11-20,20:30,2024-11-20,21:00,1817,8.6,17031843700,,0,3.25,3.25,,,POINT (-87.6907750098 41.9448137543)
17031809200,2024-11-20,20:30,2024-11-20,20:30,550,3,17031010201,,7.5,2.98,10.48,,,POINT (-87.680162272 42.0160105638)
17031809200,2024-11-20,15:15,2024-11-20,15:30,683,2.8,17031020200,,5,2.52,7.52,,,POINT (-87.6996630419 42.0156967498)
17031809200,2024-11-20,15:15,2024-11-20,15:30,767,3.6,17031020400,,10,2.38,12.38,,,POINT (-87.6859131333 42.0084870082)
17031809200,2024-11-20,11:45,2024-11-20,12:15,1784,11.6,17031080100,,25,3.43,33.43,,,POINT (-87.6266589003 41.9075200747)
17031809200,2024-11-20,11:45,2024-11-20,12:30,2478,14.8,17031839100,,20,3.39,28.39,,,POINT (-87.6327464887 41.8809944707)
17031809200,2024-11-17,21:30,2024-11-17,21:45,874,5,17031010503,,15,1.68,16.68,,,POINT (-87.6631267998 42.0003203059)
17031809200,2024-11-17,21:30,2024-11-17,21:45,1351,8.5,17031060800,,12.5,6.58,19.08,,,POINT (-87.6460070664 41.9534000435)
17031809200,2024-11-17,21:30,2024-11-17,21:30,870,4.2,17031010501,,7.5,5.01,12.51,,,POINT (-87.6639582144 42.0094125471)
17031809200,2024-11-17,15:45,2024-11-17,16:15,2327,15.7,17031980000,,45,12.66,68.66,,,POINT (-87.9030396611 41.9790708201)
17031809200,2024-11-17,15:45,2024-11-17,16:00,1178,5.1,17031020901,,10,3.3,13.3,,,POINT (-87.6860768812 41.9942252345)
17031809200,2024-11-17,15:45,2024-11-17,16:00,822,3.7,17031010202,,10,2.98,12.98,,,POINT (-87.6733337784 42.0160464924)
17031809200,2024-11-17,15:45,2024-11-17,16:15,2323,12.2,17031842200,,27.5,4.01,31.51,,,POINT (-87.6499072264 41.9049353016)
17031809200,2024-11-17,13:15,2024-11-17,13:45,2223,16.2,17031980000,,35,11.6,55.6,,,POINT (-87.9030396611 41.9790708201)
17031809200,2024-11-17,13:15,2024-11-17,13:45,2130,15.8,17031980000,,32.5,11.59,50.09,,,POINT (-87.9030396611 41.9790708201)
17031809200,2024-11-17,13:15,2024-11-17,13:30,722,3.1,17031020200,,10,2.77,12.77,,,POINT (-87.6996630419 42.0156967498)
17031809200,2024-11-17,13:00,2024-11-17,14:00,3009,20.1,17031410100,,17.5,5.72,23.22,,,POINT (-87.5853031602 41.8012268363)
17031809200,2024-11-17,13:00,2024-11-17,13:30,1836,15.7,17031980000,,37.5,7.43,51.93,,,POINT (-87.9030396611 41.9790708201)
17031809200,2024-11-17,13:00,2024-11-17,13:15,896,4.1,17031010702,,10,3.08,13.08,,,POINT (-87.6727239593 42.0090182269)
17031809200,2024-11-17,12:15,2024-11-17,13:00,2033,12.6,17031832600,,20,4.09,24.09,,,POINT (-87.6540070286 41.9147473049)
17031809200,2024-11-17,12:15,2024-11-17,12:30,877,5.2,17031020702,,12.5,3.25,15.75,,,POINT (-87.7048934862 41.9941436461)
17031809200,2024-11-17,8:00,2024-11-17,8:30,1490,16.6,17031980000,,40,11.19,57.19,,,POINT (-87.9030396611 41.9790708201)
17031809200,2024-11-16,23:00,2024-11-16,23:30,1321,6.6,17031030706,,10,6.39,16.39,,,POINT (-87.6522740174 41.9801575735)
17031809200,2024-11-16,23:00,2024-11-16,23:30,2085,13.7,17031170400,,27.5,8.55,36.05,,,POINT (-87.8127108296 41.9489087714)
17031809200,2024-11-16,23:00,2024-11-16,23:30,2315,19.8,17031833000,,17.5,4.4,21.9,,,POINT (-87.6572331997 41.8852813201)
17031809200,2024-11-16,23:00,2024-11-16,23:15,1012,4.3,17031020601,,7.5,5.03,12.53,,,POINT (-87.701802904 42.0008748252)
17031809200,2024-11-16,21:45,2024-11-16,22:15,1765,12.1,17031080400,,15,7.66,22.66,,,POINT (-87.6409015248 41.9074128162)
17031809200,2024-11-16,21:45,2024-11-16,22:00,704,3.2,17031010202,,12.5,1.68,16.18,,,POINT (-87.6733337784 42.0160464924)
17031809200,2024-11-16,21:45,2024-11-16,22:15,2096,10.6,17031062900,,27.5,1.68,35.18,,,POINT (-87.6564115308 41.9362371791)
17031809200,2024-11-16,21:15,2024-11-16,21:30,993,6,17031140200,,17.5,1.68,19.18,,,POINT (-87.7134353285 41.9702449819)
17031809200,2024-11-16,21:15,2024-11-16,21:45,1475,7.7,17031110100,,12.5,6.17,23.67,,,POINT (-87.7689702414 41.985916382)
17031809200,2024-11-16,20:00,2024-11-16,20:30,1548,11.2,17031110400,,22.5,1.68,24.18,,,POINT (-87.7726169108 41.9729552005)
17031809200,2024-11-16,20:00,2024-11-16,20:30,2237,12,17031810400,,17.5,8.44,25.94,,,POINT (-87.8266761823 41.9805068217)
17031809200,2024-11-16,20:00,2024-11-16,20:30,1566,8.5,17031843700,,0,3.25,3.25,,,POINT (-87.6907750098 41.9448137543)
17031809200,2024-11-16,18:00,2024-11-16,18:45,2080,7.1,17031040402,,12.5,7.15,19.65,,,POINT (-87.6788459662 41.9725625375)
17031809200,2024-11-16,18:00,2024-11-16,18:30,1150,4.7,17031020901,,7.5,5.37,12.87,,,POINT (-87.6860768812 41.9942252345)
17031809200,2024-11-16,14:15,2024-11-16,14:45,2237,11.9,17031071500,,32.5,4.51,37.01,,,POINT (-87.6317173661 41.9146162864)
17031809200,2024-11-16,14:15,2024-11-16,14:30,970,4.5,17031010600,,10,3.38,16.38,,,POINT (-87.6676836101 42.0062788614)
17031809200,2024-11-16,14:15,2024-11-16,15:15,3488,14.7,17031241400,,22.5,5.93,28.43,,,POINT (-87.6753116216 41.906025969)
17031809200,2024-11-16,14:15,2024-11-16,14:30,771,3,17031010100,,10,1.68,13.68,,,POINT (-87.6698247721 42.0212235931)
17031809200,2024-11-16,14:15,2024-11-16,14:30,883,3.7,17031010702,,15,1.68,18.68,,,POINT (-87.6727239593 42.0090182269)
17031809200,2024-11-15,23:45,2024-11-16,0:00,730,3.5,17031010100,,17.5,1.68,19.18,,,POINT (-87.6698247721 42.0212235931)
17031809200,2024-11-15,23:45,2024-11-16,0:00,981,5.6,17031040202,,10,5.56,15.56,,,POINT (-87.6940960217 41.9798553089)
17031809200,2024-11-15,23:45,2024-11-16,0:15,1799,11.3,17031060900,,27.5,1.68,34.18,,,POINT (-87.6439653703 41.949829346)
17031809200,2024-11-15,23:45,2024-11-16,0:00,1175,7.4,17031140702,,17.5,1.68,22.18,,,POINT (-87.7132293348 41.9631157548)
17031809200,2024-11-15,23:15,2024-11-15,23:15,659,4.4,17031010501,,22.5,1.68,24.18,,,POINT (-87.6639582144 42.0094125471)
17031809200,2024-11-15,23:15,2024-11-15,23:30,904,4.1,17031010300,,17.5,1.68,22.18,,,POINT (-87.6665362779 42.0159343756)
17031809200,2024-11-15,23:15,2024-11-15,23:30,744,3.5,17031010201,,7.5,4.43,11.93,,,POINT (-87.680162272 42.0160105638)
17031809200,2024-11-15,20:30,2024-11-15,21:15,2887,16.1,17031842300,,17.5,8.35,25.85,,,POINT (-87.6536139825 41.8983058696)
17031809200,2024-11-15,20:30,2024-11-15,21:30,3211,19.4,17031838700,,27.5,12.69,40.19,,,POINT (-87.7201851765 41.8625777773)
17031809200,2024-11-14,18:30,2024-11-14,18:45,1435,8.2,17031140500,,15,5.27,20.27,,,POINT (-87.7318327391 41.9653625868)
17031809200,2024-11-14,18:30,2024-11-14,19:00,1535,6,17031030900,,12.5,4.8,18.3,,,POINT (-87.6714455473 41.9797955506)
17031809200,2024-11-14,18:30,2024-11-14,19:15,2123,9.2,17031070500,,20,6.33,26.33,,,POINT (-87.6608925701 41.9289459041)
17031809200,2024-11-14,18:15,2024-11-14,19:15,3731,13,17031838100,,40,1.68,41.68,,,POINT (-87.6716536214 41.8786674201)
17031809200,2024-11-14,18:15,2024-11-14,18:15,688,3.5,17031010201,,7.5,3.78,11.28,,,POINT (-87.680162272 42.0160105638)
17031809200,2024-11-14,18:15,2024-11-14,19:15,2890,12.8,17031250800,,22.5,8.78,31.28,,,POINT (-87.7514743323 41.9061861044)
17031809200,2024-11-14,18:15,2024-11-14,18:30,953,3.9,17031010300,,12.5,3.19,15.69,,,POINT (-87.6665362779 42.0159343756)
17031809200,2024-11-14,12:45,2024-11-14,13:00,878,4.5,17031020901,,15,2.07,17.07,,,POINT (-87.6860768812 41.9942252345)
17031809200,2024-11-14,12:45,2024-11-14,13:15,2200,13.6,17031081401,,32.5,7.12,39.62,,,POINT (-87.6197106717 41.8950334495)
17031809200,2024-11-14,12:45,2024-11-14,13:15,2164,12.8,17031170100,,17.5,1.97,19.47,,,POINT (-87.7948169935 41.9558592583)
17031809200,2024-11-13,20:30,2024-11-13,21:15,2200,11.2,17031241400,,20,6.18,32.18,,,POINT (-87.6753116216 41.906025969)
17031809200,2024-11-13,20:30,2024-11-13,20:45,1220,5.2,17031030200,,15,4.58,22.58,,,POINT (-87.6652247765 41.9944422482)
17031809200,2024-11-13,20:30,2024-11-13,21:00,1873,8.7,17031843700,,0,3.25,3.25,,,POINT (-87.6907750098 41.9448137543)
17031809200,2024-11-13,18:15,2024-11-13,19:00,2319,8.1,17031060500,,25,1.68,33.68,,,POINT (-87.6605035019 41.952719111)
17031809200,2024-11-13,18:15,2024-11-13,19:15,3604,16.1,17031280100,,25,10.37,35.37,,,POINT (-87.6428084655 41.8853000224)
17031809200,2024-11-13,18:15,2024-11-13,19:30,4810,13.8,17031838100,,42.5,1.68,44.18,,,POINT (-87.6716536214 41.8786674201)
17031809200,2024-11-13,18:15,2024-11-13,18:30,1046,3.8,17031010702,,15,4.14,22.14,,,POINT (-87.6727239593 42.0090182269)
17031809200,2024-11-13,18:15,2024-11-13,19:15,3979,22.5,17031834800,,30,9.92,39.92,,,POINT (-87.6450896352 41.7836333784)
17031809200,2024-11-13,18:15,2024-11-13,18:30,665,2.8,17031020100,,12.5,1.68,14.18,,,POINT (-87.6871159899 42.0157199072)
17031809200,2024-11-11,17:30,2024-11-11,17:45,1649,3.7,17031020400,,12.5,4.12,16.62,,,POINT (-87.6859131333 42.0084870082)
17031809200,2024-11-11,17:30,2024-11-11,18:15,3280,12.1,17031040300,,10,3.72,13.72,,,POINT (-87.701941074 41.9768117505)
17031809200,2024-11-11,7:00,2024-11-11,7:30,2068,15.8,17031980000,,35,13.48,48.48,,,POINT (-87.9030396611 41.9790708201)
17031809200,2024-11-11,7:00,2024-11-11,7:45,2380,15.1,17031980000,,42.5,6.68,59.18,,,POINT (-87.9030396611 41.9790708201)
17031809200,2024-11-10,4:45,2024-11-10,5:15,1783,12.4,17031770700,,25,1.68,26.68,,,POINT (-87.8773053996 41.9827750091)
17031809200,2024-11-10,4:45,2024-11-10,5:15,1668,14.3,17031770700,,17.5,3.84,21.34,,,POINT (-87.8773053996 41.9827750091)
17031809200,2024-11-10,4:45,2024-11-10,5:15,1803,14.9,17031980000,,37.5,6.68,44.18,,,POINT (-87.9030396611 41.9790708201)
17031809200,2024-11-09,22:15,2024-11-09,22:30,792,3.7,17031010100,,7.5,5.53,13.03,,,POINT (-87.6698247721 42.0212235931)
17031809200,2024-11-09,17:45,2024-11-09,18:15,2219,9.7,17031150502,,12.5,7.59,20.09,,,POINT (-87.7818419914 41.9567787036)
17031809200,2024-11-09,17:45,2024-11-09,18:00,1194,4.5,17031830600,,15,1.68,16.68,,,POINT (-87.6735740325 42.0016981937)
17031809200,2024-11-09,17:45,2024-11-09,18:45,3360,17.6,17031252102,,15,14.56,29.56,,,POINT (-87.7598126285 41.8765928828)
17031809200,2024-11-09,13:30,2024-11-09,13:30,701,3,17031010201,,10,1.68,11.68,,,POINT (-87.680162272 42.0160105638)
17031809200,2024-11-09,13:30,2024-11-09,14:30,3395,17,17031260500,,25,6.74,31.74,,,POINT (-87.7377094687 41.8765230613)
17031809200,2024-11-09,6:45,2024-11-09,7:00,666,3.8,17031010300,,12.5,1.68,14.18,,,POINT (-87.6665362779 42.0159343756)
17031809200,2024-11-09,6:45,2024-11-09,7:15,1995,14.4,17031320400,,32.5,1.68,34.18,,,POINT (-87.6219716519 41.8774061234)
17031809200,2024-11-08,20:15,2024-11-08,20:30,807,4.3,17031010501,,7.5,5.05,12.55,,,POINT (-87.6639582144 42.0094125471)
17031809200,2024-11-08,20:15,2024-11-08,20:45,2204,14.5,17031839100,,35,3.43,38.43,,,POINT (-87.6327464887 41.8809944707)
17031809200,2024-11-08,20:15,2024-11-08,20:30,1640,9,17031061000,,12.5,7.18,19.68,,,POINT (-87.6519703953 41.9492209135)
17031809200,2024-11-08,19:45,2024-11-08,20:00,1537,8.4,17031031501,,12.5,7.3,19.8,,,POINT (-87.6524349997 41.9672886138)
17031809200,2024-11-08,19:45,2024-11-08,20:00,1219,5.8,17031040202,,15,5.89,20.89,,,POINT (-87.6940960217 41.9798553089)
17031809200,2024-11-08,19:45,2024-11-08,20:00,1171,5,17031030300,,5,4.77,9.77,,,POINT (-87.672538401 41.9943810196)
17031809200,2024-11-08,17:45,2024-11-08,18:00,887,3.4,17031010201,,7.5,3.81,11.31,,,POINT (-87.680162272 42.0160105638)
17031809200,2024-11-08,17:45,2024-11-08,18:15,2435,16.7,17031980000,,35,21.71,56.71,,,POINT (-87.9030396611 41.9790708201)
17031809200,2024-11-08,8:45,2024-11-08,9:30,3025,10.4,17031221400,,20,6.05,26.05,,,POINT (-87.6945323419 41.9208017043)
17031809200,2024-11-08,8:45,2024-11-08,9:15,2233,15.7,17031980000,,25,11.08,41.08,,,POINT (-87.9030396611 41.9790708201)
17031809200,2024-11-06,17:30,2024-11-06,18:15,2732,12.5,17031170400,,20,7.3,27.3,,,POINT (-87.8127108296 41.9489087714)
17031809200,2024-11-06,17:30,2024-11-06,18:15,3257,10,17031832400,,20,7.39,32.39,,,POINT (-87.6922563262 41.9157411934)
17031809200,2024-11-06,17:30,2024-11-06,18:00,1111,4.2,17031010702,,7.5,4.26,14.76,,,POINT (-87.6727239593 42.0090182269)
17031809200,2024-11-06,6:45,2024-11-06,7:00,641,3.8,17031010300,,10,1.68,11.68,,,POINT (-87.6665362779 42.0159343756)
17031809200,2024-11-06,6:45,2024-11-06,7:30,3099,13.5,17031081800,,30,3.43,33.43,,,POINT (-87.6378442095 41.8932163595)
17031809200,2024-11-04,21:00,2024-11-04,21:30,1778,15.5,17031221600,,20,4.46,24.46,,,POINT (-87.6850821101 41.9212731053)
17031809200,2024-11-04,21:00,2024-11-04,21:30,1806,10.7,17031070300,,17.5,4.17,21.67,,,POINT (-87.6513108767 41.9290469366)
17031809200,2024-11-04,21:00,2024-11-04,21:15,1085,5.2,17031010400,,10,3.44,16.44,,,POINT (-87.659122427 42.004764559)
17031809200,2024-11-04,6:30,2024-11-04,6:45,744,3.6,17031010202,,10,1.68,11.68,,,POINT (-87.6733337784 42.0160464924)
17031809200,2024-11-04,6:30,2024-11-04,6:45,735,3.8,17031010300,,10,1.68,11.68,,,POINT (-87.6665362779 42.0159343756)
17031809200,2024-11-03,21:45,2024-11-03,22:30,2563,15.6,17031252000,,35,1.68,36.68,,,POINT (-87.7698815509 41.88366198)
17031809200,2024-11-03,21:45,2024-11-03,22:15,1397,9.5,17031061901,,12.5,7.58,20.08,,,POINT (-87.6434709559 41.9432371225)
17031809200,2024-11-03,21:45,2024-11-03,22:15,1467,7.3,17031031100,,12.5,8.89,21.39,,,POINT (-87.6638654956 41.9726679555)
17031809200,2024-11-03,19:45,2024-11-03,20:15,1097,5,17031020801,,10,5.42,15.42,,,POINT (-87.6944151909 41.9868086263)
17031809200,2024-11-03,12:00,2024-11-03,12:30,1512,7.2,17031140702,,12.5,3.69,16.19,,,POINT (-87.7132293348 41.9631157548)
17031809200,2024-11-03,12:00,2024-11-03,12:30,1953,12.4,17031080202,,20,3.84,23.84,,,POINT (-87.6308650266 41.9058577688)
17031809200,2024-11-03,12:00,2024-11-03,12:30,2384,14.4,17031191301,,30,5.16,38.16,,,POINT (-87.780270163 41.9201527839)
17031809200,2024-11-02,23:15,2024-11-02,23:30,634,3.8,17031010201,,10,4.62,14.62,,,POINT (-87.680162272 42.0160105638)
17031809200,2024-11-02,23:15,2024-11-02,23:45,1628,8.8,17031060800,,10,6.01,16.01,,,POINT (-87.6460070664 41.9534000435)
17031809200,2024-11-02,23:15,2024-11-02,23:30,840,3.9,17031010300,,10,4.81,15.81,,,POINT (-87.6665362779 42.0159343756)
17031809200,2024-11-02,23:15,2024-11-02,23:45,1841,17.2,17031836600,,20,10.18,30.18,,,POINT (-87.7088084239 41.8986992296)
17031809200,2024-11-02,22:15,2024-11-02,22:15,679,3,17031020100,,10,4.28,14.28,,,POINT (-87.6871159899 42.0157199072)
17031809200,2024-11-02,22:15,2024-11-02,22:30,1077,5.3,17031040202,,7.5,5.53,13.03,,,POINT (-87.6940960217 41.9798553089)
17031809200,2024-11-02,22:15,2024-11-02,22:30,864,4.3,17031010600,,12.5,1.68,14.18,,,POINT (-87.6676836101 42.0062788614)
17031809200,2024-11-02,18:15,2024-11-02,19:30,4199,17.7,17031838100,,37.5,17.07,64.57,,,POINT (-87.6716536214 41.8786674201)
17031809200,2024-11-02,18:15,2024-11-02,18:30,893,3.7,17031010300,,10,4.76,14.76,,,POINT (-87.6665362779 42.0159343756)
17031809200,2024-11-01,20:00,2024-11-01,20:15,1405,7.1,17031031501,,12.5,6.83,19.33,,,POINT (-87.6524349997 41.9672886138)
17031809200,2024-11-01,20:00,2024-11-01,20:30,1830,8.6,17031843700,,0,3.25,3.25,,,POINT (-87.6907750098 41.9448137543)
17031809200,2024-11-01,20:00,2024-11-01,20:30,1663,12.2,17031161300,,15,11.91,26.91,,,POINT (-87.7310024842 41.9426995777)
17031809200,2024-11-01,14:45,2024-11-01,15:30,2258,17.2,17031980000,,37.5,9.6,58.1,,,POINT (-87.9030396611 41.9790708201)
17031809200,2024-11-01,14:45,2024-11-01,16:00,4297,12.3,17031837800,,30,1.68,31.68,,,POINT (-87.6841474493 41.8847677845)
17031809200,2024-11-01,12:00,2024-11-01,13:00,3130,13.7,17031081500,,27.5,3.43,30.93,,,POINT (-87.6262149064 41.8925077809)
17031809200,2024-11-01,8:45,2024-11-01,9:00,1113,4.9,17031020802,,10,3.18,13.18,,,POINT (-87.6946307194 41.994059824)
17031809200,2024-11-01,8:45,2024-11-01,9:45,2962,12.4,17031243000,,30,1.68,31.68,,,POINT (-87.6793974791 41.8922767078)
17031809200,2024-11-01,8:45,2024-11-01,9:15,1663,7.4,17031830700,,15,3.69,18.69,,,POINT (-87.6603894557 41.958055933)
17031809200,2024-11-01,8:45,2024-11-01,9:00,1352,5,17031020302,,5,2.11,7.11,,,POINT (-87.6949637498 42.0085407611)
17031809200,2024-11-01,7:15,2024-11-01,7:45,1305,6.5,17031030800,,12.5,3.69,16.19,,,POINT (-87.6641882421 41.9799124453)
17031809200,2024-11-01,7:15,2024-11-01,7:15,592,3.4,17031010202,,5,2.98,7.98,,,POINT (-87.6733337784 42.0160464924)
17031809200,2024-10-31,20:00,2024-10-31,20:45,2516,10.4,17031240500,,25,1.68,26.68,,,POINT (-87.6836429218 41.9119723006)
17031809200,2024-10-31,20:00,2024-10-31,20:15,1089,5.1,17031020902,,12.5,6.37,18.87,,,POINT (-87.6786882109 41.9942660943)
17031809200,2024-10-31,20:00,2024-10-31,20:45,2133,15.2,17031330100,,22.5,10.24,32.74,,,POINT (-87.6173580061 41.859349715)
17031809200,2024-10-31,16:30,2024-10-31,17:30,4244,14.9,17031252201,,32.5,1.68,34.18,,,POINT (-87.7521052352 41.8766962871)
17031809200,2024-10-31,16:30,2024-10-31,17:00,1782,6.6,17031040401,,25,1.68,26.68,,,POINT (-87.6860998978 41.972035672)
17031809200,2024-10-31,12:30,2024-10-31,12:45,970,5.2,17031020802,,7.5,2.62,10.12,,,POINT (-87.6946307194 41.994059824)
17031809200,2024-10-31,12:30,2024-10-31,13:15,2585,19.1,17031281900,,27.5,3.36,30.86,,,POINT (-87.642648998 41.8792550844)
17031809200,2024-10-31,11:45,2024-10-31,11:45,747,3.4,17031010202,,10,1.95,11.95,,,POINT (-87.6733337784 42.0160464924)
17031809200,2024-10-31,11:45,2024-10-31,12:15,1828,11.7,17031071400,,25,1.68,26.68,,,POINT (-87.6341560931 41.922082541)
17031809200,2024-10-30,13:30,2024-10-30,13:45,842,4,17031020400,,12.5,2.09,14.59,,,POINT (-87.6859131333 42.0084870082)
17031809200,2024-10-30,13:30,2024-10-30,14:15,2990,19.5,17031842900,,35,1.68,36.68,,,POINT (-87.672920435 41.8631181033)
17031809200,2024-10-29,20:00,2024-10-29,20:00,642,2.8,17031020100,,12.5,1.68,14.18,,,POINT (-87.6871159899 42.0157199072)
17031809200,2024-10-29,20:00,2024-10-29,20:15,1034,4.5,17031010502,,5,2.56,7.56,,,POINT (-87.6633278588 42.0045174875)
17031809200,2024-10-29,20:00,2024-10-29,20:15,904,4.1,17031010702,,10,3.2,13.2,,,POINT (-87.6727239593 42.0090182269)
17031809200,2024-10-29,18:30,2024-10-29,19:00,2482,8.5,17031062500,,25,1.68,33.68,,,POINT (-87.671107656 41.9414882338)
17031809200,2024-10-29,18:00,2024-10-29,18:15,1151,3.4,17031010201,,5,3.88,8.88,,,POINT (-87.680162272 42.0160105638)
17031809200,2024-10-29,18:00,2024-10-29,18:15,1228,3.8,17031010702,,12.5,4.29,19.79,,,POINT (-87.6727239593 42.0090182269)
17031809200,2024-10-28,19:30,2024-10-28,19:45,1219,10.8,17031150300,,17.5,4.02,21.52,,,POINT (-87.7622859818 41.9605182177)
17031809200,2024-10-28,19:30,2024-10-28,20:15,2089,12.9,17031081700,,22.5,6.31,28.81,,,POINT (-87.6318639497 41.8920421365)
17031809200,2024-10-28,19:30,2024-10-28,19:45,803,4.1,17031020802,,12.5,1.68,14.18,,,POINT (-87.6946307194 41.994059824)
17031809200,2024-10-28,18:00,2024-10-28,19:00,3379,15.6,17031252201,,32.5,1.68,34.18,,,POINT (-87.7521052352 41.8766962871)
17031809200,2024-10-28,18:00,2024-10-28,18:15,1269,5.1,17031010501,,15,1.68,16.68,,,POINT (-87.6639582144 42.0094125471)
17031809200,2024-10-28,7:15,2024-10-28,8:00,2227,15,17031980000,,37.5,6.68,44.18,,,POINT (-87.9030396611 41.9790708201)
17031809200,2024-10-28,7:15,2024-10-28,7:45,1764,6,17031030800,,12.5,3.97,17.47,,,POINT (-87.6641882421 41.9799124453)
17031809200,2024-10-28,7:15,2024-10-28,7:30,761,3.8,17031010100,,7.5,3.16,13.66,,,POINT (-87.6698247721 42.0212235931)
17031809200,2024-10-27,12:45,2024-10-27,13:15,2108,6.5,17031980000,,22.5,6.68,36.18,,,POINT (-87.9030396611 41.9790708201)
17031809200,2024-10-27,12:45,2024-10-27,13:00,996,3.9,17031010702,,12.5,3.13,15.63,,,POINT (-87.6727239593 42.0090182269)
17031809200,2024-10-27,11:30,2024-10-27,12:15,2706,18.9,17031833000,,22.5,4.41,26.91,,,POINT (-87.6572331997 41.8852813201)
17031809200,2024-10-27,11:30,2024-10-27,11:45,850,3.8,17031010202,,12.5,1.68,14.18,,,POINT (-87.6733337784 42.0160464924)
17031809200,2024-10-26,22:45,2024-10-26,23:30,2586,18.5,17031281900,,25,9.72,34.72,,,POINT (-87.642648998 41.8792550844)
17031809200,2024-10-26,22:45,2024-10-26,23:15,1348,9.1,17031110502,,20,1.68,21.68,,,POINT (-87.759857019 41.970288894)
17031809200,2024-10-26,22:45,2024-10-26,23:15,2318,11.1,17031241200,,27.5,1.68,35.18,,,POINT (-87.6846859492 41.9067077917)
17031809200,2024-10-26,21:30,2024-10-26,22:00,1788,9.4,17031062000,,15,7.58,25.58,,,POINT (-87.6470785093 41.942577185)
17031809200,2024-10-26,21:15,2024-10-26,21:45,1903,11.5,17031071200,,15,7.76,22.76,,,POINT (-87.6462109769 41.9218549112)
17031809200,2024-10-26,21:15,2024-10-26,22:30,4464,26.9,17031691400,,30,6.53,36.53,,,POINT (-87.6101685859 41.7548461015)
17031809200,2024-10-26,21:15,2024-10-26,22:00,3095,16.1,17031833000,,25,11.9,36.9,,,POINT (-87.6572331997 41.8852813201)
17031809200,2024-10-26,21:15,2024-10-26,21:45,2026,8.7,17031832000,,15,7.35,22.35,,,POINT (-87.6542980837 41.9462945357)
17031809200,2024-10-26,21:00,2024-10-26,21:45,2516,18.7,17031839900,,35,14.45,49.45,,,POINT (-87.6486268165 41.8270879119)
17031809200,2024-10-26,21:00,2024-10-26,21:30,1532,8.4,17031032100,,22.5,1.68,24.18,,,POINT (-87.6530217894 41.9581548757)
17031809200,2024-10-26,21:00,2024-10-26,21:30,2412,22.3,17031301600,,35,12.43,47.43,,,POINT (-87.7122519178 41.8407574164)
17031809200,2024-10-26,19:45,2024-10-26,20:00,634,2.8,17031810200,,12.5,1.68,14.18,,,
17031809200,2024-10-26,19:45,2024-10-26,20:00,737,3.7,17031010202,,10,4.86,14.86,,,POINT (-87.6733337784 42.0160464924)
17031809200,2024-10-26,19:45,2024-10-26,20:00,977,4.6,17031010502,,10,5.51,15.51,,,POINT (-87.6633278588 42.0045174875)
17031809200,2024-10-25,14:45,2024-10-25,15:00,776,3.2,17031010202,,7.5,2.29,9.79,,,POINT (-87.6733337784 42.0160464924)
17031809200,2024-10-25,14:45,2024-10-25,15:45,3253,9.1,17031220500,,25,1.68,26.68,,,POINT (-87.7049072355 41.9283913974)
17031809200,2024-10-25,14:45,2024-10-25,15:00,968,3.8,17031010100,,12.5,2.35,15.85,,,POINT (-87.6698247721 42.0212235931)
17031809200,2024-10-25,12:30,2024-10-25,13:00,2401,16.3,17031980000,,62.5,7.15,69.65,,,POINT (-87.9030396611 41.9790708201)
17031809200,2024-10-25,12:30,2024-10-25,13:15,3175,14.4,17031841900,,32.5,3.43,35.93,,,POINT (-87.6429586652 41.8679024175)
17031809200,2024-10-24,19:30,2024-10-24,19:45,918,4.1,17031010702,,7.5,4.94,13.44,,,POINT (-87.6727239593 42.0090182269)
17031809200,2024-10-24,19:30,2024-10-24,19:45,583,2.8,17031020100,,10,1.68,16.68,,,POINT (-87.6871159899 42.0157199072)
17031809200,2024-10-24,19:30,2024-10-24,20:15,1931,9.9,17031220602,,27.5,1.68,29.18,,,POINT (-87.7119742544 41.9293297134)
17031809200,2024-10-24,19:00,2024-10-24,19:30,2195,8.8,17031062700,,27.5,1.68,36.18,,,POINT (-87.6661106945 41.9360865352)
17031809200,2024-10-24,19:00,2024-10-24,19:45,2999,12.7,17031282700,,22.5,8.02,30.52,,,POINT (-87.6886749004 41.8713514005)
17031809200,2024-10-24,19:00,2024-10-24,19:45,2894,15.6,17031252201,,35,1.68,36.68,,,POINT (-87.7521052352 41.8766962871)
17031809200,2024-10-24,17:45,2024-10-24,19:00,3959,15.3,17031841300,,45,1.68,46.68,,,POINT (-87.6829962096 41.8441449609)
17031809200,2024-10-24,17:45,2024-10-24,18:30,2840,14.9,17031980000,,25,17.8,49.8,,,POINT (-87.9030396611 41.9790708201)
17031809200,2024-10-24,17:45,2024-10-24,18:00,869,3.4,17031010202,,12.5,1.68,16.18,,,POINT (-87.6733337784 42.0160464924)
17031809200,2024-10-23,16:30,2024-10-23,17:00,1089,3.7,17031020400,,15,1.68,16.68,,,POINT (-87.6859131333 42.0084870082)
17031809200,2024-10-23,16:30,2024-10-23,17:15,3122,14.5,17031980000,,37.5,11.87,61.37,,,POINT (-87.9030396611 41.9790708201)
17031809200,2024-10-23,16:30,2024-10-23,17:15,2989,16.7,17031980000,,50,20.31,83.31,,,POINT (-87.9030396611 41.9790708201)
17031809200,2024-10-23,16:00,2024-10-23,17:00,3433,13.5,17031320100,,32.5,3.43,35.93,,,POINT (-87.6209929134 41.8849871918)
17031809200,2024-10-23,16:00,2024-10-23,16:15,1167,5,17031010400,,12.5,2.32,14.82,,,POINT (-87.659122427 42.004764559)
17031809200,2024-10-23,16:00,2024-10-23,17:00,3641,19.2,17031836000,,32.5,3.41,35.91,,,POINT (-87.6116848803 41.8140038222)
17031809200,2024-10-22,20:30,2024-10-22,21:00,1853,8.8,17031843700,,0,3.25,3.25,,,POINT (-87.6907750098 41.9448137543)
17031809200,2024-10-22,20:30,2024-10-22,21:15,2740,30.2,17031430300,,25,6.06,31.06,,,POINT (-87.5893233661 41.7696482642)
17031809200,2024-10-22,20:30,2024-10-22,20:45,1135,5.1,17031030200,,15,3.47,21.47,,,POINT (-87.6652247765 41.9944422482)
17031809200,2024-10-22,18:15,2024-10-22,18:30,920,3.8,17031010702,,12.5,3.88,19.38,,,POINT (-87.6727239593 42.0090182269)
17031809200,2024-10-22,18:15,2024-10-22,18:30,1078,4.4,17031830600,,12.5,1.68,14.18,,,POINT (-87.6735740325 42.0016981937)
17031809200,2024-10-22,18:15,2024-10-22,18:30,923,3.7,17031020400,,15,1.68,16.68,,,POINT (-87.6859131333 42.0084870082)
17031809200,2024-10-22,8:00,2024-10-22,8:45,2494,15.4,17031980000,,40,11.7,51.7,,,POINT (-87.9030396611 41.9790708201)
17031809200,2024-10-21,20:15,2024-10-21,20:30,945,4.5,17031830600,,12.5,1.68,14.18,,,POINT (-87.6735740325 42.0016981937)
17031809200,2024-10-21,20:15,2024-10-21,21:00,2145,14.1,17031230600,,20,5.58,25.58,,,POINT (-87.7338570193 41.9061678698)
17031809200,2024-10-21,20:15,2024-10-21,20:30,923,5,17031010501,,12.5,1.68,14.18,,,POINT (-87.6639582144 42.0094125471)
17031809200,2024-10-21,17:00,2024-10-21,17:15,824,3.5,17031010201,,10,4.02,14.02,,,POINT (-87.680162272 42.0160105638)
17031809200,2024-10-21,17:00,2024-10-21,18:00,3267,13.7,17031320100,,42.5,9.36,58.86,,,POINT (-87.6209929134 41.8849871918)
17031809200,2024-10-21,17:00,2024-10-21,17:45,2849,13.3,17031831100,,22.5,7.33,29.83,,,POINT (-87.717503858 41.942859303)
17031809200,2024-10-20,16:30,2024-10-20,16:45,839,4.3,17031010501,,7.5,3.14,10.64,,,POINT (-87.6639582144 42.0094125471)
17031809200,2024-10-20,16:30,2024-10-20,17:15,3060,15.3,17031980000,,42.5,17.43,72.93,,,POINT (-87.9030396611 41.9790708201)
17031809200,2024-10-20,10:30,2024-10-20,10:45,934,4,17031010702,,5,2.27,7.27,,,POINT (-87.6727239593 42.0090182269)
17031809200,2024-10-20,10:30,2024-10-20,10:45,645,3.2,17031010202,,5,1.91,6.91,,,POINT (-87.6733337784 42.0160464924)
17031809200,2024-10-20,10:30,2024-10-20,10:45,896,3.6,17031010202,,10,1.68,11.68,,,POINT (-87.6733337784 42.0160464924)
17031809200,2024-10-20,10:30,2024-10-20,11:00,2157,16.3,17031980000,,35,9,44,,,POINT (-87.9030396611 41.9790708201)
17031809200,2024-10-20,10:00,2024-10-20,10:15,604,3.8,17031020302,,5,2.83,7.83,,,POINT (-87.6949637498 42.0085407611)
17031809200,2024-10-20,10:00,2024-10-20,10:15,1193,5.3,17031020500,,10,2.97,12.97,,,POINT (-87.684198195 42.0013132491)
17031809200,2024-10-20,10:00,2024-10-20,10:30,1868,16.2,17031980000,,35,11.23,46.23,,,POINT (-87.9030396611 41.9790708201)
17031809200,2024-10-19,16:00,2024-10-19,16:45,2296,9.4,17031062200,,17.5,4.72,27.22,,,POINT (-87.6566440918 41.9425851797)
17031809200,2024-10-19,16:00,2024-10-19,16:45,2589,10,17031222200,,20,5.21,25.21,,,POINT (-87.6838259399 41.9159097884)
17031809200,2024-10-19,16:00,2024-10-19,16:30,1871,6.8,17031830800,,20,1.68,21.68,,,POINT (-87.6765780714 41.9651417087)
17031809200,2024-10-19,16:00,2024-10-19,17:00,3522,13.1,17031081600,,22.5,5.28,27.78,,,POINT (-87.6288741572 41.8920726347)
17031809200,2024-10-19,15:45,2024-10-19,16:45,3345,15.8,17031320600,,27.5,6.2,33.7,,,POINT (-87.6221729369 41.8706073724)
17031809200,2024-10-19,15:45,2024-10-19,16:00,1186,4.7,17031020500,,15,3.48,18.48,,,POINT (-87.684198195 42.0013132491)
17031809200,2024-10-19,0:15,2024-10-19,0:45,1562,13,17031151100,,17.5,8.03,25.53,,,POINT (-87.7617177214 41.9422905548)
17031809200,2024-10-19,0:15,2024-10-19,0:30,915,6,17031140200,,15,1.68,16.68,,,POINT (-87.7134353285 41.9702449819)
17031809200,2024-10-18,23:00,2024-10-18,23:30,1734,8.5,17031032100,,32.5,1.68,34.18,,,POINT (-87.6530217894 41.9581548757)
17031809200,2024-10-18,21:30,2024-10-18,22:00,2330,16.4,17031242700,,20,9.51,29.51,,,POINT (-87.6993744036 41.8974257653)
17031809200,2024-10-18,21:30,2024-10-18,22:00,1628,13.6,17031843700,,12.5,7.29,19.79,,,POINT (-87.6907750098 41.9448137543)
17031809200,2024-10-18,21:30,2024-10-18,22:15,2863,18.7,17031081800,,35,5.64,40.64,,,POINT (-87.6378442095 41.8932163595)
17031809200,2024-10-18,21:30,2024-10-18,22:00,1629,11.8,17031071500,,15,7.6,22.6,,,POINT (-87.6317173661 41.9146162864)
17031809200,2024-10-18,21:30,2024-10-18,22:00,1979,8.4,17031832000,,17.5,7.54,25.04,,,POINT (-87.6542980837 41.9462945357)
17031809200,2024-10-18,21:30,2024-10-18,22:00,2076,10.3,17031831900,,32.5,1.68,41.18,,,POINT (-87.6687944391 41.9451704528)
17031809200,2024-10-18,21:15,2024-10-18,21:45,2484,16.1,17031980000,,42.5,6.68,49.18,,,POINT (-87.9030396611 41.9790708201)
17031809200,2024-10-18,21:15,2024-10-18,21:30,1324,7.9,17031060300,,25,1.68,30.68,,,POINT (-87.671332488 41.9506052324)
17031809200,2024-10-18,21:15,2024-10-18,21:45,1930,13.7,17031081500,,20,10.47,30.47,,,POINT (-87.6262149064 41.8925077809)
17031809200,2024-10-18,20:45,2024-10-18,21:15,2014,10.4,17031062100,,15,7.5,22.5,,,POINT (-87.6517705068 41.9426918444)
17031809200,2024-10-18,20:45,2024-10-18,21:15,934,5.5,17031040202,,10,5.6,15.6,,,POINT (-87.6940960217 41.9798553089)
17031809200,2024-10-18,20:45,2024-10-18,21:00,684,2.9,17031010201,,12.5,1.68,16.18,,,POINT (-87.680162272 42.0160105638)
17031809200,2024-10-18,20:30,2024-10-18,21:15,2035,13.6,17031081500,,17.5,11.42,28.92,,,POINT (-87.6262149064 41.8925077809)
17031809200,2024-10-18,20:30,2024-10-18,20:45,1135,7.6,17031140400,,12.5,6.47,18.97,,,POINT (-87.7389372047 41.97153938)
17031809200,2024-10-18,20:30,2024-10-18,21:00,1987,11.6,17031071800,,17.5,7.83,29.33,,,POINT (-87.6459662069 41.9145857091)
17031809200,2024-10-18,20:00,2024-10-18,20:30,2412,20,17031410500,,25,13.05,38.05,,,POINT (-87.6037457654 41.7978270187)
17031809200,2024-10-18,20:00,2024-10-18,20:30,1312,5.5,17031010503,,10,6.72,16.72,,,POINT (-87.6631267998 42.0003203059)
17031809200,2024-10-18,20:00,2024-10-18,20:30,1765,8.8,17031843700,,0,0,0,,,POINT (-87.6907750098 41.9448137543)
17031809200,2024-10-18,17:45,2024-10-18,18:45,3161,20.1,17031980000,,40,18.74,63.74,,,POINT (-87.9030396611 41.9790708201)
17031809200,2024-10-18,17:45,2024-10-18,18:45,3294,12.2,17031191100,,25,8.4,33.4,,,POINT (-87.7509798603 41.9195645564)
17031809200,2024-10-18,17:45,2024-10-18,19:00,4630,19,17031841000,,22.5,6.9,29.4,,,POINT (-87.6241352979 41.8492467545)
17031809200,2024-10-17,19:45,2024-10-17,20:15,1729,10.7,17031071400,,22.5,1.68,24.18,,,POINT (-87.6341560931 41.922082541)
17031809200,2024-10-17,19:45,2024-10-17,20:00,1007,5.1,17031030200,,15,5.66,23.66,,,POINT (-87.6652247765 41.9944422482)
17031809200,2024-10-17,19:45,2024-10-17,20:00,1146,5.5,17031040202,,10,5.75,15.75,,,POINT (-87.6940960217 41.9798553089)
17031809200,2024-10-16,13:30,2024-10-16,13:45,885,4.1,17031020400,,12.5,2.11,14.61,,,POINT (-87.6859131333 42.0084870082)
17031809200,2024-10-16,13:30,2024-10-16,13:45,927,4.2,17031010100,,7.5,2.53,10.03,,,POINT (-87.6698247721 42.0212235931)
17031809200,2024-10-15,14:15,2024-10-15,15:15,3330,19.3,17031191302,,22.5,4.94,27.44,,,POINT (-87.7705377644 41.9202651208)
17031809200,2024-10-15,14:15,2024-10-15,14:45,1591,7.9,17031160400,,17.5,3.82,21.32,,,POINT (-87.7228222513 41.9573606908)
17031809200,2024-10-14,14:00,2024-10-14,14:15,790,3.9,17031010202,,7.5,2.06,9.56,,,POINT (-87.6733337784 42.0160464924)
17031809200,2024-10-14,14:00,2024-10-14,14:15,746,3,17031010202,,12.5,1.68,14.18,,,POINT (-87.6733337784 42.0160464924)
17031809200,2024-10-13,23:30,2024-10-14,0:00,1201,5.9,17031030104,,15,1.68,16.68,,,POINT (-87.6574987907 41.9971539428)
17031809200,2024-10-13,23:30,2024-10-13,23:45,540,3,17031020200,,5,4.06,9.06,,,POINT (-87.6996630419 42.0156967498)
17031809200,2024-10-13,14:00,2024-10-13,14:30,2281,16.5,17031980000,,35,11.75,46.75,,,POINT (-87.9030396611 41.9790708201)
17031809200,2024-10-12,23:30,2024-10-12,23:45,997,4.9,17031010502,,12.5,1.68,14.18,,,POINT (-87.6633278588 42.0045174875)
17031809200,2024-10-12,23:30,2024-10-12,23:30,658,3,17031010201,,10,1.68,11.68,,,POINT (-87.680162272 42.0160105638)
17031809200,2024-10-12,23:30,2024-10-13,0:00,2511,15.6,17031252000,,37.5,1.68,39.18,,,POINT (-87.7698815509 41.88366198)
17031809200,2024-10-12,23:15,2024-10-12,23:45,1782,9.1,17031051300,,12.5,7.88,20.38,,,POINT (-87.6758219283 41.935983574)
17031809200,2024-10-12,23:15,2024-10-13,0:00,1996,9,17031060400,,22.5,7.95,30.45,,,POINT (-87.6665362813 41.9506733576)
17031809200,2024-10-12,23:15,2024-10-12,23:45,1641,9.9,17031063000,,17.5,7.7,25.2,,,POINT (-87.6515625922 41.9363101308)
17031809200,2024-10-12,22:45,2024-10-12,23:00,1366,6.6,17031030706,,15,6.22,21.22,,,POINT (-87.6522740174 41.9801575735)
17031809200,2024-10-12,22:45,2024-10-12,23:30,3037,21,17031330100,,42.5,1.68,44.18,,,POINT (-87.6173580061 41.859349715)
17031809200,2024-10-12,21:45,2024-10-12,22:15,1047,5.6,17031030500,,15,1.68,16.68,,,POINT (-87.6649377243 41.9872255578)
17031809200,2024-10-12,21:45,2024-10-12,22:00,1301,5.9,17031030800,,15,5.92,25.92,,,POINT (-87.6641882421 41.9799124453)
17031809200,2024-10-12,21:45,2024-10-12,22:30,2014,10,17031031400,,5,6.03,11.03,,,POINT (-87.6453787624 41.962178629)
17031809200,2024-10-11,23:45,2024-10-12,0:00,1049,5.6,17031040202,,10,5.59,15.59,,,POINT (-87.6940960217 41.9798553089)
17031809200,2024-10-11,23:45,2024-10-12,0:00,697,3.7,17031010100,,7.5,2.28,9.78,,,POINT (-87.6698247721 42.0212235931)
17031809200,2024-10-11,23:45,2024-10-12,0:00,1086,6.2,17031030601,,15,1.68,16.68,,,POINT (-87.6572348282 41.9887040216)
17031809200,2024-10-11,23:30,2024-10-12,0:00,1782,7.3,17031031300,,20,1.68,25.68,,,POINT (-87.6502900743 41.9729293173)
17031809200,2024-10-11,23:30,2024-10-11,23:45,675,3.1,17031010201,,5,4.26,9.26,,,POINT (-87.680162272 42.0160105638)
17031809200,2024-10-11,23:30,2024-10-11,23:45,1256,5,17031830600,,15,1.68,16.68,,,POINT (-87.6735740325 42.0016981937)
17031809200,2024-10-11,22:30,2024-10-11,22:30,660,4.1,17031020100,,7.5,4.71,12.21,,,POINT (-87.6871159899 42.0157199072)
17031809200,2024-10-11,22:30,2024-10-11,23:30,3291,17.8,17031251100,,15,9.59,24.59,,,POINT (-87.7520115624 41.8986254245)
17031809200,2024-10-11,22:30,2024-10-11,23:15,2408,14,17031081500,,20,4.04,24.04,,,POINT (-87.6262149064 41.8925077809)
17031809200,2024-10-11,16:45,2024-10-11,17:45,3842,14,17031081402,,25,8.47,38.47,,,POINT (-87.6129454143 41.8919715078)
17031809200,2024-10-11,16:45,2024-10-11,17:15,2312,6,17031020801,,12.5,8.57,21.07,,,POINT (-87.6944151909 41.9868086263)
17031809200,2024-10-11,16:45,2024-10-11,18:15,5884,22.5,17031252201,,37.5,1.68,39.18,,,POINT (-87.7521052352 41.8766962871)
17031809200,2024-10-11,14:30,2024-10-11,14:45,884,3.8,17031010100,,15,2.37,19.37,,,POINT (-87.6698247721 42.0212235931)
17031809200,2024-10-11,14:30,2024-10-11,15:15,2677,9.1,17031220500,,17.5,6.13,23.63,,,POINT (-87.7049072355 41.9283913974)
17031809200,2024-10-11,14:30,2024-10-11,14:45,1342,4.6,17031020602,,15,1.68,16.68,,,POINT (-87.6936374936 42.0013159243)
17031809200,2024-10-10,19:15,2024-10-10,19:30,974,4.8,17031010502,,7.5,5.37,12.87,,,POINT (-87.6633278588 42.0045174875)
17031809200,2024-10-10,19:15,2024-10-10,19:45,2219,8.9,17031062400,,25,1.68,33.68,,,POINT (-87.6662888874 41.941555829)
17031809200,2024-10-10,18:15,2024-10-10,18:30,801,3.4,17031010201,,10,3.66,13.66,,,POINT (-87.680162272 42.0160105638)
17031809200,2024-10-10,18:15,2024-10-10,18:30,1031,3.8,17031010702,,15,4.32,22.32,,,POINT (-87.6727239593 42.0090182269)
17031809200,2024-10-10,9:30,2024-10-10,10:30,3558,17.5,17031841900,,22.5,6.74,29.24,,,POINT (-87.6429586652 41.8679024175)
17031809200,2024-10-10,9:30,2024-10-10,9:45,728,3.4,17031010202,,10,2.89,12.89,,,POINT (-87.6733337784 42.0160464924)
17031809200,2024-10-10,9:30,2024-10-10,9:45,854,3.9,17031010202,,7.5,3.04,10.54,,,POINT (-87.6733337784 42.0160464924)
17031809200,2024-10-09,8:30,2024-10-09,9:15,2547,15.3,17031980000,,35,9.71,53.71,,,POINT (-87.9030396611 41.9790708201)
17031809200,2024-10-09,8:30,2024-10-09,9:15,2714,9.7,17031221300,,22.5,4.95,27.45,,,POINT (-87.6997544065 41.9211259143)
17031809200,2024-10-09,7:15,2024-10-09,7:45,2068,6.6,17031030800,,12.5,4.59,20.09,,,POINT (-87.6641882421 41.9799124453)
17031809200,2024-10-09,7:15,2024-10-09,7:30,923,3.6,17031010202,,10,3.08,13.08,,,POINT (-87.6733337784 42.0160464924)
17031809200,2024-10-08,9:30,2024-10-08,10:00,1921,15.8,17031980000,,32.5,11.51,44.01,,,POINT (-87.9030396611 41.9790708201)
17031809200,2024-10-08,9:30,2024-10-08,10:30,3188,13.3,17031081401,,30,6.88,42.88,,,POINT (-87.6197106717 41.8950334495)
17031809200,2024-10-08,9:30,2024-10-08,10:00,2204,8.9,17031032100,,22.5,1.68,24.18,,,POINT (-87.6530217894 41.9581548757)
17031809200,2024-10-07,17:30,2024-10-07,18:15,2575,13.3,17031081401,,25,9.32,41.32,,,POINT (-87.6197106717 41.8950334495)
17031809200,2024-10-07,17:30,2024-10-07,18:00,1026,5,17031020601,,12.5,4.45,16.95,,,POINT (-87.701802904 42.0008748252)
17031809200,2024-10-07,17:30,2024-10-07,18:15,2936,14.5,17031081700,,25,8.85,33.85,,,POINT (-87.6318639497 41.8920421365)
17031809200,2024-10-07,17:30,2024-10-07,18:00,1235,4.8,17031010600,,7.5,2.29,9.79,,,POINT (-87.6676836101 42.0062788614)
17031809200,2024-10-07,11:45,2024-10-07,12:30,2470,15.1,17031980000,,55,6.68,73.68,,,POINT (-87.9030396611 41.9790708201)
17031809200,2024-10-07,11:45,2024-10-07,12:30,2681,16.6,17031838100,,25,1.77,30.77,,,POINT (-87.6716536214 41.8786674201)
17031809200,2024-10-07,11:45,2024-10-07,12:45,3292,23.2,17031830500,,37.5,1.68,39.18,,,POINT (-87.723804133 41.8301172027)
17031809200,2024-10-07,11:45,2024-10-07,12:30,2959,16.9,17031980000,,27.5,4.47,31.97,,,POINT (-87.9030396611 41.9790708201)
17031809200,2024-10-07,5:15,2024-10-07,6:00,2199,15.8,17031980000,,32.5,10.37,42.87,,,POINT (-87.9030396611 41.9790708201)
17031809200,2024-10-07,5:15,2024-10-07,5:30,1703,17.8,17031770700,,17.5,2.47,19.97,,,POINT (-87.8773053996 41.9827750091)
17031809200,2024-10-07,5:15,2024-10-07,5:30,1607,12.4,17031770700,,27.5,1.68,29.18,,,POINT (-87.8773053996 41.9827750091)
17031809200,2024-10-06,14:15,2024-10-06,14:15,764,3,17031010202,,10,1.68,11.68,,,POINT (-87.6733337784 42.0160464924)
17031809200,2024-10-06,14:15,2024-10-06,14:30,810,5,17031130100,,15,3.11,18.11,,,POINT (-87.7239678299 41.9900642527)
17031809200,2024-10-06,14:15,2024-10-06,14:30,804,3.4,17031010202,,7.5,2.86,11.36,,,POINT (-87.6733337784 42.0160464924)
17031809200,2024-10-06,10:00,2024-10-06,10:15,1223,5.6,17031030200,,7.5,2.24,9.74,,,POINT (-87.6652247765 41.9944422482)
17031809200,2024-10-06,10:00,2024-10-06,10:15,547,3,17031020100,,10,1.68,13.68,,,POINT (-87.6871159899 42.0157199072)
17031809200,2024-10-06,10:00,2024-10-06,10:15,756,3.7,17031020100,,17.5,1.68,22.18,,,POINT (-87.6871159899 42.0157199072)
17031809200,2024-10-06,1:30,2024-10-06,1:45,534,3.2,17031010201,,10,6.44,16.44,,,POINT (-87.680162272 42.0160105638)
17031809200,2024-10-06,1:30,2024-10-06,1:45,845,3.8,17031020200,,5,3.66,13.66,,,POINT (-87.6996630419 42.0156967498)
17031809200,2024-10-06,1:30,2024-10-06,1:30,602,3.4,17031010100,,5,4.55,12.55,,,POINT (-87.6698247721 42.0212235931)
17031809200,2024-10-05,23:45,2024-10-06,0:00,580,3.1,17031010201,,5,4.34,9.34,,,POINT (-87.680162272 42.0160105638)
17031809200,2024-10-05,23:45,2024-10-05,23:45,556,2.9,17031010201,,5,4.27,9.27,,,POINT (-87.680162272 42.0160105638)
17031809200,2024-10-05,23:45,2024-10-06,0:00,849,5.1,17031030200,,15,5.19,25.19,,,POINT (-87.6652247765 41.9944422482)
17031809200,2024-10-05,16:45,2024-10-05,17:15,1860,9.6,17031150401,,22.5,4.35,26.85,,,POINT (-87.7722649905 41.9645680449)
17031809200,2024-10-05,16:45,2024-10-05,17:45,3604,13.9,17031081600,,45,1.68,46.68,,,POINT (-87.6288741572 41.8920726347)
17031809200,2024-10-05,16:45,2024-10-05,17:15,1540,5.8,17031030103,,15,3.65,18.65,,,POINT (-87.6558149022 41.9955129914)
17031809200,2024-10-05,15:15,2024-10-05,16:30,3707,14.1,17031081700,,22.5,5.31,27.81,,,POINT (-87.6318639497 41.8920421365)
17031809200,2024-10-05,15:15,2024-10-05,16:15,3631,14.5,17031281900,,25,6.28,31.28,,,POINT (-87.642648998 41.8792550844)
17031809200,2024-10-05,15:15,2024-10-05,15:45,1805,5.7,17031030900,,15,3.67,18.67,,,POINT (-87.6714455473 41.9797955506)
17031809200,2024-10-05,10:00,2024-10-05,10:15,613,3.4,17031010202,,7.5,2.83,10.33,,,POINT (-87.6733337784 42.0160464924)
17031809200,2024-10-05,10:00,2024-10-05,11:00,3229,17.4,17031833000,,22.5,11.71,34.21,,,POINT (-87.6572331997 41.8852813201)
17031809200,2024-10-05,10:00,2024-10-05,10:15,724,3.4,17031010202,,7.5,2.83,15.33,,,POINT (-87.6733337784 42.0160464924)
17031809200,2024-10-04,20:15,2024-10-04,20:45,1344,6.4,17031031200,,10,6.23,16.23,,,POINT (-87.6573411073 41.9727095466)
17031809200,2024-10-04,20:15,2024-10-04,20:30,914,4.7,17031010600,,15,5.3,20.3,,,POINT (-87.6676836101 42.0062788614)
17031809200,2024-10-04,20:15,2024-10-04,20:45,2042,14.4,17031320100,,20,11.06,31.06,,,POINT (-87.6209929134 41.8849871918)
17031809200,2024-10-04,18:00,2024-10-04,18:30,1709,6.1,17031030400,,12.5,4.9,19.4,,,POINT (-87.6720809941 41.9869530579)
17031809200,2024-10-04,18:00,2024-10-04,18:15,881,3.8,17031010702,,15,4.09,22.09,,,POINT (-87.6727239593 42.0090182269)
17031809200,2024-10-04,18:00,2024-10-04,18:15,935,3.9,17031010300,,12.5,3.92,16.42,,,POINT (-87.6665362779 42.0159343756)
17031809200,2024-10-04,18:00,2024-10-04,18:30,1208,4.6,17031010600,,10,4.34,14.34,,,POINT (-87.6676836101 42.0062788614)
17031809200,2024-10-04,16:00,2024-10-04,17:15,3776,10.3,17031241400,,25,2.62,27.62,,,POINT (-87.6753116216 41.906025969)
17031809200,2024-10-04,16:00,2024-10-04,16:15,993,4,17031010702,,10,2.52,12.52,,,POINT (-87.6727239593 42.0090182269)
17031809200,2024-10-04,16:00,2024-10-04,16:15,1120,3.4,17031020200,,7.5,2.29,9.79,,,POINT (-87.6996630419 42.0156967498)
17031809200,2024-10-03,19:15,2024-10-03,19:45,2405,18.9,17031833000,,22.5,11.81,34.31,,,POINT (-87.6572331997 41.8852813201)
17031809200,2024-10-03,16:30,2024-10-03,16:45,760,3.1,17031020200,,10,4.22,14.22,,,POINT (-87.6996630419 42.0156967498)
17031809200,2024-10-03,16:30,2024-10-03,17:45,5284,25.9,17031431301,,,,,,,POINT (-87.5601889949 41.7535307093)
17031809200,2024-10-03,9:30,2024-10-03,10:00,1720,7.1,17031830700,,15,3.69,18.69,,,POINT (-87.6603894557 41.958055933)
17031809200,2024-10-03,9:30,2024-10-03,10:15,2177,8.2,17031031400,,15,3.58,18.58,,,POINT (-87.6453787624 41.962178629)
17031809200,2024-10-03,7:00,2024-10-03,7:30,1814,16.7,17031980000,,35,13.45,48.45,,,POINT (-87.9030396611 41.9790708201)
17031809200,2024-10-03,7:00,2024-10-03,8:00,3978,14.2,17031838200,,32.5,1.68,34.18,,,POINT (-87.6750856208 41.8704150003)
17031809200,2024-10-01,16:00,2024-10-01,16:45,2374,15.9,17031980000,,47.5,9.04,56.54,,,POINT (-87.9030396611 41.9790708201)
17031809200,2024-09-30,17:30,2024-09-30,17:45,810,3.2,17031010201,,7.5,2.89,10.39,,,POINT (-87.680162272 42.0160105638)
17031809200,2024-09-30,17:30,2024-09-30,18:00,2588,11.9,17031071400,,17.5,5.3,22.8,,,POINT (-87.6341560931 41.922082541)
17031809200,2024-09-30,14:30,2024-09-30,15:45,3898,20.1,17031842900,,27.5,9.21,36.71,,,POINT (-87.672920435 41.8631181033)
17031809200,2024-09-30,14:30,2024-09-30,15:00,2184,16.8,17031980000,,32.5,9.24,51.74,,,POINT (-87.9030396611 41.9790708201)
17031809200,2024-09-30,14:30,2024-09-30,14:45,968,4.3,17031010300,,10,2.23,12.23,,,POINT (-87.6665362779 42.0159343756)
17031809200,2024-09-29,11:45,2024-09-29,12:00,1406,10.6,17031160200,,20,3.84,23.84,,,POINT (-87.7383939059 41.9587978628)
17031809200,2024-09-29,11:45,2024-09-29,12:00,973,4.6,17031020500,,12.5,1.68,14.18,,,POINT (-87.684198195 42.0013132491)
17031809200,2024-09-29,11:30,2024-09-29,12:15,2482,8.4,17031060400,,20,4.12,24.12,,,POINT (-87.6665362813 41.9506733576)
17031809200,2024-09-29,11:30,2024-09-29,12:15,2629,9.4,17031070400,,37.5,1.68,47.18,,,POINT (-87.6561568309 41.9289672664)
17031809200,2024-09-29,11:30,2024-09-29,11:45,973,3.7,17031020400,,12.5,1.68,14.18,,,POINT (-87.6859131333 42.0084870082)
17031809200,2024-09-29,11:15,2024-09-29,12:00,2254,8.8,17031832000,,22.5,1.68,29.18,,,POINT (-87.6542980837 41.9462945357)
17031809200,2024-09-29,11:15,2024-09-29,12:00,2430,9,17031061100,,22.5,1.68,26.18,,,POINT (-87.6568039088 41.9491397709)
17031809200,2024-09-28,21:00,2024-09-28,21:30,1184,5.9,17031040402,,17.5,1.68,22.18,,,POINT (-87.6788459662 41.9725625375)
17031809200,2024-09-28,21:00,2024-09-28,21:30,1876,10.4,17031832500,,25,1.68,30.68,,,POINT (-87.6640782395 41.9218774613)
17031809200,2024-09-28,21:00,2024-09-28,21:30,1925,10.2,17031222200,,17.5,8.02,25.52,,,POINT (-87.6838259399 41.9159097884)
17031809200,2024-09-28,18:15,2024-09-28,18:30,766,3.1,17031010202,,7.5,4.38,11.88,,,POINT (-87.6733337784 42.0160464924)
17031809200,2024-09-28,18:15,2024-09-28,19:15,3241,13.9,17031051400,,12.5,4.32,16.82,,,POINT (-87.6809803011 41.9357494591)
17031809200,2024-09-28,15:30,2024-09-28,16:00,2133,16.3,17031980000,,32.5,12.96,52.46,,,POINT (-87.9030396611 41.9790708201)
17031809200,2024-09-28,15:30,2024-09-28,16:00,1806,8.2,17031210100,,20,1.68,26.68,,,POINT (-87.701330291 41.9428725376)
17031809200,2024-09-28,15:30,2024-09-28,15:45,1027,4.7,17031020500,,15,3.41,18.41,,,POINT (-87.684198195 42.0013132491)
17031809200,2024-09-28,9:30,2024-09-28,9:45,807,5.2,17031130100,,10,2.99,12.99,,,POINT (-87.7239678299 41.9900642527)
17031809200,2024-09-28,9:30,2024-09-28,10:15,2238,14.6,17031081500,,25,1.68,33.68,,,POINT (-87.6262149064 41.8925077809)
17031809200,2024-09-28,8:30,2024-09-28,9:15,2069,15.7,17031980000,,47.5,6.68,54.18,,,POINT (-87.9030396611 41.9790708201)
17031809200,2024-09-28,8:30,2024-09-28,9:15,2760,24.1,17031292500,,0,0,0,,,POINT (-87.7322454045 41.8551039667)
17031809200,2024-09-27,11:15,2024-09-27,12:00,2195,13,17031081401,,27.5,3.43,30.93,,,POINT (-87.6197106717 41.8950334495)
17031809200,2024-09-27,11:15,2024-09-27,11:30,672,3.1,17031010201,,7.5,1.99,9.49,,,POINT (-87.680162272 42.0160105638)
17031809200,2024-09-27,11:15,2024-09-27,12:00,2690,12.5,17031081202,,20,3.22,28.22,,,POINT (-87.6261455896 41.9027880476)
17031809200,2024-09-25,20:15,2024-09-25,20:45,1078,4.4,17031020901,,15,3.38,21.38,,,POINT (-87.6860768812 41.9942252345)
17031809200,2024-09-25,20:15,2024-09-25,20:45,1150,4.3,17031010501,,15,1.68,16.68,,,POINT (-87.6639582144 42.0094125471)
17031809200,2024-09-25,20:15,2024-09-25,20:30,1115,4.5,17031010702,,7.5,3.34,10.84,,,POINT (-87.6727239593 42.0090182269)
17031809200,2024-09-25,20:15,2024-09-25,20:30,1054,4.8,17031020901,,12.5,4.11,16.61,,,POINT (-87.6860768812 41.9942252345)
17031809200,2024-09-25,11:45,2024-09-25,12:00,754,3.8,17031010202,,12.5,1.92,14.42,,,POINT (-87.6733337784 42.0160464924)
17031809200,2024-09-25,11:45,2024-09-25,12:30,2331,13.2,17031838300,,22.5,3.23,25.73,,,POINT (-87.6384040116 41.9015669095)
17031809200,2024-09-22,13:45,2024-09-22,14:00,1059,4.3,17031010300,,7.5,3.52,11.02,,,POINT (-87.6665362779 42.0159343756)
17031809200,2024-09-22,13:45,2024-09-22,14:30,2304,9.1,17031140701,,10,1.32,11.32,,,POINT (-87.7108482084 41.9667749433)
17031809200,2024-09-22,13:45,2024-09-22,14:30,2489,16.7,17031980000,,47.5,15.48,74.98,,,POINT (-87.9030396611 41.9790708201)
17031809200,2024-09-22,12:00,2024-09-22,12:45,2196,8.9,17031832000,,22.5,1.68,28.18,,,POINT (-87.6542980837 41.9462945357)
17031809200,2024-09-21,22:15,2024-09-21,22:30,1182,4.1,17031010501,,12.5,1.68,14.18,,,POINT (-87.6639582144 42.0094125471)
17031809200,2024-09-21,22:15,2024-09-21,23:15,3777,13,17031833000,,35,1.68,36.68,,,POINT (-87.6572331997 41.8852813201)
17031809200,2024-09-21,22:15,2024-09-21,22:45,1043,5.8,17031030900,,17.5,5.9,23.4,,,POINT (-87.6714455473 41.9797955506)
17031809200,2024-09-21,22:00,2024-09-21,22:30,1429,13.5,17031210602,,15,7.94,22.94,,,POINT (-87.7123574755 41.9336759885)
17031809200,2024-09-21,22:00,2024-09-21,22:30,2054,8.8,17031051200,,22.5,1.68,24.18,,,POINT (-87.6759539319 41.9414224785)
17031809200,2024-09-21,21:45,2024-09-21,22:15,1215,6.1,17031030706,,12.5,6.08,18.58,,,POINT (-87.6522740174 41.9801575735)
17031809200,2024-09-21,21:45,2024-09-21,21:45,821,4.4,17031010502,,10,6.23,16.23,,,POINT (-87.6633278588 42.0045174875)
17031809200,2024-09-21,21:45,2024-09-21,22:15,1788,6.3,17031010503,,10,2.47,13.47,,,POINT (-87.6631267998 42.0003203059)
17031809200,2024-09-21,21:15,2024-09-21,22:45,5652,14.7,17031081300,,45,9.85,54.85,,,POINT (-87.6207628651 41.8983317935)
17031809200,2024-09-21,21:15,2024-09-21,21:30,686,4.3,17031010501,,12.5,1.68,14.18,,,POINT (-87.6639582144 42.0094125471)
17031809200,2024-09-21,21:15,2024-09-21,21:45,1553,6.3,17031010501,,7.5,0.69,8.19,,,POINT (-87.6639582144 42.0094125471)
17031809200,2024-09-21,19:45,2024-09-21,20:00,711,3.4,17031010100,,12.5,4.64,17.14,,,POINT (-87.6698247721 42.0212235931)
17031809200,2024-09-21,19:45,2024-09-21,20:15,1123,6,17031030900,,20,6.3,31.3,,,POINT (-87.6714455473 41.9797955506)
17031809200,2024-09-21,19:45,2024-09-21,20:15,1243,4.9,17031030300,,10,5.51,15.51,,,POINT (-87.672538401 41.9943810196)
17031809200,2024-09-21,19:30,2024-09-21,20:00,1915,9.2,17031062000,,25,1.68,26.68,,,POINT (-87.6470785093 41.942577185)
17031809200,2024-09-21,19:30,2024-09-21,20:15,2304,9.3,17031062200,,17.5,7.91,29.41,,,POINT (-87.6566440918 41.9425851797)
17031809200,2024-09-21,19:30,2024-09-21,20:00,1201,4.7,17031010501,,7.5,5.83,13.33,,,POINT (-87.6639582144 42.0094125471)
17031809200,2024-09-21,19:00,2024-09-21,19:30,1475,7.7,17031160800,,15,7.08,22.08,,,POINT (-87.7128142315 41.9502120955)
17031809200,2024-09-21,19:00,2024-09-21,19:45,2196,13.6,17031171000,,17.5,8.59,26.09,,,POINT (-87.7965237763 41.9418076152)
17031809200,2024-09-21,19:00,2024-09-21,19:15,1355,6.2,17031030900,,20,6.28,26.28,,,POINT (-87.6714455473 41.9797955506)
17031809200,2024-09-21,19:00,2024-09-21,19:15,1146,4.7,17031020802,,5,4.32,9.32,,,POINT (-87.6946307194 41.994059824)
17031809200,2024-09-21,15:45,2024-09-21,16:45,3402,13.7,17031280100,,27.5,7.45,43.95,,,POINT (-87.6428084655 41.8853000224)
17031809200,2024-09-21,15:45,2024-09-21,16:00,1059,4.3,17031010600,,10,3.77,13.77,,,POINT (-87.6676836101 42.0062788614)
17031809200,2024-09-21,15:45,2024-09-21,16:00,1038,4.8,17031020500,,15,3.86,18.86,,,POINT (-87.684198195 42.0013132491)
17031809200,2024-09-20,22:00,2024-09-20,22:30,1437,6.9,17031031200,,12.5,5.44,17.94,,,POINT (-87.6573411073 41.9727095466)
17031809200,2024-09-20,22:00,2024-09-20,22:15,710,3.6,17031020100,,10,3.94,13.94,,,POINT (-87.6871159899 42.0157199072)
17031809200,2024-09-20,22:00,2024-09-20,22:45,2809,20.3,17031390700,,27.5,9.86,42.36,,,POINT (-87.5874792581 41.8059116993)
17031809200,2024-09-20,22:00,2024-09-20,22:15,653,3.4,17031010201,,5,3.82,8.82,,,POINT (-87.680162272 42.0160105638)
17031809200,2024-09-20,19:00,2024-09-20,19:45,2034,16.9,17031980000,,40,6.68,46.68,,,POINT (-87.9030396611 41.9790708201)
17031809200,2024-09-20,19:00,2024-09-20,20:00,4152,16.5,17031330100,,42.5,1.68,44.18,,,POINT (-87.6173580061 41.859349715)
17031809200,2024-09-20,19:00,2024-09-20,20:00,3427,22.5,17031430200,,30,10.61,40.61,,,POINT (-87.5813495087 41.7696904664)
17031809200,2024-09-20,12:00,2024-09-20,12:30,2350,13.4,17031081300,,27.5,3.43,30.93,,,POINT (-87.6207628651 41.8983317935)
17031809200,2024-09-20,12:00,2024-09-20,12:30,1796,7.1,17031830700,,15,10.35,25.35,,,POINT (-87.6603894557 41.958055933)
17031809200,2024-09-20,6:30,2024-09-20,7:00,1714,16,17031980000,,40,24.76,77.76,,,POINT (-87.9030396611 41.9790708201)
17031809200,2024-09-20,4:45,2024-09-20,5:15,2315,19.2,17031770700,,17.5,3.78,21.28,,,POINT (-87.8773053996 41.9827750091)
17031809200,2024-09-20,4:45,2024-09-20,5:15,1745,15.9,17031980000,,32.5,12.87,45.37,,,POINT (-87.9030396611 41.9790708201)
17031809200,2024-09-19,12:15,2024-09-19,12:30,939,4.1,17031010701,,12.5,2.82,15.32,,,POINT (-87.67861897 42.0091500631)
17031809200,2024-09-19,12:15,2024-09-19,13:00,2265,16.2,17031980000,,37.5,20.48,57.98,,,POINT (-87.9030396611 41.9790708201)
17031809200,2024-09-18,18:00,2024-09-18,18:15,915,3.8,17031010702,,12.5,4.26,19.76,,,POINT (-87.6727239593 42.0090182269)
17031809200,2024-09-18,18:00,2024-09-18,18:15,848,3.3,17031010201,,7.5,3.31,10.81,,,POINT (-87.680162272 42.0160105638)
17031809200,2024-09-18,10:15,2024-09-18,11:00,2601,16.6,17031980000,,37.5,13.15,50.65,,,POINT (-87.9030396611 41.9790708201)
17031809200,2024-09-18,10:15,2024-09-18,11:00,2999,16.2,17031330200,,35,1.68,36.68,,,POINT (-87.6305800611 41.8612808467)
17031809200,2024-09-18,10:15,2024-09-18,11:00,2374,16.3,17031980000,,35,6.68,41.68,,,POINT (-87.9030396611 41.9790708201)
17031809200,2024-09-17,18:00,2024-09-17,18:15,1229,4.3,17031010702,,10,4.72,14.72,,,POINT (-87.6727239593 42.0090182269)
17031809200,2024-09-17,18:00,2024-09-17,18:45,2721,9.2,17031220602,,20,7.87,27.87,,,POINT (-87.7119742544 41.9293297134)
17031809200,2024-09-17,18:00,2024-09-17,18:30,1958,5.5,17031030500,,12.5,5.47,17.97,,,POINT (-87.6649377243 41.9872255578)
17031809200,2024-09-17,5:30,2024-09-17,5:45,1691,16.7,17031980000,,20,36.68,56.68,,,POINT (-87.9030396611 41.9790708201)
17031809200,2024-09-17,5:30,2024-09-17,6:00,2035,19,17031980000,,30,6.68,36.68,,,POINT (-87.9030396611 41.9790708201)
17031809200,2024-09-16,17:15,2024-09-16,18:00,2434,15.8,17031980000,,40,26.88,76.88,,,POINT (-87.9030396611 41.9790708201)
17031809200,2024-09-16,17:15,2024-09-16,18:00,2478,15.3,17031330100,,27.5,8.88,43.38,,,POINT (-87.6173580061 41.859349715)
17031809200,2024-09-16,17:15,2024-09-16,18:00,2766,14.2,17031320100,,17.5,10.13,27.63,,,POINT (-87.6209929134 41.8849871918)
17031809200,2024-09-16,14:30,2024-09-16,15:00,1741,7,17031031300,,25,1.68,26.68,,,POINT (-87.6502900743 41.9729293173)
17031809200,2024-09-16,14:30,2024-09-16,15:00,1228,4.3,17031010702,,7.5,2.94,10.44,,,POINT (-87.6727239593 42.0090182269)
17031809200,2024-09-16,14:30,2024-09-16,14:30,883,4.2,17031010300,,10,2.94,12.94,,,POINT (-87.6665362779 42.0159343756)
17031809200,2024-09-16,6:30,2024-09-16,6:45,567,3.4,17031010202,,12.5,3.53,16.03,,,POINT (-87.6733337784 42.0160464924)
17031809200,2024-09-16,6:30,2024-09-16,7:00,2440,16.3,17031980000,,37.5,13.77,51.27,,,POINT (-87.9030396611 41.9790708201)
17031809200,2024-09-16,6:30,2024-09-16,7:15,2287,16.2,17031980000,,42.5,6.68,61.18,,,POINT (-87.9030396611 41.9790708201)
17031809200,2024-09-16,6:30,2024-09-16,7:15,2831,16.2,17031838200,,30,10.63,40.63,,,POINT (-87.6750856208 41.8704150003)
17031809200,2024-09-15,0:30,2024-09-15,0:45,1648,13,17031081401,,25,4.8,29.8,,,POINT (-87.6197106717 41.8950334495)
17031809200,2024-09-15,0:30,2024-09-15,0:45,1583,8.2,17031832100,,25,1.68,26.68,,,POINT (-87.6532439924 41.9528229157)
17031809200,2024-09-15,0:15,2024-09-15,0:45,1517,9.8,17031062200,,25,1.68,26.68,,,POINT (-87.6566440918 41.9425851797)
17031809200,2024-09-15,0:15,2024-09-15,1:00,2701,18.1,17031252102,,20,12.33,32.33,,,POINT (-87.7598126285 41.8765928828)
17031809200,2024-09-15,0:15,2024-09-15,0:45,1699,11.4,17031071200,,40,10.2,56.2,,,POINT (-87.6462109769 41.9218549112)
17031809200,2024-09-15,0:15,2024-09-15,1:00,3068,10,17031060900,,32.5,7.3,49.8,,,POINT (-87.6439653703 41.949829346)
17031809200,2024-09-14,23:45,2024-09-15,0:00,911,5.4,17031030500,,12.5,5.79,19.29,,,POINT (-87.6649377243 41.9872255578)
17031809200,2024-09-14,23:45,2024-09-15,0:15,1651,11.3,17031070200,,27.5,8.19,35.69,,,POINT (-87.6462934762 41.9290776551)
17031809200,2024-09-14,23:45,2024-09-15,0:15,1832,8.3,17031062200,,45,7.42,52.42,,,POINT (-87.6566440918 41.9425851797)
17031809200,2024-09-14,23:15,2024-09-15,0:30,4522,22.1,17031330100,,55,8.78,72.78,,,POINT (-87.6173580061 41.859349715)
17031809200,2024-09-14,23:15,2024-09-15,0:00,3279,13.7,17031081800,,20,8.46,28.46,,,POINT (-87.6378442095 41.8932163595)
17031809200,2024-09-14,23:15,2024-09-14,23:45,1382,8.9,17031160200,,30,7.98,37.98,,,POINT (-87.7383939059 41.9587978628)
17031809200,2024-09-14,20:30,2024-09-14,20:45,1166,4.6,17031830600,,25,1.68,26.68,,,POINT (-87.6735740325 42.0016981937)
17031809200,2024-09-14,20:30,2024-09-14,21:15,3055,22.2,17031580700,,22.5,12.42,36.92,,,POINT (-87.686845262 41.8174924901)
17031809200,2024-09-14,20:15,2024-09-14,20:30,937,4,17031010702,,10,4.86,14.86,,,POINT (-87.6727239593 42.0090182269)
17031809200,2024-09-14,20:15,2024-09-14,20:45,1736,12.8,17031221100,,25,1.68,26.68,,,POINT (-87.7103591445 41.9210196071)
17031809200,2024-09-14,20:15,2024-09-14,20:30,1035,4.3,17031010702,,15,5.05,20.05,,,POINT (-87.6727239593 42.0090182269)
17031809200,2024-09-14,19:30,2024-09-14,19:30,628,3.7,17031010702,,10,4.79,17.79,,,POINT (-87.6727239593 42.0090182269)
17031809200,2024-09-14,19:30,2024-09-14,20:00,1288,5.1,17031030103,,15,6.75,21.75,,,POINT (-87.6558149022 41.9955129914)
17031809200,2024-09-14,19:30,2024-09-14,20:00,1903,8.7,17031843700,,0,0,0,,,POINT (-87.6907750098 41.9448137543)
17031809200,2024-09-14,18:30,2024-09-14,18:45,934,4.7,17031030300,,10,5.4,18.4,,,POINT (-87.672538401 41.9943810196)
17031809200,2024-09-14,18:30,2024-09-14,19:15,2289,9.7,17031830900,,27.5,1.68,33.18,,,POINT (-87.685362024 41.9286190509)
17031809200,2024-09-14,18:30,2024-09-14,18:45,918,5.9,17031120300,,15,5.32,20.32,,,POINT (-87.7400551895 41.991119555)
17031809200,2024-09-14,15:45,2024-09-14,16:15,1427,6.5,17031040600,,12.5,4.46,16.96,,,POINT (-87.6840183712 41.9668340674)
17031809200,2024-09-14,15:45,2024-09-14,16:15,1964,15.6,17031980000,,35,12.82,53.82,,,POINT (-87.9030396611 41.9790708201)
17031809200,2024-09-14,15:45,2024-09-14,16:30,2829,15.5,17031151002,,17.5,1.61,19.11,,,POINT (-87.7471543225 41.9424881553)
17031809200,2024-09-14,15:45,2024-09-14,16:00,953,4.9,17031020500,,10,3.77,13.77,,,POINT (-87.684198195 42.0013132491)
17031809200,2024-09-14,10:15,2024-09-14,10:30,1544,6.3,17031030200,,5,0.73,5.73,,,POINT (-87.6652247765 41.9944422482)
17031809200,2024-09-14,10:15,2024-09-14,10:45,2192,8.5,17031830700,,,,,,,POINT (-87.6603894557 41.958055933)
17031809200,2024-09-13,19:00,2024-09-13,19:30,1073,5.6,17031010600,,10,5.04,18.04,,,POINT (-87.6676836101 42.0062788614)
17031809200,2024-09-13,19:00,2024-09-13,19:45,3169,14.8,17031081800,,35,9.52,50.52,,,POINT (-87.6378442095 41.8932163595)
17031809200,2024-09-13,19:00,2024-09-13,19:15,989,4.2,17031010501,,12.5,1.68,14.18,,,POINT (-87.6639582144 42.0094125471)
17031809200,2024-09-13,12:30,2024-09-13,13:15,2318,13.2,17031081401,,35,7.56,42.56,,,POINT (-87.6197106717 41.8950334495)
17031809200,2024-09-13,12:30,2024-09-13,12:45,1186,5.1,17031030500,,10,3,14,,,POINT (-87.6649377243 41.9872255578)
17031809200,2024-09-11,18:45,2024-09-11,19:15,1996,9.8,17031220702,,27.5,6.74,34.24,,,POINT (-87.724267094 41.9297590466)
17031809200,2024-09-11,18:45,2024-09-11,19:30,2513,12,17031241400,,27.5,1.68,35.18,,,POINT (-87.6753116216 41.906025969)
17031809200,2024-09-11,18:45,2024-09-11,19:15,2129,9.9,17031062000,,17.5,6.23,23.73,,,POINT (-87.6470785093 41.942577185)
17031809200,2024-09-11,17:45,2024-09-11,18:00,1259,4.5,17031830600,,10,4.93,17.93,,,POINT (-87.6735740325 42.0016981937)
17031809200,2024-09-11,17:45,2024-09-11,18:00,924,3.8,17031020400,,12.5,4.66,17.16,,,POINT (-87.6859131333 42.0084870082)
17031809200,2024-09-11,17:45,2024-09-11,18:00,958,3.6,17031010201,,10,2.31,12.31,,,POINT (-87.680162272 42.0160105638)
17031809200,2024-09-11,9:45,2024-09-11,10:00,910,4.4,17031020500,,10,3.34,13.34,,,POINT (-87.684198195 42.0013132491)
17031809200,2024-09-11,9:45,2024-09-11,10:30,3098,14.1,17031081401,,32.5,6.94,49.44,,,POINT (-87.6197106717 41.8950334495)
17031809200,2024-09-11,9:45,2024-09-11,10:00,1001,4.8,17031830600,,15,1.68,19.68,,,POINT (-87.6735740325 42.0016981937)
17031809200,2024-09-10,20:30,2024-09-10,21:00,1610,7,17031020802,,7.5,0.4,7.9,,,POINT (-87.6946307194 41.994059824)
17031809200,2024-09-10,20:30,2024-09-10,20:45,803,5.1,17031030200,,15,3.31,21.31,,,POINT (-87.6652247765 41.9944422482)
17031809200,2024-09-10,20:30,2024-09-10,21:00,1833,8.3,17031843700,,0,0,0,,,POINT (-87.6907750098 41.9448137543)
17031809200,2024-09-10,20:00,2024-09-10,20:30,1541,13.1,17031220702,,30,4.53,34.53,,,POINT (-87.724267094 41.9297590466)
17031809200,2024-09-10,20:00,2024-09-10,20:15,783,4.9,17031130100,,10,3.22,13.22,,,POINT (-87.7239678299 41.9900642527)
17031809200,2024-09-10,15:45,2024-09-10,16:00,1238,2.6,17031020200,,12.5,1.68,15.18,,,POINT (-87.6996630419 42.0156967498)
17031809200,2024-09-10,15:45,2024-09-10,16:30,2913,10.4,17031063400,,20,3.98,28.98,,,POINT (-87.6467297286 41.9346591566)
17031809200,2024-09-09,4:45,2024-09-09,5:00,1583,18.6,17031980000,,32.5,10.54,49.04,,,POINT (-87.9030396611 41.9790708201)
17031809200,2024-09-09,4:45,2024-09-09,5:15,1343,18.5,17031081500,,27.5,1.68,29.18,,,POINT (-87.6262149064 41.8925077809)
17031809200,2024-09-08,10:45,2024-09-08,11:45,3431,16.3,17031330100,,40,11.09,51.09,,,POINT (-87.6173580061 41.859349715)
17031809200,2024-09-08,10:45,2024-09-08,11:15,1760,13,17031081000,,20,4.76,28.76,,,POINT (-87.6321092196 41.9002656868)
17031809200,2024-09-08,8:45,2024-09-08,9:00,863,5,17031020500,,10,3.18,13.18,,,POINT (-87.684198195 42.0013132491)
17031809200,2024-09-08,8:45,2024-09-08,9:00,855,4,17031010702,,7.5,3.08,10.58,,,POINT (-87.6727239593 42.0090182269)
17031809200,2024-09-08,6:00,2024-09-08,6:30,1683,18.3,17031081500,,20,8.9,28.9,,,POINT (-87.6262149064 41.8925077809)
17031809200,2024-09-08,6:00,2024-09-08,6:30,1448,15.3,17031770700,,22.5,1.68,24.18,,,POINT (-87.8773053996 41.9827750091)
17031809200,2024-09-08,6:00,2024-09-08,6:30,1741,16.2,17031980000,,37.5,15.8,53.3,,,POINT (-87.9030396611 41.9790708201)
17031809200,2024-09-07,20:45,2024-09-07,21:00,657,3.5,17031010100,,7.5,4.68,12.18,,,POINT (-87.6698247721 42.0212235931)
17031809200,2024-09-07,20:45,2024-09-07,21:30,2874,18.8,17031833000,,27.5,10.11,37.61,,,POINT (-87.6572331997 41.8852813201)
17031809200,2024-09-07,12:45,2024-09-07,13:00,843,3.3,17031010201,,7.5,4.17,11.67,,,POINT (-87.680162272 42.0160105638)
17031809200,2024-09-07,12:45,2024-09-07,13:30,2602,14.1,17031320100,,30,1.68,31.68,,,POINT (-87.6209929134 41.8849871918)
17031809200,2024-09-07,12:15,2024-09-07,12:30,663,2.9,17031010201,,10,1.68,11.68,,,POINT (-87.680162272 42.0160105638)
17031809200,2024-09-07,12:15,2024-09-07,12:45,2297,9.4,17031061000,,22.5,5.03,27.53,,,POINT (-87.6519703953 41.9492209135)
17031809200,2024-09-07,11:15,2024-09-07,11:30,935,4.3,17031020802,,7.5,3.5,11,,,POINT (-87.6946307194 41.994059824)
17031809200,2024-09-07,11:15,2024-09-07,11:45,2118,8.1,17031031400,,15,4.66,19.66,,,POINT (-87.6453787624 41.962178629)
17031809200,2024-09-06,23:15,2024-09-06,23:45,1774,12.7,17031081500,,37.5,6.86,44.36,,,POINT (-87.6262149064 41.8925077809)
17031809200,2024-09-06,23:15,2024-09-06,23:45,2309,12.6,17031837800,,32.5,1.68,34.18,,,POINT (-87.6841474493 41.8847677845)
17031809200,2024-09-06,23:15,2024-09-06,23:45,1933,9.4,17031070500,,32.5,1.68,34.18,,,POINT (-87.6608925701 41.9289459041)
17031809200,2024-09-06,23:15,2024-09-06,23:45,1813,12,17031081100,,35,1.68,36.68,,,POINT (-87.6291051864 41.9002212967)
17031809200,2024-09-06,21:00,2024-09-06,21:15,958,4.6,17031020901,,10,4.42,14.42,,,POINT (-87.6860768812 41.9942252345)
17031809200,2024-09-06,21:00,2024-09-06,21:30,1830,9.4,17031062000,,17.5,6.36,23.86,,,POINT (-87.6470785093 41.942577185)
17031809200,2024-09-06,21:00,2024-09-06,21:30,1486,5.1,17031830600,,20,1.68,21.68,,,POINT (-87.6735740325 42.0016981937)
17031809200,2024-09-06,21:00,2024-09-06,21:45,2975,23.7,17031431301,,27.5,10.41,37.91,,,POINT (-87.5601889949 41.7535307093)
17031809200,2024-09-06,19:15,2024-09-06,19:45,1216,5.2,17031020902,,17.5,1.68,19.18,,,POINT (-87.6786882109 41.9942660943)
17031809200,2024-09-06,19:15,2024-09-06,19:45,2200,14,17031081700,,25,12.08,44.08,,,POINT (-87.6318639497 41.8920421365)
17031809200,2024-09-06,19:15,2024-09-06,19:15,672,2.8,17031010201,,10,4.47,14.47,,,POINT (-87.680162272 42.0160105638)
17031809200,2024-09-05,19:45,2024-09-05,20:00,659,2.8,17031020100,,10,1.68,11.68,,,POINT (-87.6871159899 42.0157199072)
17031809200,2024-09-05,19:45,2024-09-05,20:15,2292,10.6,17031241000,,27.5,1.68,29.18,,,POINT (-87.6945342821 41.9079652463)
17031809200,2024-09-05,19:15,2024-09-05,20:15,3647,23.6,17031431301,,27.5,10.38,37.88,,,POINT (-87.5601889949 41.7535307093)
17031809200,2024-09-05,16:30,2024-09-05,16:45,1288,5.6,17031040202,,17.5,1.68,19.18,,,POINT (-87.6940960217 41.9798553089)
17031809200,2024-09-05,16:30,2024-09-05,17:30,3167,13,17031839100,,30,3.43,41.43,,,POINT (-87.6327464887 41.8809944707)
17031809200,2024-09-05,5:30,2024-09-05,6:00,1844,15.8,17031980000,,22.5,10.59,33.09,,,POINT (-87.9030396611 41.9790708201)
17031809200,2024-09-05,5:30,2024-09-05,5:45,1734,15.6,17031770700,,22.5,1.68,24.18,,,POINT (-87.8773053996 41.9827750091)
17031809200,2024-09-05,5:30,2024-09-05,6:00,1822,16.3,17031980000,,25,20.91,54.91,,,POINT (-87.9030396611 41.9790708201)
17031809200,2024-09-04,15:00,2024-09-04,15:30,1197,5,17031020701,,12.5,1.68,16.18,,,POINT (-87.7036682732 41.9868950432)
17031809200,2024-09-04,15:00,2024-09-04,15:15,863,3.6,17031010300,,10,2.88,15.88,,,POINT (-87.6665362779 42.0159343756)
17031809200,2024-09-04,13:30,2024-09-04,13:45,734,3,17031010202,,10,1.68,14.68,,,POINT (-87.6733337784 42.0160464924)
17031809200,2024-09-04,13:30,2024-09-04,14:15,2254,15.7,17031980000,,32.5,10.97,52.47,,,POINT (-87.9030396611 41.9790708201)
17031809200,2024-09-03,20:15,2024-09-03,20:30,1009,4.8,17031020802,,7.5,0.86,8.36,,,POINT (-87.6946307194 41.994059824)
17031809200,2024-09-03,20:15,2024-09-03,20:45,1205,5.6,17031040202,,7.5,3.46,10.96,,,POINT (-87.6940960217 41.9798553089)
17031809200,2024-09-03,20:15,2024-09-03,20:45,1725,11.1,17031070200,,22.5,1.68,24.18,,,POINT (-87.6462934762 41.9290776551)
17031809200,2024-09-02,20:15,2024-09-02,20:30,958,4.8,17031020500,,7.5,3.76,11.26,,,POINT (-87.684198195 42.0013132491)
17031809200,2024-09-02,20:15,2024-09-02,20:30,895,4.6,17031020500,,12.5,1.68,19.18,,,POINT (-87.684198195 42.0013132491)
17031809200,2024-09-02,20:15,2024-09-02,20:45,2026,19,17031839000,,22.5,6.52,29.02,,,POINT (-87.6314065252 41.8710158803)
17031809200,2024-09-02,14:00,2024-09-02,14:30,1498,7.2,17031020702,,5,0.11,5.11,,,POINT (-87.7048934862 41.9941436461)
17031809200,2024-09-02,14:00,2024-09-02,14:45,2616,12.7,17031081500,,15,5.94,20.94,,,POINT (-87.6262149064 41.8925077809)
17031809200,2024-09-02,14:00,2024-09-02,14:15,669,3.2,17031020200,,10,2.79,12.79,,,POINT (-87.6996630419 42.0156967498)
17031809200,2024-09-01,22:30,2024-09-01,23:00,2026,11.6,17031150300,,17.5,1.68,19.18,,,POINT (-87.7622859818 41.9605182177)
17031809200,2024-09-01,22:30,2024-09-01,22:45,1309,6.8,17031830800,,10,6.13,16.13,,,POINT (-87.6765780714 41.9651417087)
17031809200,2024-09-01,21:45,2024-09-01,22:30,2791,18,17031351000,,35,1.68,36.68,,,POINT (-87.6108347373 41.8346735981)
17031809200,2024-09-01,21:45,2024-09-01,22:30,2717,13.3,17031243500,,22.5,10.1,43.6,,,POINT (-87.6525344838 41.8926581076)
17031809200,2024-09-01,21:45,2024-09-01,22:30,1998,14.4,17031221500,,15,4.54,19.54,,,POINT (-87.689951469 41.9216471318)
17031809200,2024-09-01,11:15,2024-09-01,12:00,2771,13.9,17031270500,,32.5,1.68,34.18,,,POINT (-87.7177791062 41.8762234405)
17031809200,2024-09-01,8:45,2024-09-01,9:00,908,5,17031020500,,10,3.18,13.18,,,POINT (-87.684198195 42.0013132491)
17031809200,2024-08-31,21:00,2024-08-31,21:30,2170,12.7,17031081100,,30,1.68,31.68,,,POINT (-87.6291051864 41.9002212967)
17031809200,2024-08-31,21:00,2024-08-31,21:15,892,5.9,17031120300,,15,5.45,20.45,,,POINT (-87.7400551895 41.991119555)
17031809200,2024-08-31,18:45,2024-08-31,19:00,817,4.2,17031010501,,7.5,5.37,12.87,,,POINT (-87.6639582144 42.0094125471)
17031809200,2024-08-31,18:45,2024-08-31,19:15,2000,9.5,17031220500,,20,9.2,29.2,,,POINT (-87.7049072355 41.9283913974)
17031809200,2024-08-31,18:45,2024-08-31,19:45,3284,15.2,17031310600,,35,1.68,36.68,,,POINT (-87.6595642391 41.8563332167)
17031809200,2024-08-31,18:30,2024-08-31,19:15,2362,8.7,17031832000,,25,8.91,33.91,,,POINT (-87.6542980837 41.9462945357)
17031809200,2024-08-31,18:30,2024-08-31,18:45,616,2.8,17031010201,,22.5,1.68,24.18,,,POINT (-87.680162272 42.0160105638)
17031809200,2024-08-31,15:30,2024-08-31,16:00,1261,5.8,17031030102,,12.5,4.06,16.56,,,POINT (-87.6574177422 41.9934409461)
17031809200,2024-08-31,15:30,2024-08-31,15:45,935,4.7,17031020500,,10,3.81,13.81,,,POINT (-87.684198195 42.0013132491)
17031809200,2024-08-31,15:30,2024-08-31,15:45,887,3.4,17031010100,,5,3.39,8.39,,,POINT (-87.6698247721 42.0212235931)
17031809200,2024-08-31,0:00,2024-08-31,0:30,1729,8.4,17031032100,,17.5,1.68,19.18,,,POINT (-87.6530217894 41.9581548757)
17031809200,2024-08-31,0:00,2024-08-31,0:30,2201,24.8,17031252102,,17.5,11.43,28.93,,,POINT (-87.7598126285 41.8765928828)
17031809200,2024-08-31,0:00,2024-08-31,0:45,2633,19.6,17031252000,,30,1.68,31.68,,,POINT (-87.7698815509 41.88366198)
17031809200,2024-08-30,16:00,2024-08-30,17:00,3011,16.5,17031980000,,40,12.36,52.36,,,POINT (-87.9030396611 41.9790708201)
17031809200,2024-08-30,16:00,2024-08-30,16:30,1759,5.5,17031020902,,20,1.68,21.68,,,POINT (-87.6786882109 41.9942660943)
17031809200,2024-08-30,16:00,2024-08-30,16:45,3011,16.9,17031980000,,42.5,12.05,60.55,,,POINT (-87.9030396611 41.9790708201)
17031809200,2024-08-30,14:45,2024-08-30,15:45,3442,9.1,17031220500,,22.5,1.68,24.18,,,POINT (-87.7049072355 41.9283913974)
17031809200,2024-08-30,14:45,2024-08-30,15:15,1652,8.1,17031100200,,17.5,4.18,21.68,,,POINT (-87.7942692959 41.9956031347)
17031809200,2024-08-30,14:45,2024-08-30,15:15,1371,5.5,17031030102,,12.5,5.17,17.67,,,POINT (-87.6574177422 41.9934409461)
17031809200,2024-08-29,17:45,2024-08-29,18:15,1918,6.9,17031031200,,15,14.55,29.55,,,POINT (-87.6573411073 41.9727095466)
17031809200,2024-08-29,17:45,2024-08-29,18:15,1228,4.8,17031830600,,15,1.68,16.68,,,POINT (-87.6735740325 42.0016981937)
17031809200,2024-08-29,12:30,2024-08-29,13:15,2559,13.1,17031080202,,27.5,3.43,30.93,,,POINT (-87.6308650266 41.9058577688)
17031809200,2024-08-29,12:30,2024-08-29,13:00,2200,9.6,17031070400,,17.5,3.63,21.13,,,POINT (-87.6561568309 41.9289672664)
17031809200,2024-08-27,21:00,2024-08-27,21:15,1169,5.3,17031020702,,10,3.31,13.31,,,POINT (-87.7048934862 41.9941436461)
17031809200,2024-08-27,21:00,2024-08-27,21:15,1011,5.1,17031030200,,10,3.35,16.35,,,POINT (-87.6652247765 41.9944422482)
17031809200,2024-08-27,21:00,2024-08-27,21:15,1077,4.8,17031020802,,7.5,2.38,9.88,,,POINT (-87.6946307194 41.994059824)
17031809200,2024-08-27,7:45,2024-08-27,8:30,2297,12.3,17031760801,,25,4.83,29.83,,,POINT (-87.8415864319 41.9822729289)
17031809200,2024-08-27,7:45,2024-08-27,8:30,1941,7,17031040900,,20,1.68,21.68,,,POINT (-87.6838545561 41.9631849658)
17031809200,2024-08-27,7:45,2024-08-27,8:15,2269,16.1,17031980000,,25,17.3,48.3,,,POINT (-87.9030396611 41.9790708201)
17031809200,2024-08-26,11:15,2024-08-26,11:45,1730,7,17031830700,,12.5,3.51,16.01,,,POINT (-87.6603894557 41.958055933)
17031809200,2024-08-26,11:15,2024-08-26,11:30,1209,4.8,17031830600,,12.5,1.68,17.18,,,POINT (-87.6735740325 42.0016981937)
17031809200,2024-08-26,11:15,2024-08-26,12:00,2481,13,17031838100,,27.5,1.68,29.18,,,POINT (-87.6716536214 41.8786674201)
17031809200,2024-08-25,18:30,2024-08-25,19:00,1483,4.9,17031010400,,17.5,1.68,19.18,,,POINT (-87.659122427 42.004764559)
17031809200,2024-08-25,17:45,2024-08-25,18:00,1031,5.1,17031020801,,12.5,5.59,19.09,,,POINT (-87.6944151909 41.9868086263)
17031809200,2024-08-25,17:45,2024-08-25,18:45,3406,24.6,17031980100,,40,19.12,59.12,,,POINT (-87.7509342894 41.785998518)
17031809200,2024-08-25,12:45,2024-08-25,13:30,2346,12.7,17031081403,,20,5.37,25.37,,,POINT (-87.6188683546 41.8909220259)
17031809200,2024-08-25,12:45,2024-08-25,13:00,747,3.7,17031010702,,7.5,3.67,11.17,,,POINT (-87.6727239593 42.0090182269)
17031809200,2024-08-25,12:45,2024-08-25,13:15,1976,8.5,17031832000,,15,4.7,19.7,,,POINT (-87.6542980837 41.9462945357)
17031809200,2024-08-24,23:00,2024-08-24,23:15,820,4.3,17031010501,,7.5,5.11,12.61,,,POINT (-87.6639582144 42.0094125471)
17031809200,2024-08-24,23:00,2024-08-24,23:30,1298,6.6,17031030706,,12.5,6.2,18.7,,,POINT (-87.6522740174 41.9801575735)
17031809200,2024-08-24,17:45,2024-08-24,18:00,1308,6,17031040202,,10,6.05,16.05,,,POINT (-87.6940960217 41.9798553089)
17031809200,2024-08-24,17:45,2024-08-24,18:15,1722,9.8,17031160501,,10,5.28,15.28,,,POINT (-87.7129731725 41.9592101847)
17031809200,2024-08-24,17:45,2024-08-24,18:30,2990,13.1,17031837000,,22.5,11.31,33.81,,,POINT (-87.6986740167 41.8783232529)
17031809200,2024-08-24,16:30,2024-08-24,16:45,884,4,17031010702,,7.5,3.46,10.96,,,POINT (-87.6727239593 42.0090182269)
17031809200,2024-08-24,16:30,2024-08-24,17:00,1764,10.4,17031150200,,15,4.88,19.88,,,POINT (-87.7524091367 41.9606756968)
17031809200,2024-08-23,23:00,2024-08-23,23:30,1516,16.6,17031241500,,20,7.13,27.13,,,POINT (-87.6709450752 41.9083786693)
17031809200,2024-08-23,23:00,2024-08-23,23:30,1815,14.3,17031320100,,25,1.68,26.68,,,POINT (-87.6209929134 41.8849871918)
17031809200,2024-08-23,23:00,2024-08-23,23:30,1842,21.5,17031838600,,22.5,9.01,31.51,,,POINT (-87.7008239559 41.867823493)
17031809200,2024-08-23,17:45,2024-08-23,18:45,3959,15.2,17031081800,,35,11.63,46.63,,,POINT (-87.6378442095 41.8932163595)
17031809200,2024-08-23,17:45,2024-08-23,18:15,2334,15.9,17031980000,,32.5,14.42,46.92,,,POINT (-87.9030396611 41.9790708201)
17031809200,2024-08-23,17:45,2024-08-23,19:00,3844,14.7,17031081700,,27.5,12.22,39.72,,,POINT (-87.6318639497 41.8920421365)
17031809200,2024-08-23,17:15,2024-08-23,18:45,5099,27.6,17031700401,,52.5,1.85,54.35,,,POINT (-87.7120363411 41.7455375706)
17031809200,2024-08-23,17:15,2024-08-23,17:30,1213,5.1,17031830600,,7.5,5.05,12.55,,,POINT (-87.6735740325 42.0016981937)
17031809200,2024-08-23,17:15,2024-08-23,18:15,3014,10.3,17031832300,,35,12.37,56.37,,,POINT (-87.671445766 41.9192250505)
17031809200,2024-08-23,15:15,2024-08-23,15:30,802,3,17031010202,,10,1.68,11.68,,,POINT (-87.6733337784 42.0160464924)
17031809200,2024-08-23,15:15,2024-08-23,15:45,1904,5.9,17031030800,,17.5,1.68,23.18,,,POINT (-87.6641882421 41.9799124453)
17031809200,2024-08-23,15:15,2024-08-23,15:15,621,2.9,17031010201,,7.5,2.87,10.37,,,POINT (-87.680162272 42.0160105638)
17031809200,2024-08-23,12:45,2024-08-23,13:15,1950,9.4,17031210700,,20,3.91,23.91,,,POINT (-87.7038545435 41.9357064711)
17031809200,2024-08-23,12:45,2024-08-23,13:45,3107,11.2,17031190402,,30,1.68,31.68,,,POINT (-87.7712319246 41.9348600057)
17031809200,2024-08-23,12:45,2024-08-23,13:15,2555,14.8,17031839100,,32.5,7.9,40.4,,,POINT (-87.6327464887 41.8809944707)
17031809200,2024-08-23,12:15,2024-08-23,12:30,626,2.9,17031010201,,7.5,1.68,9.18,,,POINT (-87.680162272 42.0160105638)
17031809200,2024-08-23,12:15,2024-08-23,13:00,2750,13.3,17031831600,,20,3.97,23.97,,,POINT (-87.7976006842 41.9255880881)
17031809200,2024-08-23,12:15,2024-08-23,12:45,1945,8,17031031100,,10,1.31,11.31,,,POINT (-87.6638654956 41.9726679555)
17031809200,2024-08-21,21:15,2024-08-21,22:00,2727,17.7,17031841000,,30,5.13,40.13,,,POINT (-87.6241352979 41.8492467545)
17031809200,2024-08-21,21:15,2024-08-21,21:15,590,3.1,17031010201,,7.5,2.88,10.38,,,POINT (-87.680162272 42.0160105638)
17031809200,2024-08-21,21:15,2024-08-21,21:15,584,3,17031010201,,7.5,2.87,10.37,,,POINT (-87.680162272 42.0160105638)
17031809200,2024-08-21,18:15,2024-08-21,18:30,1027,4.5,17031020901,,10,4.35,14.35,,,POINT (-87.6860768812 41.9942252345)
17031809200,2024-08-21,18:15,2024-08-21,18:30,869,4,17031020400,,10,4.32,14.32,,,POINT (-87.6859131333 42.0084870082)
17031809200,2024-08-21,18:15,2024-08-21,18:30,1111,3.8,17031010702,,10,4.19,17.19,,,POINT (-87.6727239593 42.0090182269)
17031809200,2024-08-21,15:45,2024-08-21,16:00,691,2.6,17031010201,,7.5,1.89,9.39,,,POINT (-87.680162272 42.0160105638)
17031809200,2024-08-21,15:45,2024-08-21,16:00,1323,4.1,17031010100,,15,1.68,16.68,,,POINT (-87.6698247721 42.0212235931)
17031809200,2024-08-21,15:45,2024-08-21,16:00,927,3.3,17031010201,,7.5,2.8,10.3,,,POINT (-87.680162272 42.0160105638)
17031809200,2024-08-21,13:45,2024-08-21,14:00,852,3.5,17031010201,,7.5,2.62,10.12,,,POINT (-87.680162272 42.0160105638)
17031809200,2024-08-21,13:45,2024-08-21,14:00,889,3.5,17031010202,,7.5,2.71,10.21,,,POINT (-87.6733337784 42.0160464924)
17031809200,2024-08-21,13:45,2024-08-21,14:45,3881,28.8,17031980100,,45,9.03,54.03,,,POINT (-87.7509342894 41.785998518)
17031809200,2024-08-20,14:45,2024-08-20,15:00,988,3,17031010202,,12.5,2.87,15.37,,,POINT (-87.6733337784 42.0160464924)
17031809200,2024-08-20,14:45,2024-08-20,15:00,1063,5.1,17031030300,,7.5,2.27,9.77,,,POINT (-87.672538401 41.9943810196)
17031809200,2024-08-20,12:00,2024-08-20,12:45,2462,20.7,17031838200,,22.5,6.57,29.07,,,POINT (-87.6750856208 41.8704150003)
17031809200,2024-08-20,12:00,2024-08-20,12:30,1826,7.4,17031830700,,12.5,3,15.5,,,POINT (-87.6603894557 41.958055933)
17031809200,2024-08-20,12:00,2024-08-20,12:45,2439,15.5,17031980000,,35,8.18,52.18,,,POINT (-87.9030396611 41.9790708201)
17031809200,2024-08-19,18:45,2024-08-19,18:45,720,3.8,17031010702,,10,3.73,16.73,,,POINT (-87.6727239593 42.0090182269)
17031809200,2024-08-19,18:45,2024-08-19,19:15,2349,16.9,17031980000,,32.5,13.13,45.63,,,POINT (-87.9030396611 41.9790708201)
17031809200,2024-08-19,18:45,2024-08-19,19:00,1020,4.4,17031830600,,10,3.78,13.78,,,POINT (-87.6735740325 42.0016981937)
17031809200,2024-08-19,17:00,2024-08-19,17:15,887,4.2,17031020901,,10,4,14,,,POINT (-87.6860768812 41.9942252345)
17031809200,2024-08-19,17:00,2024-08-19,17:15,1019,4.6,17031010501,,10,4.08,14.08,,,POINT (-87.6639582144 42.0094125471)
17031809200,2024-08-19,17:00,2024-08-19,17:45,2547,9.9,17031221300,,20,6.82,32.82,,,POINT (-87.6997544065 41.9211259143)
17031809200,2024-08-19,8:30,2024-08-19,8:45,650,3.4,17031010202,,10,3.09,13.09,,,POINT (-87.6733337784 42.0160464924)
17031809200,2024-08-19,5:45,2024-08-19,6:30,2096,10.1,17031832500,,20,1.68,21.68,,,POINT (-87.6640782395 41.9218774613)
17031809200,2024-08-19,5:45,2024-08-19,6:30,2138,14.8,17031770700,,20,1.95,21.95,,,POINT (-87.8773053996 41.9827750091)
17031809200,2024-08-19,5:45,2024-08-19,6:30,2373,16.5,17031980000,,32.5,22.44,65.94,,,POINT (-87.9030396611 41.9790708201)
17031809200,2024-08-18,13:30,2024-08-18,13:45,927,4,17031010702,,10,3.28,13.28,,,POINT (-87.6727239593 42.0090182269)
17031809200,2024-08-18,13:30,2024-08-18,14:00,2504,16.2,17031980000,,30,7.43,37.43,,,POINT (-87.9030396611 41.9790708201)
17031809200,2024-08-18,9:30,2024-08-18,10:15,2972,19.5,17031833100,,17.5,6.6,24.1,,,POINT (-87.657005027 41.8790669938)
17031809200,2024-08-18,9:30,2024-08-18,10:00,1725,7.8,17031031400,,12.5,3.6,16.1,,,POINT (-87.6453787624 41.962178629)
17031809200,2024-08-18,5:45,2024-08-18,6:30,2538,17.7,17031081500,,17.5,1.85,19.35,,,POINT (-87.6262149064 41.8925077809)
17031809200,2024-08-18,5:45,2024-08-18,6:00,1363,15.3,17031770700,,22.5,1.95,24.45,,,POINT (-87.8773053996 41.9827750091)
17031809200,2024-08-18,5:45,2024-08-18,5:45,588,4.2,17031830600,,15,1.68,16.68,,,POINT (-87.6735740325 42.0016981937)
17031809200,2024-08-17,22:15,2024-08-17,22:45,1693,9.9,17031062100,,25,1.68,32.68,,,POINT (-87.6517705068 41.9426918444)
17031809200,2024-08-17,22:15,2024-08-17,22:45,2025,11.7,17031071500,,22.5,1.68,24.18,,,POINT (-87.6317173661 41.9146162864)
17031809200,2024-08-17,22:15,2024-08-17,22:45,1224,7,17031040202,,10,5.5,15.5,,,POINT (-87.6940960217 41.9798553089)
17031809200,2024-08-17,22:15,2024-08-17,22:30,892,4.2,17031010702,,7.5,4.76,12.26,,,POINT (-87.6727239593 42.0090182269)
17031809200,2024-08-17,20:15,2024-08-17,21:00,2393,11.2,17031221300,,12.5,5.54,18.04,,,POINT (-87.6997544065 41.9211259143)
17031809200,2024-08-17,20:15,2024-08-17,20:30,900,4.5,17031830600,,15,1.68,16.68,,,POINT (-87.6735740325 42.0016981937)
17031809200,2024-08-17,13:30,2024-08-17,13:45,885,4,17031020602,,7.5,3.39,10.89,,,POINT (-87.6936374936 42.0013159243)
17031809200,2024-08-17,13:30,2024-08-17,14:00,1066,4.6,17031010400,,10,3.57,13.57,,,POINT (-87.659122427 42.004764559)
17031809200,2024-08-16,20:45,2024-08-16,21:00,1377,5.4,17031030500,,12.5,4.58,17.08,,,POINT (-87.6649377243 41.9872255578)
17031809200,2024-08-16,20:45,2024-08-16,21:00,904,4.1,17031010702,,12.5,1.68,14.18,,,POINT (-87.6727239593 42.0090182269)
17031809200,2024-08-16,20:45,2024-08-16,21:15,1549,6.6,17031030706,,12.5,5.03,17.53,,,POINT (-87.6522740174 41.9801575735)
17031809200,2024-08-16,12:15,2024-08-16,12:45,964,3.3,17031010201,,7.5,1.99,9.49,,,POINT (-87.680162272 42.0160105638)
17031809200,2024-08-16,12:15,2024-08-16,12:30,981,4,17031010702,,10,3.01,13.01,,,POINT (-87.6727239593 42.0090182269)
17031809200,2024-08-16,12:15,2024-08-16,13:00,2427,16.5,17031980000,,32.5,16.4,58.9,,,POINT (-87.9030396611 41.9790708201)
17031809200,2024-08-15,12:00,2024-08-15,12:15,816,3.4,17031010100,,7.5,3.2,10.7,,,POINT (-87.6698247721 42.0212235931)
17031809200,2024-08-15,12:00,2024-08-15,12:45,2741,12.7,17031242200,,22.5,4.36,31.86,,,POINT (-87.6747191345 41.8995897957)
17031809200,2024-08-15,12:00,2024-08-15,12:30,1788,7.5,17031830700,,22.5,4.77,27.27,,,POINT (-87.6603894557 41.958055933)
17031809200,2024-08-14,18:30,2024-08-14,18:45,612,2.7,17031020200,,10,1.68,11.68,,,POINT (-87.6996630419 42.0156967498)
17031809200,2024-08-14,18:30,2024-08-14,19:00,1606,7.1,17031031700,,15,5.04,21.04,,,POINT (-87.6631958495 41.9654457842)
17031809200,2024-08-14,18:30,2024-08-14,19:00,2014,16.4,17031980000,,32.5,13.39,45.89,,,POINT (-87.9030396611 41.9790708201)
17031809200,2024-08-13,17:30,2024-08-13,17:45,946,3.7,17031010201,,10,3.97,13.97,,,POINT (-87.680162272 42.0160105638)
17031809200,2024-08-13,17:30,2024-08-13,17:45,1151,4.6,17031830600,,10,4.6,14.6,,,POINT (-87.6735740325 42.0016981937)
17031809200,2024-08-11,22:30,2024-08-11,22:45,811,3.3,17031010201,,7.5,4.5,12,,,POINT (-87.680162272 42.0160105638)
17031809200,2024-08-11,18:15,2024-08-11,18:45,1591,7.1,17031031700,,15,6.42,21.42,,,POINT (-87.6631958495 41.9654457842)
17031809200,2024-08-11,18:15,2024-08-11,18:30,1008,4.5,17031020802,,10,4.97,14.97,,,POINT (-87.6946307194 41.994059824)
17031809200,2024-08-11,18:15,2024-08-11,18:30,1267,5.9,17031030900,,12.5,5.66,18.16,,,POINT (-87.6714455473 41.9797955506)
17031809200,2024-08-11,11:00,2024-08-11,11:15,1070,4,17031010202,,17.5,2.31,19.81,,,POINT (-87.6733337784 42.0160464924)
17031809200,2024-08-11,11:00,2024-08-11,12:00,3716,23.8,17031980100,,57.5,6.68,64.18,,,POINT (-87.7509342894 41.785998518)
17031809200,2024-08-11,11:00,2024-08-11,11:45,2188,17.4,17031980000,,50,7.1,57.1,,,POINT (-87.9030396611 41.9790708201)
17031809200,2024-08-10,15:15,2024-08-10,15:30,1020,3.7,17031010100,,10,3.42,13.42,,,POINT (-87.6698247721 42.0212235931)
17031809200,2024-08-10,14:15,2024-08-10,15:00,2844,13.2,17031081300,,22.5,6.28,28.78,,,POINT (-87.6207628651 41.8983317935)
17031809200,2024-08-10,14:15,2024-08-10,15:00,2832,12.6,17031081300,,32.5,1.68,34.18,,,POINT (-87.6207628651 41.8983317935)
17031809200,2024-08-09,11:45,2024-08-09,12:15,2031,15.6,17031980000,,30,11.25,41.25,,,POINT (-87.9030396611 41.9790708201)
17031809200,2024-08-09,11:45,2024-08-09,12:30,2420,11.7,17031760801,,25,3.59,32.59,,,POINT (-87.8415864319 41.9822729289)
17031809200,2024-08-08,17:45,2024-08-08,18:00,1089,3.9,17031010201,,7.5,2.01,9.51,,,POINT (-87.680162272 42.0160105638)
17031809200,2024-08-08,17:45,2024-08-08,18:00,1205,4.3,17031010702,,10,4.49,14.49,,,POINT (-87.6727239593 42.0090182269)
17031809200,2024-08-08,17:45,2024-08-08,18:30,2683,13,17031080400,,20,8.27,34.27,,,POINT (-87.6409015248 41.9074128162)
17031809200,2024-08-08,17:15,2024-08-08,18:15,3593,14.8,17031281900,,35,15.92,50.92,,,POINT (-87.642648998 41.8792550844)
17031809200,2024-08-08,17:15,2024-08-08,17:30,1348,4.7,17031830600,,7.5,4.52,12.02,,,POINT (-87.6735740325 42.0016981937)
17031809200,2024-08-08,15:00,2024-08-08,15:30,1579,7,17031031700,,17.5,3.73,21.23,,,POINT (-87.6631958495 41.9654457842)
17031809200,2024-08-08,15:00,2024-08-08,15:15,930,3.7,17031010100,,7.5,2.25,9.75,,,POINT (-87.6698247721 42.0212235931)
17031809200,2024-08-07,16:15,2024-08-07,17:15,3025,14,17031240300,,20,7.06,27.06,,,POINT (-87.6750627566 41.9123643542)
17031809200,2024-08-07,16:15,2024-08-07,17:00,2628,16.4,17031980000,,37.5,7.11,53.61,,,POINT (-87.9030396611 41.9790708201)
17031809200,2024-08-06,7:30,2024-08-06,8:00,2138,11.8,17031760801,,20,4.46,24.46,,,POINT (-87.8415864319 41.9822729289)
17031809200,2024-08-06,7:30,2024-08-06,8:15,2605,16,17031330100,,27.5,1.68,29.18,,,POINT (-87.6173580061 41.859349715)
17031809200,2024-08-06,7:30,2024-08-06,8:45,4321,28.8,17031750100,,40,1.68,41.68,,,POINT (-87.652031202 41.6958343746)
17031809200,2024-08-05,7:45,2024-08-05,8:30,2732,15.8,17031330100,,32.5,1.68,34.18,,,POINT (-87.6173580061 41.859349715)
17031809200,2024-08-05,7:45,2024-08-05,9:00,4121,22,17031980100,,45,6.68,61.68,,,POINT (-87.7509342894 41.785998518)
17031809200,2024-08-05,7:45,2024-08-05,8:00,908,4.7,17031020802,,12.5,3.44,15.94,,,POINT (-87.6946307194 41.994059824)
17031809200,2024-08-04,12:45,2024-08-04,13:30,2713,13.1,17031081800,,22.5,7.1,34.6,,,POINT (-87.6378442095 41.8932163595)
17031809200,2024-08-03,22:15,2024-08-03,23:00,2894,15.9,17031841000,,30,1.68,31.68,,,POINT (-87.6241352979 41.8492467545)
17031809200,2024-08-03,22:15,2024-08-03,22:30,1556,6.5,17031020802,,7.5,2.66,10.16,,,POINT (-87.6946307194 41.994059824)
17031809200,2024-08-03,22:15,2024-08-03,22:45,1614,9.7,17031062900,,22.5,1.68,24.18,,,POINT (-87.6564115308 41.9362371791)
17031809200,2024-08-03,21:30,2024-08-03,21:45,1629,7.5,17031050600,,12.5,6.39,18.89,,,POINT (-87.6761824959 41.9505456965)
17031809200,2024-08-03,21:30,2024-08-03,22:15,2041,12.9,17031081600,,25,1.68,26.68,,,POINT (-87.6288741572 41.8920726347)
17031809200,2024-08-03,21:30,2024-08-03,22:00,2096,19.1,17031833300,,22.5,9.56,32.06,,,POINT (-87.6540926517 41.8716894745)
17031809200,2024-08-03,20:15,2024-08-03,20:30,1297,4.8,17031010501,,15,1.68,16.68,,,POINT (-87.6639582144 42.0094125471)
17031809200,2024-08-03,20:15,2024-08-03,20:30,1441,6.7,17031031300,,17.5,1.68,19.18,,,POINT (-87.6502900743 41.9729293173)
17031809200,2024-08-03,20:15,2024-08-03,20:45,1848,9.2,17031210501,,30,1.68,31.68,,,POINT (-87.7223302976 41.9374017942)
17031809200,2024-08-03,20:15,2024-08-03,20:45,2008,8.8,17031061200,,15,6.59,25.59,,,POINT (-87.6616429039 41.9490605256)
17031809200,2024-08-03,19:00,2024-08-03,19:45,2102,16.8,17031980000,,27.5,15.6,52.1,,,POINT (-87.9030396611 41.9790708201)
17031809200,2024-08-03,19:00,2024-08-03,19:15,869,4,17031010202,,7.5,5.02,17.52,,,POINT (-87.6733337784 42.0160464924)
17031809200,2024-08-03,15:15,2024-08-03,16:15,3842,14.9,17031320600,,25,7.6,32.6,,,POINT (-87.6221729369 41.8706073724)
17031809200,2024-08-03,15:15,2024-08-03,16:15,3873,14.4,17031842900,,32.5,12.19,44.69,,,POINT (-87.672920435 41.8631181033)
17031809200,2024-08-03,15:15,2024-08-03,15:30,985,4.2,17031010600,,15,4.24,19.24,,,POINT (-87.6676836101 42.0062788614)
17031809200,2024-08-03,14:45,2024-08-03,15:30,2944,14.9,17031320100,,30,1.68,41.68,,,POINT (-87.6209929134 41.8849871918)
17031809200,2024-08-03,13:45,2024-08-03,14:30,3416,14.9,17031839100,,25,6.63,31.63,,,POINT (-87.6327464887 41.8809944707)
17031809200,2024-08-03,13:45,2024-08-03,14:30,2582,9.6,17031063303,,37.5,1.68,45.18,,,POINT (-87.6346478774 41.9346504482)
17031809200,2024-08-03,13:45,2024-08-03,14:30,2678,10.1,17031063303,,40,1.68,41.68,,,POINT (-87.6346478774 41.9346504482)
17031809200,2024-08-03,12:45,2024-08-03,13:00,883,4.1,17031010100,,7.5,3.68,11.18,,,POINT (-87.6698247721 42.0212235931)
17031809200,2024-08-03,12:45,2024-08-03,13:15,2200,16.5,17031980000,,35,13.04,48.04,,,POINT (-87.9030396611 41.9790708201)
17031809200,2024-08-03,9:15,2024-08-03,9:30,642,3.5,17031010202,,10,2.99,12.99,,,POINT (-87.6733337784 42.0160464924)
17031809200,2024-08-03,9:15,2024-08-03,9:45,1958,9.9,17031061100,,12.5,1.95,14.45,,,POINT (-87.6568039088 41.9491397709)
17031809200,2024-08-03,9:15,2024-08-03,9:30,733,4.2,17031020901,,10,3.2,13.2,,,POINT (-87.6860768812 41.9942252345)
17031809200,2024-08-03,8:00,2024-08-03,8:30,1541,7.2,17031830700,,12.5,3.42,15.92,,,POINT (-87.6603894557 41.958055933)
17031809200,2024-08-03,8:00,2024-08-03,8:30,2026,19.3,17031980000,,30,14.1,44.1,,,POINT (-87.9030396611 41.9790708201)
17031809200,2024-08-02,20:45,2024-08-02,21:15,2250,18.2,17031310200,,22.5,7.46,29.96,,,POINT (-87.644209287 41.856309817)
17031809200,2024-08-02,20:45,2024-08-02,21:15,2295,12.6,17031081100,,20,7.68,27.68,,,POINT (-87.6291051864 41.9002212967)
17031809200,2024-08-02,20:45,2024-08-02,21:00,1043,3.4,17031010100,,7.5,3.79,11.29,,,POINT (-87.6698247721 42.0212235931)
17031809200,2024-08-02,20:30,2024-08-02,21:00,1606,11.8,17031150200,,10,3.24,13.24,,,POINT (-87.7524091367 41.9606756968)
17031809200,2024-08-02,20:30,2024-08-02,20:45,1301,4.9,17031020602,,10,5.03,15.03,,,POINT (-87.6936374936 42.0013159243)
17031809200,2024-08-02,20:30,2024-08-02,21:00,2265,19.6,17031833100,,22.5,9.53,32.03,,,POINT (-87.657005027 41.8790669938)
17031809200,2024-08-02,16:15,2024-08-02,17:00,2478,8.5,17031831900,,25,1.68,33.68,,,POINT (-87.6687944391 41.9451704528)
17031809200,2024-08-02,16:15,2024-08-02,17:30,4424,15.3,17031841100,,27.5,9.82,37.32,,,POINT (-87.6350918563 41.8510178239)
17031809200,2024-08-02,14:15,2024-08-02,14:30,846,3.4,17031010202,,7.5,3.34,10.84,,,POINT (-87.6733337784 42.0160464924)
17031809200,2024-08-02,14:15,2024-08-02,14:30,969,3.8,17031010202,,7.5,3.17,10.67,,,POINT (-87.6733337784 42.0160464924)
17031809200,2024-08-02,14:15,2024-08-02,14:30,733,3.2,17031020100,,12.5,4.57,17.07,,,POINT (-87.6871159899 42.0157199072)
17031809200,2024-08-02,12:00,2024-08-02,12:45,2350,14.5,17031980000,,35,7.07,42.07,,,POINT (-87.9030396611 41.9790708201)
17031809200,2024-08-02,12:00,2024-08-02,13:15,4135,23.1,17031430700,,35,1.83,36.83,,,POINT (-87.5635848124 41.7646425154)
17031809200,2024-08-01,4:30,2024-08-01,5:00,1787,14,17031081500,,20,4.98,24.98,,,POINT (-87.6262149064 41.8925077809)
17031809200,2024-08-01,4:30,2024-08-01,5:00,1634,15.8,17031980000,,22.5,19.99,42.49,,,POINT (-87.9030396611 41.9790708201)
17031809200,2024-08-01,4:30,2024-08-01,5:00,1589,16.1,17031980000,,50,7.07,57.07,,,POINT (-87.9030396611 41.9790708201)
17031809200,2024-07-28,13:00,2024-07-28,13:30,1822,7.8,17031160700,,12.5,4.34,16.84,,,POINT (-87.7020071282 41.9504044107)
17031809200,2024-07-28,13:00,2024-07-28,13:15,791,3.4,17031010201,,10,3.14,13.14,,,POINT (-87.680162272 42.0160105638)
17031809200,2024-07-28,13:00,2024-07-28,14:00,3527,20.8,17031590700,,27.5,8.21,35.71,,,POINT (-87.6637988716 41.8268319106)
17031809200,2024-07-28,12:45,2024-07-28,13:00,1096,4.9,17031010502,,15,1.68,16.68,,,POINT (-87.6633278588 42.0045174875)
17031809200,2024-07-28,12:45,2024-07-28,12:45,726,4.2,17031010702,,7.5,3.38,10.88,,,POINT (-87.6727239593 42.0090182269)
17031809200,2024-07-28,12:30,2024-07-28,13:00,1701,7.9,17031830700,,15,4.41,19.41,,,POINT (-87.6603894557 41.958055933)
17031809200,2024-07-28,12:30,2024-07-28,13:15,2440,16.5,17031980000,,62.5,12.78,75.28,,,POINT (-87.9030396611 41.9790708201)
17031809200,2024-07-28,12:30,2024-07-28,12:45,1057,5.6,17031020802,,7.5,3.87,11.37,,,POINT (-87.6946307194 41.994059824)
17031809200,2024-07-27,23:15,2024-07-28,0:00,1937,9.9,17031832400,,32.5,1.68,34.18,,,POINT (-87.6922563262 41.9157411934)
17031809200,2024-07-27,23:15,2024-07-27,23:45,1895,15.5,17031222200,,25,6.22,31.22,,,POINT (-87.6838259399 41.9159097884)
17031809200,2024-07-27,23:15,2024-07-27,23:45,1190,5.9,17031030800,,15,5.66,20.66,,,POINT (-87.6641882421 41.9799124453)
17031809200,2024-07-27,23:15,2024-07-27,23:30,694,4.1,17031010702,,17.5,1.68,19.18,,,POINT (-87.6727239593 42.0090182269)
17031809200,2024-07-27,22:15,2024-07-27,22:45,2002,9.8,17031070700,,25,1.68,33.68,,,POINT (-87.6738072384 41.9292725315)
17031809200,2024-07-27,22:15,2024-07-27,22:45,1826,10.3,17031240500,,22.5,1.68,24.18,,,POINT (-87.6836429218 41.9119723006)
17031809200,2024-07-27,22:15,2024-07-27,22:30,931,4.2,17031010702,,12.5,4.73,17.23,,,POINT (-87.6727239593 42.0090182269)
17031809200,2024-07-27,21:15,2024-07-27,22:00,2408,20.2,17031330100,,22.5,9.57,37.07,,,POINT (-87.6173580061 41.859349715)
17031809200,2024-07-27,21:15,2024-07-27,21:30,639,3.1,17031010201,,7.5,4.2,11.7,,,POINT (-87.680162272 42.0160105638)
17031809200,2024-07-27,21:15,2024-07-27,21:45,1001,5.2,17031020901,,10,5.19,15.19,,,POINT (-87.6860768812 41.9942252345)
17031809200,2024-07-27,19:15,2024-07-27,20:15,3434,18.2,17031251400,,22.5,6.63,29.13,,,POINT (-87.770122842 41.8909693802)
17031809200,2024-07-27,19:15,2024-07-27,20:00,2910,12.9,17031081402,,40,1.68,41.68,,,POINT (-87.6129454143 41.8919715078)
17031809200,2024-07-27,19:15,2024-07-27,19:45,1243,4.3,17031020602,,12.5,1.68,14.18,,,POINT (-87.6936374936 42.0013159243)
17031809200,2024-07-27,18:45,2024-07-27,19:45,3416,24.2,17031560200,,35,12.19,47.19,,,POINT (-87.747784377 41.8112835255)
17031809200,2024-07-27,18:45,2024-07-27,19:30,2737,13.4,17031242000,,27.5,9.59,37.09,,,POINT (-87.6649539167 41.8997373884)
17031809200,2024-07-27,15:15,2024-07-27,15:30,881,3.8,17031010202,,7.5,3.37,10.87,,,POINT (-87.6733337784 42.0160464924)
17031809200,2024-07-27,15:15,2024-07-27,15:30,699,3,17031010202,,10,1.68,11.68,,,POINT (-87.6733337784 42.0160464924)
17031809200,2024-07-27,6:00,2024-07-27,6:30,1837,21.4,17031980000,,30,7.06,37.06,,,POINT (-87.9030396611 41.9790708201)
17031809200,2024-07-27,6:00,2024-07-27,6:30,1737,16,17031980000,,40,15.77,66.77,,,POINT (-87.9030396611 41.9790708201)
17031809200,2024-07-27,6:00,2024-07-27,6:00,617,3.6,17031010300,,10,1.68,11.68,,,POINT (-87.6665362779 42.0159343756)
17031809200,2024-07-27,4:15,2024-07-27,5:00,2477,29.3,17031980100,,42.5,6.68,56.18,,,POINT (-87.7509342894 41.785998518)
17031809200,2024-07-27,4:15,2024-07-27,4:15,590,4.1,17031020302,,7.5,3.45,10.95,,,POINT (-87.6949637498 42.0085407611)
17031809200,2024-07-26,17:00,2024-07-26,17:45,2987,11,17031221300,,22.5,10.33,39.83,,,POINT (-87.6997544065 41.9211259143)
17031809200,2024-07-26,17:00,2024-07-26,18:00,3874,16.6,17031081600,,22.5,2.29,24.79,,,POINT (-87.6288741572 41.8920726347)
17031809200,2024-07-26,15:15,2024-07-26,15:30,1016,4.5,17031010501,,15,3.75,23.75,,,POINT (-87.6639582144 42.0094125471)
17031809200,2024-07-26,15:15,2024-07-26,16:00,3037,15.1,17031980000,,40,7.07,52.07,,,POINT (-87.9030396611 41.9790708201)
17031809200,2024-07-26,15:15,2024-07-26,15:45,1548,5.7,17031040202,,12.5,3.86,16.36,,,POINT (-87.6940960217 41.9798553089)
17031809200,2024-07-26,12:15,2024-07-26,13:15,3701,16.7,17031252102,,35,1.68,36.68,,,POINT (-87.7598126285 41.8765928828)
17031809200,2024-07-26,12:15,2024-07-26,12:45,1305,5.2,17031030500,,17.5,3.35,20.85,,,POINT (-87.6649377243 41.9872255578)
17031809200,2024-07-26,12:15,2024-07-26,12:30,802,2.8,17031010201,,10,1.68,11.68,,,POINT (-87.680162272 42.0160105638)
17031809200,2024-07-25,14:00,2024-07-25,14:45,2786,12.7,17031243500,,25,4.76,29.76,,,POINT (-87.6525344838 41.8926581076)
17031809200,2024-07-25,14:00,2024-07-25,14:30,2193,8.6,17031832000,,15,3.84,23.84,,,POINT (-87.6542980837 41.9462945357)
17031809200,2024-07-25,14:00,2024-07-25,14:45,2427,16.9,17031980000,,40,11.61,59.61,,,POINT (-87.9030396611 41.9790708201)
17031809200,2024-07-24,12:00,2024-07-24,12:15,884,4,17031010702,,7.5,2.94,10.44,,,POINT (-87.6727239593 42.0090182269)
17031809200,2024-07-24,12:00,2024-07-24,12:15,935,4,17031010300,,10,1.68,11.68,,,POINT (-87.6665362779 42.0159343756)
17031809200,2024-07-24,7:00,2024-07-24,7:15,892,4.4,17031010300,,7.5,2.91,10.41,,,POINT (-87.6665362779 42.0159343756)
17031809200,2024-07-24,7:00,2024-07-24,7:45,2230,16,17031980000,,32.5,22.05,65.55,,,POINT (-87.9030396611 41.9790708201)
17031809200,2024-07-23,18:00,2024-07-23,18:30,2347,7.5,17031050200,,12.5,5.77,18.27,,,POINT (-87.683718102 41.957735565)
17031809200,2024-07-23,18:00,2024-07-23,18:30,1699,5.6,17031030900,,20,1.68,21.68,,,POINT (-87.6714455473 41.9797955506)
17031809200,2024-07-23,18:00,2024-07-23,18:15,1120,4.5,17031010300,,10,4.17,14.17,,,POINT (-87.6665362779 42.0159343756)
17031809200,2024-07-23,13:15,2024-07-23,13:30,594,2.3,17031020200,,7.5,2.71,10.21,,,POINT (-87.6996630419 42.0156967498)
17031809200,2024-07-23,13:15,2024-07-23,14:00,2470,13.2,17031081500,,20,5.69,31.69,,,POINT (-87.6262149064 41.8925077809)
17031809200,2024-07-22,18:00,2024-07-22,18:15,860,4.1,17031010701,,12.5,1.68,14.18,,,POINT (-87.67861897 42.0091500631)
17031809200,2024-07-22,18:00,2024-07-22,18:00,695,2.9,17031020200,,7.5,5.45,15.95,,,POINT (-87.6996630419 42.0156967498)
17031809200,2024-07-22,18:00,2024-07-22,18:30,1513,6.4,17031040402,,17.5,1.68,23.18,,,POINT (-87.6788459662 41.9725625375)
17031809200,2024-07-22,13:00,2024-07-22,13:30,2288,15.2,17031980000,,32.5,8.8,47.3,,,POINT (-87.9030396611 41.9790708201)
17031809200,2024-07-22,13:00,2024-07-22,14:00,3893,26.1,17031980100,,35,10.02,45.02,,,POINT (-87.7509342894 41.785998518)
17031809200,2024-07-22,13:00,2024-07-22,13:15,501,2.5,17031020200,,7.5,3.13,10.63,,,POINT (-87.6996630419 42.0156967498)
17031809200,2024-07-21,19:00,2024-07-21,19:15,1247,5,17031010501,,12.5,1.68,14.18,,,POINT (-87.6639582144 42.0094125471)
17031809200,2024-07-21,11:15,2024-07-21,11:30,798,4,17031010702,,7.5,3.18,10.68,,,POINT (-87.6727239593 42.0090182269)
17031809200,2024-07-20,21:00,2024-07-20,21:30,2077,9.3,17031061800,,17.5,6.7,24.2,,,POINT (-87.647113634 41.946489764)
17031809200,2024-07-20,21:00,2024-07-20,21:45,2293,16,17031221500,,12.5,3.84,16.34,,,POINT (-87.689951469 41.9216471318)
17031809200,2024-07-20,21:00,2024-07-20,21:30,1918,14.1,17031151200,,17.5,7.57,31.07,,,POINT (-87.7714955258 41.9421694153)
17031809200,2024-07-20,21:00,2024-07-20,21:45,3169,29.1,17031835200,,32.5,17.76,50.26,,,POINT (-87.7452828446 41.7966403342)
17031809200,2024-07-20,19:30,2024-07-20,20:15,2478,13.5,17031320100,,25,1.68,26.68,,,POINT (-87.6209929134 41.8849871918)
17031809200,2024-07-20,19:30,2024-07-20,20:00,2355,13.8,17031081402,,20,8.14,28.14,,,POINT (-87.6129454143 41.8919715078)
17031809200,2024-07-20,19:30,2024-07-20,20:00,1798,9.4,17031063303,,20,1.68,21.68,,,POINT (-87.6346478774 41.9346504482)
17031809200,2024-07-20,14:00,2024-07-20,15:00,3731,15.4,17031310200,,35,1.68,41.68,,,POINT (-87.644209287 41.856309817)
17031809200,2024-07-20,12:15,2024-07-20,13:00,3041,15.2,17031280100,,20,5.88,25.88,,,POINT (-87.6428084655 41.8853000224)
17031809200,2024-07-20,12:15,2024-07-20,12:30,683,3.7,17031010202,,7.5,3.38,10.88,,,POINT (-87.6733337784 42.0160464924)
17031809200,2024-07-19,23:15,2024-07-19,23:30,1126,5.8,17031030900,,15,4.53,20.53,,,POINT (-87.6714455473 41.9797955506)
17031809200,2024-07-19,23:15,2024-07-19,23:45,2277,16.1,17031841000,,35,7.38,42.38,,,POINT (-87.6241352979 41.8492467545)
17031809200,2024-07-19,23:00,2024-07-19,23:15,1046,5.4,17031030102,,15,1.68,16.68,,,POINT (-87.6574177422 41.9934409461)
17031809200,2024-07-19,22:45,2024-07-19,23:00,852,3.2,17031010201,,10,3.57,14.57,,,POINT (-87.680162272 42.0160105638)
17031809200,2024-07-19,22:45,2024-07-19,23:00,1215,6.2,17031030900,,15,1.68,16.68,,,POINT (-87.6714455473 41.9797955506)
17031809200,2024-07-19,22:45,2024-07-19,23:15,1794,15.9,17031980000,,25,17.02,53.02,,,POINT (-87.9030396611 41.9790708201)
17031809200,2024-07-19,22:00,2024-07-19,22:15,1516,7.5,17031031300,,12.5,4.91,22.41,,,POINT (-87.6502900743 41.9729293173)
17031809200,2024-07-19,22:00,2024-07-19,22:15,1324,5.6,17031030500,,17.5,4.58,24.08,,,POINT (-87.6649377243 41.9872255578)
17031809200,2024-07-19,22:00,2024-07-19,22:30,1806,7.7,17031031200,,10,3.49,13.49,,,POINT (-87.6573411073 41.9727095466)
17031809200,2024-07-19,21:45,2024-07-19,22:15,1031,4.2,17031010702,,10,3.99,16.99,,,POINT (-87.6727239593 42.0090182269)
17031809200,2024-07-19,21:45,2024-07-19,22:00,883,4.4,17031010600,,10,4.11,14.11,,,POINT (-87.6676836101 42.0062788614)
17031809200,2024-07-19,21:45,2024-07-19,21:45,593,3.1,17031010100,,7.5,3.59,11.09,,,POINT (-87.6698247721 42.0212235931)
17031809200,2024-07-19,21:00,2024-07-19,21:00,825,3.7,17031010100,,10,3.9,18.9,,,POINT (-87.6698247721 42.0212235931)
17031809200,2024-07-19,20:15,2024-07-19,20:30,1231,6,17031030703,,15,4.69,22.69,,,POINT (-87.6578712629 41.9788750584)
17031809200,2024-07-19,20:15,2024-07-19,20:45,2180,18.1,17031243500,,22.5,8.92,31.42,,,POINT (-87.6525344838 41.8926581076)
17031809200,2024-07-19,20:15,2024-07-19,20:30,927,4.6,17031020500,,10,4.12,14.12,,,POINT (-87.684198195 42.0013132491)
17031809200,2024-07-19,16:15,2024-07-19,16:30,1618,5.8,17031040201,,10,5.98,15.98,,,POINT (-87.6940010612 41.9725808001)
17031809200,2024-07-19,16:15,2024-07-19,16:45,1271,4.3,17031020901,,15,1.68,16.68,,,POINT (-87.6860768812 41.9942252345)
17031809200,2024-07-19,16:15,2024-07-19,16:30,718,3,17031010202,,10,1.68,11.68,,,POINT (-87.6733337784 42.0160464924)
17031809200,2024-07-19,16:15,2024-07-19,16:30,1054,3.2,17031020200,,10,1.68,11.68,,,POINT (-87.6996630419 42.0156967498)
17031809200,2024-07-19,14:00,2024-07-19,14:15,1248,4.7,17031030300,,12.5,3.44,18.94,,,POINT (-87.672538401 41.9943810196)
17031809200,2024-07-19,14:00,2024-07-19,14:30,1391,3.8,17031020601,,12.5,1.68,14.18,,,POINT (-87.701802904 42.0008748252)
17031809200,2024-07-19,14:00,2024-07-19,14:15,896,3.7,17031010202,,10,3.05,13.05,,,POINT (-87.6733337784 42.0160464924)
17031809200,2024-07-18,20:00,2024-07-18,20:45,2193,12.1,17031071500,,25,8.73,33.73,,,POINT (-87.6317173661 41.9146162864)
17031809200,2024-07-18,20:00,2024-07-18,20:15,880,4.2,17031830600,,12.5,1.68,14.18,,,POINT (-87.6735740325 42.0016981937)
17031809200,2024-07-18,20:00,2024-07-18,20:15,986,5.1,17031010501,,12.5,1.68,14.18,,,POINT (-87.6639582144 42.0094125471)
17031809200,2024-07-18,13:45,2024-07-18,14:15,1329,4.5,17031010300,,20,12.09,32.09,,,POINT (-87.6665362779 42.0159343756)
17031809200,2024-07-18,7:30,2024-07-18,7:45,774,4.9,17031130100,,12.5,1.68,14.18,,,POINT (-87.7239678299 41.9900642527)
17031809200,2024-07-17,20:45,2024-07-17,21:15,2224,14.6,17031839100,,25,3.43,34.43,,,POINT (-87.6327464887 41.8809944707)
17031809200,2024-07-17,20:45,2024-07-17,21:30,2214,11,17031241400,,22.5,1.68,30.18,,,POINT (-87.6753116216 41.906025969)
17031809200,2024-07-17,18:00,2024-07-17,18:45,2717,11,17031070103,,27.5,1.68,29.18,,,POINT (-87.6426052473 41.9268111821)
17031809200,2024-07-17,18:00,2024-07-17,18:30,1761,6.7,17031030102,,7.5,3.97,11.47,,,POINT (-87.6574177422 41.9934409461)
17031809200,2024-07-17,18:00,2024-07-17,18:15,1148,4.8,17031120300,,15,1.68,16.68,,,POINT (-87.7400551895 41.991119555)
17031809200,2024-07-16,17:30,2024-07-16,18:15,2554,10.1,17031062100,,17.5,6.42,23.92,,,POINT (-87.6517705068 41.9426918444)
17031809200,2024-07-16,17:30,2024-07-16,18:15,2744,14.5,17031081401,,20,10.7,30.7,,,POINT (-87.6197106717 41.8950334495)
17031809200,2024-07-16,16:00,2024-07-16,16:30,2277,8.4,17031031400,,12.5,3.61,16.11,,,POINT (-87.6453787624 41.962178629)
17031809200,2024-07-16,16:00,2024-07-16,16:15,1080,4.2,17031830600,,10,3.04,16.04,,,POINT (-87.6735740325 42.0016981937)
17031809200,2024-07-16,13:15,2024-07-16,13:30,610,3,17031010202,,10,1.68,11.68,,,POINT (-87.6733337784 42.0160464924)
17031809200,2024-07-16,13:15,2024-07-16,14:00,2423,12.9,17031081000,,20,6.91,26.91,,,POINT (-87.6321092196 41.9002656868)
17031809200,2024-07-16,13:15,2024-07-16,13:30,1255,5.1,17031010201,,12.5,3.04,15.54,,,POINT (-87.680162272 42.0160105638)
17031809200,2024-07-16,10:30,2024-07-16,11:00,1988,12.9,17031081000,,20,4.66,24.66,,,POINT (-87.6321092196 41.9002656868)
17031809200,2024-07-15,4:15,2024-07-15,4:45,1701,16.1,17031980000,,27.5,12.69,40.19,,,POINT (-87.9030396611 41.9790708201)
17031809200,2024-07-14,13:30,2024-07-14,14:00,2579,10.1,17031060800,,12.5,2.1,14.6,,,POINT (-87.6460070664 41.9534000435)
17031809200,2024-07-14,13:30,2024-07-14,14:00,2288,16.1,17031980000,,35,7.06,42.06,,,POINT (-87.9030396611 41.9790708201)
17031809200,2024-07-14,13:30,2024-07-14,13:45,887,4.4,17031020602,,12.5,1.68,14.18,,,POINT (-87.6936374936 42.0013159243)
17031809200,2024-07-14,11:45,2024-07-14,12:15,1429,6.3,17031031100,,12.5,4.51,17.01,,,POINT (-87.6638654956 41.9726679555)
17031809200,2024-07-14,11:45,2024-07-14,12:15,1180,4.6,17031020500,,12.5,1.68,14.18,,,POINT (-87.684198195 42.0013132491)
17031809200,2024-07-13,22:30,2024-07-13,22:45,1358,8,17031140602,,12.5,4.92,17.42,,,POINT (-87.7210167687 41.964652354)
17031809200,2024-07-13,22:30,2024-07-13,22:45,1282,5.1,17031010400,,12.5,1.68,14.18,,,POINT (-87.659122427 42.004764559)
17031809200,2024-07-13,22:30,2024-07-13,23:00,1786,9.9,17031100500,,20,6.17,30.17,,,POINT (-87.8197891138 41.978068292)
17031809200,2024-07-13,15:15,2024-07-13,16:15,3515,21,17031400300,,40,8.54,60.54,,,POINT (-87.6109393487 41.7921360843)
17031809200,2024-07-13,15:15,2024-07-13,15:15,732,3,17031010202,,12.5,1.68,14.18,,,POINT (-87.6733337784 42.0160464924)
17031809200,2024-07-13,15:15,2024-07-13,16:15,3249,16,17031330100,,35,1.68,36.68,,,POINT (-87.6173580061 41.859349715)
17031809200,2024-07-12,22:00,2024-07-12,22:15,1069,4.8,17031010502,,12.5,4.13,17.63,,,POINT (-87.6633278588 42.0045174875)
17031809200,2024-07-12,22:00,2024-07-12,22:45,2570,13.7,17031842100,,20,7.71,27.71,,,POINT (-87.7335180512 41.8952576428)
17031809200,2024-07-12,21:45,2024-07-12,22:30,2416,14.4,17031250500,,25,1.68,26.68,,,POINT (-87.7968155178 41.9146023652)
17031809200,2024-07-12,21:45,2024-07-12,22:30,2274,14.2,17031081600,,20,6.21,26.21,,,POINT (-87.6288741572 41.8920726347)
17031809200,2024-07-12,21:00,2024-07-12,21:45,2908,15.8,17031081700,,22.5,8.02,30.52,,,POINT (-87.6318639497 41.8920421365)
17031809200,2024-07-11,14:30,2024-07-11,15:30,2901,16.1,17031980000,,35,11.07,56.07,,,POINT (-87.9030396611 41.9790708201)
17031809200,2024-07-11,6:15,2024-07-11,7:00,2628,25.5,17031980100,,47.5,6.68,59.18,,,POINT (-87.7509342894 41.785998518)
17031809200,2024-07-11,6:15,2024-07-11,6:45,1738,14.1,17031980000,,15,11.82,26.82,,,POINT (-87.9030396611 41.9790708201)
17031809200,2024-07-11,6:15,2024-07-11,7:00,2762,26.3,17031980100,,42.5,12.53,66.03,,,POINT (-87.7509342894 41.785998518)
17031809200,2024-07-10,21:45,2024-07-10,22:30,1971,12.2,17031081201,,30,1.68,37.68,,,POINT (-87.6262105324 41.8991556134)
17031809200,2024-07-10,21:45,2024-07-10,22:15,1975,15.7,17031836600,,25,1.68,26.68,,,POINT (-87.7088084239 41.8986992296)
17031809200,2024-07-10,21:45,2024-07-10,22:00,1165,6,17031030900,,15,1.68,16.68,,,POINT (-87.6714455473 41.9797955506)
17031809200,2024-07-09,12:00,2024-07-09,13:15,4021,18.8,17031835600,,35,1.68,36.68,,,POINT (-87.632245255 41.8018227527)
17031809200,2024-07-09,12:00,2024-07-09,12:15,742,2.9,17031010201,,10,1.68,11.68,,,POINT (-87.680162272 42.0160105638)
17031809200,2024-07-09,12:00,2024-07-09,12:45,2520,15.2,17031980000,,57.5,7.37,64.87,,,POINT (-87.9030396611 41.9790708201)
17031809200,2024-07-09,11:30,2024-07-09,12:15,2281,15.5,17031980000,,35,7.07,50.07,,,POINT (-87.9030396611 41.9790708201)
17031809200,2024-07-09,11:30,2024-07-09,12:15,3242,13.9,17031839100,,30,5.06,35.06,,,POINT (-87.6327464887 41.8809944707)
17031809200,2024-07-09,11:30,2024-07-09,12:15,2424,14.4,17031831600,,20,3.3,27.3,,,POINT (-87.7976006842 41.9255880881)
17031809200,2024-07-08,17:30,2024-07-08,18:15,2482,16.1,17031980000,,30,13.82,54.82,,,POINT (-87.9030396611 41.9790708201)
17031809200,2024-07-08,17:30,2024-07-08,18:00,1155,5.3,17031010503,,15,1.68,16.68,,,POINT (-87.6631267998 42.0003203059)
17031809200,2024-07-08,17:30,2024-07-08,17:45,825,3.9,17031010702,,10,4.05,16.05,,,POINT (-87.6727239593 42.0090182269)
17031809200,2024-07-08,15:00,2024-07-08,15:15,947,3.8,17031010202,,12.5,1.68,14.18,,,POINT (-87.6733337784 42.0160464924)
17031809200,2024-07-08,15:00,2024-07-08,15:15,663,3.1,17031010202,,10,1.68,11.68,,,POINT (-87.6733337784 42.0160464924)
17031809200,2024-07-08,6:45,2024-07-08,7:45,3191,22.3,17031411100,,37.5,1.68,39.18,,,POINT (-87.5904311285 41.7904478989)
17031809200,2024-07-08,5:30,2024-07-08,6:00,1884,14.3,17031770700,,32.5,1.99,34.49,,,POINT (-87.8773053996 41.9827750091)
17031809200,2024-07-08,5:30,2024-07-08,6:15,2292,26.3,17031570100,,27.5,6.96,34.46,,,POINT (-87.7189271854 41.8162644525)
17031809200,2024-07-08,4:30,2024-07-08,4:45,1468,18.4,17031081600,,17.5,4.32,21.82,,,POINT (-87.6288741572 41.8920726347)
17031809200,2024-07-08,4:30,2024-07-08,5:00,2046,16.1,17031980000,,70,7.06,77.06,,,POINT (-87.9030396611 41.9790708201)
17031809200,2024-07-07,21:30,2024-07-07,21:30,593,3.2,17031010202,,10,4.32,14.32,,,POINT (-87.6733337784 42.0160464924)
17031809200,2024-07-07,21:30,2024-07-07,22:00,1335,5.1,17031010202,,7.5,1.87,9.37,,,POINT (-87.6733337784 42.0160464924)
17031809200,2024-07-07,21:30,2024-07-07,21:45,993,4.2,17031010501,,12.5,1.68,14.18,,,POINT (-87.6639582144 42.0094125471)
17031809200,2024-07-07,19:00,2024-07-07,19:15,781,4.2,17031010702,,10,4.38,14.38,,,POINT (-87.6727239593 42.0090182269)
17031809200,2024-07-07,19:00,2024-07-07,19:30,1522,16.5,17031842300,,32.5,7.98,40.48,,,POINT (-87.6536139825 41.8983058696)
17031809200,2024-07-06,23:30,2024-07-07,0:00,1710,18.8,17031839100,,25,8.23,33.23,,,POINT (-87.6327464887 41.8809944707)
17031809200,2024-07-06,23:30,2024-07-07,0:15,2239,13.5,17031839100,,25,8.18,38.18,,,POINT (-87.6327464887 41.8809944707)
17031809200,2024-07-06,23:30,2024-07-07,0:00,1807,12.6,17031080400,,27.5,1.68,29.18,,,POINT (-87.6409015248 41.9074128162)
17031809200,2024-07-06,19:30,2024-07-06,19:45,1204,5.3,17031010400,,12.5,1.68,14.18,,,POINT (-87.659122427 42.004764559)
17031809200,2024-07-06,19:30,2024-07-06,20:00,2108,11.5,17031190800,,22.5,1.68,24.18,,,POINT (-87.7513626916 41.927819073)
17031809200,2024-07-06,19:30,2024-07-06,20:00,2223,18.8,17031839100,,42.5,10.86,53.36,,,POINT (-87.6327464887 41.8809944707)
17031809200,2024-07-06,9:15,2024-07-06,9:30,698,4,17031010702,,12.5,1.68,14.18,,,POINT (-87.6727239593 42.0090182269)
17031809200,2024-07-06,9:15,2024-07-06,9:30,1408,8.8,17031110200,,15,1.54,16.54,,,POINT (-87.7734709274 41.9800778511)
17031809200,2024-07-06,0:00,2024-07-06,0:30,1703,6.5,17031030500,,10,0.78,13.78,,,POINT (-87.6649377243 41.9872255578)
17031809200,2024-07-06,0:00,2024-07-06,0:15,1148,6.3,17031031100,,12.5,4.67,17.17,,,POINT (-87.6638654956 41.9726679555)
17031809200,2024-07-06,0:00,2024-07-06,0:45,1910,12.6,17031080202,,22.5,6.11,28.61,,,POINT (-87.6308650266 41.9058577688)
17031809200,2024-07-05,21:00,2024-07-05,21:15,712,3.5,17031010201,,10,1.68,11.68,,,POINT (-87.680162272 42.0160105638)
17031809200,2024-07-05,21:00,2024-07-05,21:30,1448,7.4,17031031700,,15,5.19,20.19,,,POINT (-87.6631958495 41.9654457842)
17031809200,2024-07-05,21:00,2024-07-05,21:30,2579,23.3,17031843100,,25,8.15,33.15,,,POINT (-87.7006919027 41.8607622624)
17031809200,2024-07-05,21:00,2024-07-05,21:15,1452,7.7,17031160601,,17.5,1.68,19.18,,,POINT (-87.7020985409 41.9595267906)
17031809200,2024-07-05,18:15,2024-07-05,18:45,1632,14.6,17031220400,,20,5.43,25.43,,,POINT (-87.6999685912 41.9284315635)
17031809200,2024-07-05,18:15,2024-07-05,19:00,2520,13.1,17031081700,,27.5,3.43,32.93,,,POINT (-87.6318639497 41.8920421365)
17031809200,2024-07-05,18:15,2024-07-05,18:30,829,4,17031010300,,12.5,3.68,16.18,,,POINT (-87.6665362779 42.0159343756)
17031809200,2024-07-05,16:15,2024-07-05,16:30,804,3.9,17031020602,,7.5,2.92,10.42,,,POINT (-87.6936374936 42.0013159243)
17031809200,2024-07-05,16:15,2024-07-05,17:00,1931,15.8,17031980000,,60,7.06,67.06,,,POINT (-87.9030396611 41.9790708201)
17031809200,2024-07-05,16:15,2024-07-05,16:30,989,4.1,17031010202,,15,4.38,22.38,,,POINT (-87.6733337784 42.0160464924)
17031809200,2024-07-05,10:15,2024-07-05,10:30,634,2.7,17031010100,,7.5,1.68,9.18,,,POINT (-87.6698247721 42.0212235931)
17031809200,2024-07-05,10:15,2024-07-05,10:45,997,4.9,17031020802,,10,0.51,10.51,,,POINT (-87.6946307194 41.994059824)
17031809200,2024-07-05,10:15,2024-07-05,10:30,855,4.5,17031020500,,12.5,1.68,14.18,,,POINT (-87.684198195 42.0013132491)
17031809200,2024-07-04,23:00,2024-07-04,23:15,1216,6.5,17031040201,,22.5,4.31,26.81,,,POINT (-87.6940010612 41.9725808001)
17031809200,2024-07-04,23:00,2024-07-04,23:15,730,3.6,17031020400,,15,3.84,18.84,,,POINT (-87.6859131333 42.0084870082)
17031809200,2024-07-04,23:00,2024-07-04,23:15,1053,5.1,17031030200,,20,4.77,24.77,,,POINT (-87.6652247765 41.9944422482)
17031809200,2024-07-04,21:30,2024-07-04,22:00,1456,13.9,17031210501,,15,5.54,20.54,,,POINT (-87.7223302976 41.9374017942)
17031809200,2024-07-04,21:30,2024-07-04,21:45,895,4.4,17031010501,,12.5,1.68,14.18,,,POINT (-87.6639582144 42.0094125471)
17031809200,2024-07-04,21:30,2024-07-04,21:45,1190,5.8,17031030500,,12.5,1.68,14.18,,,POINT (-87.6649377243 41.9872255578)
17031809200,2024-07-04,20:00,2024-07-04,20:15,1479,16,17031071100,,22.5,1.68,24.18,,,POINT (-87.6510618838 41.9217781876)
17031809200,2024-07-04,20:00,2024-07-04,20:30,1803,19.5,17031843200,,25,1.68,26.68,,,POINT (-87.6635286858 41.8474315472)
17031809200,2024-07-04,20:00,2024-07-04,20:15,452,2.8,17031010201,,7.5,3.45,10.95,,,POINT (-87.680162272 42.0160105638)
17031809200,2024-07-04,19:00,2024-07-04,19:15,789,3.3,17031010202,,7.5,3.29,10.79,,,POINT (-87.6733337784 42.0160464924)
17031809200,2024-07-04,19:00,2024-07-04,19:00,791,4.2,17031020602,,7.5,2.7,10.2,,,POINT (-87.6936374936 42.0013159243)
17031809200,2024-07-03,9:30,2024-07-03,10:00,2474,12.4,17031081401,,25,3.43,28.43,,,POINT (-87.6197106717 41.8950334495)
17031809200,2024-07-03,8:45,2024-07-03,9:15,1822,7.1,17031830700,,25,1.68,26.68,,,POINT (-87.6603894557 41.958055933)
17031809200,2024-07-03,8:45,2024-07-03,9:00,1074,4.2,17031010702,,10,3.2,13.2,,,POINT (-87.6727239593 42.0090182269)
17031809200,2024-07-03,8:45,2024-07-03,9:00,1366,7.3,17031830700,,15,1.68,16.68,,,POINT (-87.6603894557 41.958055933)
17031809200,2024-07-02,17:15,2024-07-02,18:15,3361,12.7,17031063301,,17.5,3.27,20.77,,,POINT (-87.6430228044 41.9345397158)
17031809200,2024-07-02,17:15,2024-07-02,18:00,2717,11.1,17031063400,,17.5,6.47,23.97,,,POINT (-87.6467297286 41.9346591566)
17031809200,2024-07-02,17:15,2024-07-02,17:45,1251,4.7,17031010202,,7.5,1.09,8.59,,,POINT (-87.6733337784 42.0160464924)
17031809200,2024-06-30,0:15,2024-06-30,0:30,499,3,17031010202,,7.5,4.22,11.72,,,POINT (-87.6733337784 42.0160464924)
17031809200,2024-06-30,0:15,2024-06-30,0:30,725,4.2,17031830600,,10,1.68,11.68,,,POINT (-87.6735740325 42.0016981937)
17031809200,2024-06-29,23:45,2024-06-30,0:30,2224,13.4,17031243500,,22.5,1.68,24.18,,,POINT (-87.6525344838 41.8926581076)
17031809200,2024-06-29,23:45,2024-06-30,0:00,1387,8.9,17031832000,,17.5,6.5,24,,,POINT (-87.6542980837 41.9462945357)
17031809200,2024-06-29,23:45,2024-06-30,0:00,661,2.9,17031020200,,10,1.68,13.68,,,POINT (-87.6996630419 42.0156967498)
17031809200,2024-06-29,16:45,2024-06-29,17:00,1348,6.1,17031040100,,15,1.68,21.68,,,POINT (-87.681993542 41.9833308063)
17031809200,2024-06-29,16:45,2024-06-29,17:15,2223,16.7,17031980000,,35,12.23,47.23,,,POINT (-87.9030396611 41.9790708201)
17031809200,2024-06-29,16:45,2024-06-29,17:30,3018,13.4,17031833000,,25,5.84,30.84,,,POINT (-87.6572331997 41.8852813201)
17031809200,2024-06-29,10:30,2024-06-29,10:45,753,3.4,17031010202,,10,2.93,12.93,,,POINT (-87.6733337784 42.0160464924)
17031809200,2024-06-29,10:30,2024-06-29,11:15,2112,16.5,17031980000,,30,11.98,41.98,,,POINT (-87.9030396611 41.9790708201)
17031809200,2024-06-29,10:30,2024-06-29,10:45,730,4,17031010702,,10,3.03,13.03,,,POINT (-87.6727239593 42.0090182269)
17031809200,2024-06-28,19:15,2024-06-28,19:30,1498,6.4,17031040100,,15,1.68,19.68,,,POINT (-87.681993542 41.9833308063)
17031809200,2024-06-28,19:15,2024-06-28,19:45,1799,7.1,17031031700,,17.5,1.68,24.18,,,POINT (-87.6631958495 41.9654457842)
17031809200,2024-06-28,17:45,2024-06-28,18:00,900,4.2,17031010300,,12.5,3.98,16.48,,,POINT (-87.6665362779 42.0159343756)
17031809200,2024-06-28,17:45,2024-06-28,18:45,3704,15.7,17031281900,,30,3.43,33.43,,,POINT (-87.642648998 41.8792550844)
17031809200,2024-06-28,17:45,2024-06-28,18:00,950,3.9,17031020602,,10,3.89,13.89,,,POINT (-87.6936374936 42.0013159243)
17031809200,2024-06-28,15:15,2024-06-28,16:15,3581,14.2,17031320100,,25,8.28,40.28,,,POINT (-87.6209929134 41.8849871918)
17031809200,2024-06-28,15:15,2024-06-28,15:15,618,2.4,17031020200,,5,2.43,7.43,,,POINT (-87.6996630419 42.0156967498)
17031809200,2024-06-28,15:15,2024-06-28,16:15,3429,15.7,17031980000,,37.5,7.1,44.6,,,POINT (-87.9030396611 41.9790708201)
17031809200,2024-06-28,14:15,2024-06-28,15:15,3762,13.2,17031081700,,25,6.9,31.9,,,POINT (-87.6318639497 41.8920421365)
17031809200,2024-06-28,14:15,2024-06-28,14:45,1383,4,17031020200,,22.5,1.68,24.18,,,POINT (-87.6996630419 42.0156967498)
17031809200,2024-06-28,14:15,2024-06-28,14:45,1016,3.8,17031010202,,10,1.68,11.68,,,POINT (-87.6733337784 42.0160464924)
17031809200,2024-06-28,14:15,2024-06-28,15:45,4992,15.7,17031320100,,32.5,7.59,40.09,,,POINT (-87.6209929134 41.8849871918)
17031809200,2024-06-27,18:00,2024-06-27,18:15,805,3.5,17031010202,,7.5,3.06,10.56,,,POINT (-87.6733337784 42.0160464924)
17031809200,2024-06-27,18:00,2024-06-27,18:15,1108,4,17031010300,,12.5,4.09,16.59,,,POINT (-87.6665362779 42.0159343756)
17031809200,2024-06-27,18:00,2024-06-27,18:45,2449,15.3,17031980000,,45,7.06,62.06,,,POINT (-87.9030396611 41.9790708201)
17031809200,2024-06-26,22:15,2024-06-26,22:30,841,4.6,17031030300,,10,1.68,11.68,,,POINT (-87.672538401 41.9943810196)
17031809200,2024-06-26,22:15,2024-06-26,22:45,1425,4.4,17031020802,,20,1.68,21.68,,,POINT (-87.6946307194 41.994059824)
17031809200,2024-06-26,22:15,2024-06-26,22:30,729,3.7,17031010701,,10,1.68,11.68,,,POINT (-87.67861897 42.0091500631)
17031809200,2024-06-26,19:15,2024-06-26,19:30,1082,4.7,17031010600,,12.5,6.27,21.77,,,POINT (-87.6676836101 42.0062788614)
17031809200,2024-06-26,19:15,2024-06-26,19:30,1228,4.9,17031010502,,15,1.68,19.68,,,POINT (-87.6633278588 42.0045174875)
17031809200,2024-06-26,19:15,2024-06-26,19:45,2127,14.8,17031980000,,32.5,7.06,39.56,,,POINT (-87.9030396611 41.9790708201)
17031809200,2024-06-26,10:00,2024-06-26,10:45,2440,13.3,17031081500,,27.5,3.43,35.93,,,POINT (-87.6262149064 41.8925077809)
17031809200,2024-06-26,10:00,2024-06-26,10:45,2233,12.5,17031190100,,17.5,3.21,20.71,,,POINT (-87.7443896126 41.935214804)
17031809200,2024-06-26,10:00,2024-06-26,10:45,3028,15.6,17031252000,,32.5,1.68,34.18,,,POINT (-87.7698815509 41.88366198)
17031809200,2024-06-26,10:00,2024-06-26,10:15,1359,8,17031110100,,17.5,1.68,19.18,,,POINT (-87.7689702414 41.985916382)
17031809200,2024-06-25,17:30,2024-06-25,17:45,1297,6.1,17031040201,,12.5,4.79,17.29,,,POINT (-87.6940010612 41.9725808001)
17031809200,2024-06-25,17:30,2024-06-25,17:45,908,3.8,17031010702,,10,4.09,16.09,,,POINT (-87.6727239593 42.0090182269)
17031809200,2024-06-25,17:15,2024-06-25,18:00,2770,15.4,17031980000,,40,7.06,56.06,,,POINT (-87.9030396611 41.9790708201)
17031809200,2024-06-25,13:45,2024-06-25,14:30,2166,13.8,17031081402,,30,3.43,33.43,,,POINT (-87.6129454143 41.8919715078)
17031809200,2024-06-25,12:15,2024-06-25,12:30,939,3.7,17031010202,,7.5,2.53,10.03,,,POINT (-87.6733337784 42.0160464924)
17031809200,2024-06-24,22:30,2024-06-24,23:00,1953,20.8,17031320400,,32.5,5.4,37.9,,,POINT (-87.6219716519 41.8774061234)
17031809200,2024-06-24,14:30,2024-06-24,14:30,622,2.6,17031020200,,10,1.68,11.68,,,POINT (-87.6996630419 42.0156967498)
17031809200,2024-06-24,14:30,2024-06-24,15:15,3238,15.4,17031831600,,22.5,3.73,30.23,,,POINT (-87.7976006842 41.9255880881)
17031809200,2024-06-24,14:30,2024-06-24,14:45,1323,4,17031010100,,12.5,1.68,14.18,,,POINT (-87.6698247721 42.0212235931)
17031809200,2024-06-24,12:30,2024-06-24,13:15,2440,15.5,17031980000,,35,7.99,42.99,,,POINT (-87.9030396611 41.9790708201)
17031809200,2024-06-24,12:30,2024-06-24,13:15,2399,16.3,17031980000,,35,10.4,45.4,,,POINT (-87.9030396611 41.9790708201)
17031809200,2024-06-24,12:30,2024-06-24,13:15,2443,15.2,17031839100,,35,5.05,46.05,,,POINT (-87.6327464887 41.8809944707)
17031809200,2024-06-24,12:30,2024-06-24,13:00,1636,6.9,17031030500,,15,3.59,18.59,,,POINT (-87.6649377243 41.9872255578)
17031809200,2024-06-24,8:00,2024-06-24,8:15,776,3.8,17031010202,,15,3.19,18.19,,,POINT (-87.6733337784 42.0160464924)
17031809200,2024-06-24,8:00,2024-06-24,8:45,2971,12.8,17031838000,,30,1.68,31.68,,,POINT (-87.6806541164 41.8773834707)
17031809200,2024-06-24,8:00,2024-06-24,8:45,2481,15.6,17031980000,,45,7.05,52.05,,,POINT (-87.9030396611 41.9790708201)
17031809200,2024-06-23,14:30,2024-06-23,15:15,2417,8.9,17031220602,,17.5,3.98,24.48,,,POINT (-87.7119742544 41.9293297134)
17031809200,2024-06-23,14:30,2024-06-23,15:30,3234,14,17031081700,,,,,,,POINT (-87.6318639497 41.8920421365)
17031809200,2024-06-23,14:30,2024-06-23,15:00,1294,5.5,17031020902,,10,3.14,13.14,,,POINT (-87.6786882109 41.9942660943)
17031809200,2024-06-23,11:15,2024-06-23,11:15,563,3.4,17031010202,,10,2.72,12.72,,,POINT (-87.6733337784 42.0160464924)
17031809200,2024-06-23,11:15,2024-06-23,12:00,2951,18.1,17031330100,,37.5,9.21,46.71,,,POINT (-87.6173580061 41.859349715)
17031809200,2024-06-23,11:15,2024-06-23,11:45,1610,8.7,17031031700,,12.5,1.41,16.91,,,POINT (-87.6631958495 41.9654457842)
17031809200,2024-06-23,11:15,2024-06-23,11:45,2030,12,17031081202,,17.5,3.49,24.99,,,POINT (-87.6261455896 41.9027880476)
17031809200,2024-06-22,23:45,2024-06-23,0:00,591,3.8,17031010701,,17.5,4.71,22.21,,,POINT (-87.67861897 42.0091500631)
17031809200,2024-06-22,22:30,2024-06-22,23:00,1633,13.9,17031220400,,22.5,7.58,30.08,,,POINT (-87.6999685912 41.9284315635)
17031809200,2024-06-22,22:30,2024-06-22,22:45,700,3.3,17031010201,,17.5,5.18,22.68,,,POINT (-87.680162272 42.0160105638)
17031809200,2024-06-22,22:30,2024-06-22,23:00,2010,11.9,17031080201,,32.5,7.11,47.61,,,POINT (-87.630963601 41.9094956686)
17031809200,2024-06-22,19:00,2024-06-22,19:30,2559,20.4,17031381800,,35,1.68,36.68,,,POINT (-87.6212199892 41.8038507848)
17031809200,2024-06-22,19:00,2024-06-22,19:30,1884,8.5,17031060900,,30,1.68,36.68,,,POINT (-87.6439653703 41.949829346)
17031809200,2024-06-22,19:00,2024-06-22,19:30,1853,8.6,17031060900,,32.5,1.68,34.18,,,POINT (-87.6439653703 41.949829346)
17031809200,2024-06-22,18:45,2024-06-22,19:45,4008,28.1,17031480500,,35,18.47,53.47,,,POINT (-87.5590602859 41.727560391)
17031809200,2024-06-22,18:45,2024-06-22,19:00,849,4.7,17031030300,,10,1.76,13.76,,,POINT (-87.672538401 41.9943810196)
17031809200,2024-06-22,18:45,2024-06-22,19:30,2235,9.5,17031062100,,20,1.68,21.68,,,POINT (-87.6517705068 41.9426918444)
17031809200,2024-06-22,16:30,2024-06-22,17:00,1814,6.8,17031031100,,12.5,2.71,15.21,,,POINT (-87.6638654956 41.9726679555)
17031809200,2024-06-22,16:30,2024-06-22,17:00,1794,10.5,17031150200,,17.5,3.88,21.38,,,POINT (-87.7524091367 41.9606756968)
17031809200,2024-06-22,16:30,2024-06-22,17:00,1991,9.3,17031220500,,20,4.15,29.15,,,POINT (-87.7049072355 41.9283913974)
17031809200,2024-06-22,14:45,2024-06-22,15:00,655,3.4,17031010202,,7.5,2.94,11.44,,,POINT (-87.6733337784 42.0160464924)
17031809200,2024-06-22,14:45,2024-06-22,15:45,3072,12.7,17031081900,,32.5,1.68,34.18,,,POINT (-87.6414915334 41.897983898)
17031809200,2024-06-22,12:15,2024-06-22,12:45,1298,5.7,17031030900,,12.5,3.51,19.01,,,POINT (-87.6714455473 41.9797955506)
17031809200,2024-06-22,11:00,2024-06-22,11:45,2724,15.6,17031330100,,25,4.42,29.42,,,POINT (-87.6173580061 41.859349715)
17031809200,2024-06-22,9:45,2024-06-22,10:00,589,3,17031020200,,10,2.6,12.6,,,POINT (-87.6996630419 42.0156967498)
17031809200,2024-06-22,9:45,2024-06-22,10:00,1155,4.6,17031830600,,10,2.88,12.88,,,POINT (-87.6735740325 42.0016981937)
17031809200,2024-06-21,13:45,2024-06-21,14:00,706,3.3,17031010201,,7.5,2.71,10.21,,,POINT (-87.680162272 42.0160105638)
17031809200,2024-06-21,13:45,2024-06-21,14:45,3727,15.5,17031330100,,35,7.67,42.67,,,POINT (-87.6173580061 41.859349715)
17031809200,2024-06-21,12:15,2024-06-21,12:45,1525,5.3,17031030500,,12.5,2.81,15.31,,,POINT (-87.6649377243 41.9872255578)
17031809200,2024-06-21,12:15,2024-06-21,12:45,1533,5.8,17031030900,,25,1.68,26.68,,,POINT (-87.6714455473 41.9797955506)
17031809200,2024-06-21,12:15,2024-06-21,12:30,784,2.9,17031010201,,12.5,1.68,14.18,,,POINT (-87.680162272 42.0160105638)
17031809200,2024-06-21,12:15,2024-06-21,12:30,812,3.3,17031010300,,15,1.68,16.68,,,POINT (-87.6665362779 42.0159343756)
17031809200,2024-06-21,12:15,2024-06-21,12:30,752,3.4,17031010201,,10,1.77,11.77,,,POINT (-87.680162272 42.0160105638)
17031809200,2024-06-20,14:00,2024-06-20,14:15,1282,5.5,17031030300,,10,0.94,12.94,,,POINT (-87.672538401 41.9943810196)
17031809200,2024-06-20,14:00,2024-06-20,14:30,2053,8.1,17031832000,,15,3.01,21.01,,,POINT (-87.6542980837 41.9462945357)
17031809200,2024-06-20,10:00,2024-06-20,10:45,2328,10,17031190100,,20,4.2,24.2,,,POINT (-87.7443896126 41.935214804)
17031809200,2024-06-20,10:00,2024-06-20,11:00,3908,21.5,17031980100,,52.5,6.68,59.18,,,POINT (-87.7509342894 41.785998518)
17031809200,2024-06-19,20:00,2024-06-19,20:15,1269,5.8,17031040202,,12.5,3.41,15.91,,,POINT (-87.6940960217 41.9798553089)
17031809200,2024-06-19,20:00,2024-06-19,20:30,1845,17.1,17031243500,,22.5,6.68,29.18,,,POINT (-87.6525344838 41.8926581076)
17031809200,2024-06-19,15:00,2024-06-19,15:30,2107,10.1,17031061902,,22.5,1.68,24.18,,,POINT (-87.640698076 41.9431550855)
17031809200,2024-06-19,15:00,2024-06-19,15:45,2388,8.4,17031031300,,17.5,3.25,20.75,,,POINT (-87.6502900743 41.9729293173)
17031809200,2024-06-19,15:00,2024-06-19,16:00,3082,12.9,17031080300,,37.5,3.43,40.93,,,POINT (-87.6357600901 41.9074919303)
17031809200,2024-06-18,12:00,2024-06-18,13:15,4252,23.4,17031830500,,37.5,1.68,39.18,,,POINT (-87.723804133 41.8301172027)
17031809200,2024-06-18,12:00,2024-06-18,12:15,748,3.4,17031010201,,10,1.68,11.68,,,POINT (-87.680162272 42.0160105638)
17031809200,2024-06-18,12:00,2024-06-18,13:00,3319,20.3,17031410500,,32.5,4.26,36.76,,,POINT (-87.6037457654 41.7978270187)
17031809200,2024-06-16,21:15,2024-06-16,21:30,856,3.4,17031010201,,10,1.68,11.68,,,POINT (-87.680162272 42.0160105638)
17031809200,2024-06-16,21:15,2024-06-16,22:00,3045,17.9,17031841400,,32.5,1.68,34.18,,,POINT (-87.7143824837 41.8533354466)
17031809200,2024-06-15,21:15,2024-06-15,21:45,1937,9.9,17031062100,,22.5,1.68,30.18,,,POINT (-87.6517705068 41.9426918444)
17031809200,2024-06-15,21:15,2024-06-15,21:45,1595,13.6,17031221300,,20,1.68,21.68,,,POINT (-87.6997544065 41.9211259143)
17031809200,2024-06-15,21:15,2024-06-15,21:30,734,4,17031010600,,12.5,1.68,14.18,,,POINT (-87.6676836101 42.0062788614)
17031809200,2024-06-15,12:45,2024-06-15,13:00,942,3.4,17031020200,,10,2.93,12.93,,,POINT (-87.6996630419 42.0156967498)
17031809200,2024-06-15,12:45,2024-06-15,14:00,4626,16.7,17031841000,,42.5,1.68,44.18,,,POINT (-87.6241352979 41.8492467545)
17031809200,2024-06-15,12:45,2024-06-15,13:00,1516,7,17031140800,,15,3.74,18.74,,,POINT (-87.7027334697 41.9645069548)
17031809200,2024-06-15,10:15,2024-06-15,11:00,3226,14.8,17031290900,,35,1.68,43.68,,,POINT (-87.7324696377 41.8624142737)
17031809200,2024-06-15,10:15,2024-06-15,11:00,2766,17.6,17031841000,,25,9.07,34.07,,,POINT (-87.6241352979 41.8492467545)
17031809200,2024-06-15,10:15,2024-06-15,11:00,2130,14.6,17031760801,,20,3.27,23.27,,,POINT (-87.8415864319 41.9822729289)
17031809200,2024-06-14,18:30,2024-06-14,19:45,4511,26.6,17031980100,,32.5,14.64,47.14,,,POINT (-87.7509342894 41.785998518)
17031809200,2024-06-14,18:30,2024-06-14,19:30,3619,19.7,17031843200,,37.5,1.68,47.18,,,POINT (-87.6635286858 41.8474315472)
17031809200,2024-06-13,22:30,2024-06-13,22:45,1076,6.8,17031040202,,15,3.92,18.92,,,POINT (-87.6940960217 41.9798553089)
17031809200,2024-06-13,22:30,2024-06-13,23:30,4093,21.6,17031843200,,52.5,8.93,61.43,,,POINT (-87.6635286858 41.8474315472)
17031809200,2024-06-13,22:30,2024-06-13,22:45,887,4.6,17031030300,,10,3.49,16.49,,,POINT (-87.672538401 41.9943810196)
17031809200,2024-06-12,15:30,2024-06-12,16:00,2200,11.3,17031070103,,20,3.39,23.39,,,POINT (-87.6426052473 41.9268111821)
17031809200,2024-06-12,7:45,2024-06-12,7:45,822,4.6,17031020500,,12.5,1.68,14.18,,,POINT (-87.684198195 42.0013132491)
17031809200,2024-06-12,7:45,2024-06-12,8:30,2215,16.5,17031980000,,62.5,12.13,79.63,,,POINT (-87.9030396611 41.9790708201)
17031809200,2024-06-11,12:00,2024-06-11,12:15,799,2.9,17031810200,,10,1.68,11.68,,,
17031809200,2024-06-11,12:00,2024-06-11,12:15,791,3.4,17031010201,,12.5,2.76,15.26,,,POINT (-87.680162272 42.0160105638)
17031809200,2024-06-11,12:00,2024-06-11,12:15,865,3.7,17031010300,,10,2.48,12.48,,,POINT (-87.6665362779 42.0159343756)
17031809200,2024-06-11,7:30,2024-06-11,8:30,3161,12.8,17031838000,,25,7.35,32.35,,,POINT (-87.6806541164 41.8773834707)
17031809200,2024-06-11,7:30,2024-06-11,8:00,1975,7.4,17031830700,,22.5,1.68,24.18,,,POINT (-87.6603894557 41.958055933)
17031809200,2024-06-10,17:15,2024-06-10,17:30,985,3.5,17031010201,,10,3.76,13.76,,,POINT (-87.680162272 42.0160105638)
17031809200,2024-06-10,17:15,2024-06-10,18:00,3257,17.1,17031980000,,50,7.06,57.06,,,POINT (-87.9030396611 41.9790708201)
17031809200,2024-06-10,17:15,2024-06-10,18:00,2855,14.1,17031320100,,30,3.43,38.43,,,POINT (-87.6209929134 41.8849871918)
17031809200,2024-06-10,16:00,2024-06-10,17:00,3221,12.3,17031251000,,25,6.02,31.02,,,POINT (-87.7447575193 41.8987004986)
17031809200,2024-06-10,16:00,2024-06-10,16:15,1151,3.9,17031010300,,10,2.78,13.78,,,POINT (-87.6665362779 42.0159343756)
17031809200,2024-06-10,15:00,2024-06-10,16:30,5571,26.5,17031980100,,80,9.63,89.63,,,POINT (-87.7509342894 41.785998518)
17031809200,2024-06-10,15:00,2024-06-10,15:15,817,3,17031010202,,10,1.68,11.68,,,POINT (-87.6733337784 42.0160464924)
17031809200,2024-06-10,15:00,2024-06-10,15:30,1171,5,17031010501,,15,1.68,16.68,,,POINT (-87.6639582144 42.0094125471)
17031809200,2024-06-09,15:00,2024-06-09,15:15,891,3.1,17031010202,,10,1.68,11.68,,,POINT (-87.6733337784 42.0160464924)
17031809200,2024-06-09,11:00,2024-06-09,11:15,1297,6.2,17031030101,,20,1.68,26.68,,,POINT (-87.6573042698 41.9912345323)
17031809200,2024-06-09,11:00,2024-06-09,11:15,1035,4.4,17031010702,,7.5,0.89,8.39,,,POINT (-87.6727239593 42.0090182269)
17031809200,2024-06-09,11:00,2024-06-09,12:00,2918,14.1,17031841900,,27.5,1.68,29.18,,,POINT (-87.6429586652 41.8679024175)
17031809200,2024-06-08,22:30,2024-06-08,23:00,2003,19.1,17031833300,,22.5,7.57,30.07,,,POINT (-87.6540926517 41.8716894745)
17031809200,2024-06-08,22:30,2024-06-08,23:15,2524,13.6,17031081800,,30,1.68,31.68,,,POINT (-87.6378442095 41.8932163595)
17031809200,2024-06-08,22:00,2024-06-08,22:45,2563,14.4,17031243500,,25,1.68,26.68,,,POINT (-87.6525344838 41.8926581076)
17031809200,2024-06-08,22:00,2024-06-08,22:15,897,4.8,17031020901,,10,4.18,14.18,,,POINT (-87.6860768812 41.9942252345)
17031809200,2024-06-08,21:45,2024-06-08,22:00,857,3,17031010201,,10,1.68,11.68,,,POINT (-87.680162272 42.0160105638)
17031809200,2024-06-08,21:45,2024-06-08,22:15,1876,12.9,17031081401,,42.5,1.68,44.18,,,POINT (-87.6197106717 41.8950334495)
17031809200,2024-06-08,21:45,2024-06-08,22:15,1991,13,17031081403,,25,6.34,31.34,,,POINT (-87.6188683546 41.8909220259)
17031809200,2024-06-08,21:45,2024-06-08,22:00,1003,4.8,17031020902,,10,1.68,12.68,,,POINT (-87.6786882109 41.9942660943)
17031809200,2024-06-08,21:15,2024-06-08,22:00,2158,9.5,17031220500,,15,5.98,20.98,,,POINT (-87.7049072355 41.9283913974)
17031809200,2024-06-08,21:15,2024-06-08,22:00,2712,13.6,17031081300,,27.5,1.68,29.18,,,POINT (-87.6207628651 41.8983317935)
17031809200,2024-06-08,21:15,2024-06-08,21:45,1944,10.3,17031221300,,17.5,6.14,23.64,,,POINT (-87.6997544065 41.9211259143)
17031809200,2024-06-08,21:15,2024-06-08,21:30,1269,5.7,17031030500,,12.5,4.54,17.04,,,POINT (-87.6649377243 41.9872255578)
17031809200,2024-06-08,18:45,2024-06-08,19:30,2671,9.4,17031832000,,42.5,1.68,44.18,,,POINT (-87.6542980837 41.9462945357)
17031809200,2024-06-08,18:45,2024-06-08,19:45,3457,9.5,17031061100,,40,7.54,47.54,,,POINT (-87.6568039088 41.9491397709)
17031809200,2024-06-08,18:45,2024-06-08,19:15,1602,6.1,17031040100,,20,1.68,26.68,,,POINT (-87.681993542 41.9833308063)
17031809200,2024-06-08,18:30,2024-06-08,19:15,2566,11,17031063000,,25,6.57,31.57,,,POINT (-87.6515625922 41.9363101308)
17031809200,2024-06-08,18:30,2024-06-08,19:30,3180,10.9,17031063100,,22.5,6.67,29.17,,,POINT (-87.6467820813 41.938232293)
17031809200,2024-06-08,18:30,2024-06-08,19:15,2678,13.5,17031081300,,37.5,7.5,54,,,POINT (-87.6207628651 41.8983317935)
17031809200,2024-06-08,14:15,2024-06-08,15:00,2682,12,17031010702,,20,4.36,24.36,,,POINT (-87.6727239593 42.0090182269)
17031809200,2024-06-08,14:15,2024-06-08,14:30,1120,5,17031020902,,10,3.34,13.34,,,POINT (-87.6786882109 41.9942660943)
17031809200,2024-06-08,10:30,2024-06-08,11:15,2774,11.3,17031831200,,25,1.68,26.68,,,POINT (-87.7322869198 41.9152908359)
17031809200,2024-06-07,15:00,2024-06-07,16:00,3188,14.9,17031980000,,32.5,14.94,47.44,,,POINT (-87.9030396611 41.9790708201)
17031809200,2024-06-07,15:00,2024-06-07,16:45,6148,28.3,17031700402,,55,1.9,56.9,,,POINT (-87.7118213953 41.7382280867)
17031809200,2024-06-07,15:00,2024-06-07,15:00,715,3,17031010202,,10,1.68,11.68,,,POINT (-87.6733337784 42.0160464924)
17031809200,2024-06-06,9:15,2024-06-06,9:30,739,3.5,17031010201,,7.5,5.19,12.69,,,POINT (-87.680162272 42.0160105638)
17031809200,2024-06-06,9:15,2024-06-06,9:45,1948,13.5,17031190100,,20,4.09,24.09,,,POINT (-87.7443896126 41.935214804)
17031809200,2024-06-05,15:30,2024-06-05,15:45,825,3.2,17031010100,,10,2.73,12.73,,,POINT (-87.6698247721 42.0212235931)
17031809200,2024-06-05,15:30,2024-06-05,15:45,980,4.8,17031020500,,10,2.92,12.92,,,POINT (-87.684198195 42.0013132491)
17031809200,2024-06-05,15:30,2024-06-05,16:15,3110,14.7,17031980000,,30,8.67,38.67,,,POINT (-87.9030396611 41.9790708201)
17031809200,2024-06-05,9:15,2024-06-05,9:45,1980,16.1,17031980000,,30,11.85,41.85,,,POINT (-87.9030396611 41.9790708201)
17031809200,2024-06-05,9:15,2024-06-05,10:00,2802,8.6,17031031400,,15,4.15,19.15,,,POINT (-87.6453787624 41.962178629)
17031809200,2024-06-05,8:00,2024-06-05,8:15,1078,4.4,17031020802,,10,3.45,13.45,,,POINT (-87.6946307194 41.994059824)
17031809200,2024-06-05,8:00,2024-06-05,8:30,1486,6.5,17031040300,,17.5,1.68,23.18,,,POINT (-87.701941074 41.9768117505)
17031809200,2024-06-05,8:00,2024-06-05,9:00,3558,14.5,17031081800,,45,3.43,60.43,,,POINT (-87.6378442095 41.8932163595)
17031809200,2024-06-02,21:00,2024-06-02,21:15,1286,5,17031030300,,12.5,1.68,14.18,,,POINT (-87.672538401 41.9943810196)
17031809200,2024-06-02,21:00,2024-06-02,21:45,2466,19,17031081700,,25,6.84,31.84,,,POINT (-87.6318639497 41.8920421365)
17031809200,2024-06-01,11:00,2024-06-01,11:30,2011,15.9,17031980000,,27.5,10.4,43.9,,,POINT (-87.9030396611 41.9790708201)
17031809200,2024-06-01,11:00,2024-06-01,12:00,3472,20,17031410700,,22.5,5.15,27.65,,,POINT (-87.5941966274 41.7980417164)
17031809200,2024-06-01,11:00,2024-06-01,11:45,2428,10,17031240500,,20,3.93,27.93,,,POINT (-87.6836429218 41.9119723006)
17031809200,2024-05-31,22:15,2024-05-31,22:30,899,3.6,17031010702,,10,1.68,11.68,,,POINT (-87.6727239593 42.0090182269)
17031809200,2024-05-31,22:15,2024-05-31,22:45,2012,17.6,17031833000,,25,1.68,26.68,,,POINT (-87.6572331997 41.8852813201)
17031809200,2024-05-31,21:15,2024-05-31,21:45,2079,9.4,17031062100,,20,4.89,24.89,,,POINT (-87.6517705068 41.9426918444)
17031809200,2024-05-31,21:15,2024-05-31,21:30,1610,14.6,17031221300,,20,5.61,25.61,,,POINT (-87.6997544065 41.9211259143)
17031809200,2024-05-31,21:15,2024-05-31,21:30,1167,5.3,17031030200,,12.5,3.95,16.45,,,POINT (-87.6652247765 41.9944422482)
17031809200,2024-05-31,21:15,2024-05-31,21:45,1864,10.5,17031070300,,20,4.96,24.96,,,POINT (-87.6513108767 41.9290469366)
17031809200,2024-05-30,22:15,2024-05-30,22:30,1331,6.5,17031031000,,15,4.12,22.12,,,POINT (-87.6711095263 41.9724370811)
17031809200,2024-05-30,22:00,2024-05-30,22:30,1737,8.4,17031831900,,22.5,4.54,32.04,,,POINT (-87.6687944391 41.9451704528)
17031809200,2024-05-30,22:00,2024-05-30,22:30,2207,10.6,17031832600,,22.5,1.68,24.18,,,POINT (-87.6540070286 41.9147473049)
17031809200,2024-05-30,22:00,2024-05-30,22:30,1612,9.9,17031062900,,25,4.66,29.66,,,POINT (-87.6564115308 41.9362371791)
17031809200,2024-05-30,22:00,2024-05-30,22:30,1722,8.1,17031061100,,17.5,1.68,19.18,,,POINT (-87.6568039088 41.9491397709)
17031809200,2024-05-30,18:30,2024-05-30,19:30,3805,23.5,17031691200,,35,3.23,38.23,,,POINT (-87.632184554 41.7544341714)
17031809200,2024-05-30,18:30,2024-05-30,18:45,1290,5,17031010501,,17.5,1.68,20.18,,,POINT (-87.6639582144 42.0094125471)
17031809200,2024-05-30,18:30,2024-05-30,19:45,5328,15.3,17031320400,,42.5,11.35,66.85,,,POINT (-87.6219716519 41.8774061234)
17031809200,2024-05-29,6:15,2024-05-29,6:15,690,4.3,17031010300,,10,2.57,12.57,,,POINT (-87.6665362779 42.0159343756)
17031809200,2024-05-29,6:15,2024-05-29,7:00,2465,12.6,17031231500,,20,6.16,26.16,,,POINT (-87.7186707951 41.8917542026)
17031809200,2024-05-29,6:15,2024-05-29,6:45,1794,16.3,17031980000,,32.5,12.83,45.33,,,POINT (-87.9030396611 41.9790708201)
17031809200,2024-05-28,17:15,2024-05-28,17:45,2258,6.8,17031030703,,30,1.68,38.68,,,POINT (-87.6578712629 41.9788750584)
17031809200,2024-05-28,17:15,2024-05-28,17:45,1378,5.1,17031010501,,25,1.68,26.68,,,POINT (-87.6639582144 42.0094125471)
17031809200,2024-05-27,22:00,2024-05-27,22:45,2694,29,17031431400,,32.5,5.25,37.75,,,POINT (-87.551994147 41.7559614313)
17031809200,2024-05-27,22:00,2024-05-27,22:15,1482,14.8,17031221400,,20,4.13,24.13,,,POINT (-87.6945323419 41.9208017043)
17031809200,2024-05-27,19:00,2024-05-27,19:45,2608,14.2,17031320400,,37.5,3.43,45.93,,,POINT (-87.6219716519 41.8774061234)
17031809200,2024-05-27,19:00,2024-05-27,19:45,2224,13,17031081402,,27.5,6.08,33.58,,,POINT (-87.6129454143 41.8919715078)
17031809200,2024-05-27,19:00,2024-05-27,19:45,2733,14.2,17031320400,,40,7.58,56.58,,,POINT (-87.6219716519 41.8774061234)
17031809200,2024-05-27,11:00,2024-05-27,11:30,1428,6.1,17031020802,,,,,,,POINT (-87.6946307194 41.994059824)
17031809200,2024-05-26,0:15,2024-05-26,0:30,718,3.9,17031010202,,10,3.82,13.82,,,POINT (-87.6733337784 42.0160464924)
17031809200,2024-05-26,0:15,2024-05-26,0:15,644,3.6,17031010702,,10,3.79,15.79,,,POINT (-87.6727239593 42.0090182269)
17031809200,2024-05-26,0:15,2024-05-26,0:45,1410,18.8,17031081700,,25,4.92,34.92,,,POINT (-87.6318639497 41.8920421365)
17031809200,2024-05-26,0:15,2024-05-26,0:30,552,2.6,17031020200,,7.5,3.52,11.02,,,POINT (-87.6996630419 42.0156967498)
17031809200,2024-05-25,22:30,2024-05-25,22:45,818,4.6,17031010501,,12.5,4.22,16.72,,,POINT (-87.6639582144 42.0094125471)
17031809200,2024-05-25,22:30,2024-05-25,23:00,1957,17.9,17031833000,,22.5,7.04,29.54,,,POINT (-87.6572331997 41.8852813201)
17031809200,2024-05-25,22:30,2024-05-25,23:00,1764,9.4,17031062100,,20,1.68,21.68,,,POINT (-87.6517705068 41.9426918444)
17031809200,2024-05-25,22:30,2024-05-25,23:15,2706,17.1,17031252000,,30,1.68,31.68,,,POINT (-87.7698815509 41.88366198)
17031809200,2024-05-25,21:15,2024-05-25,21:30,1443,11.5,17031151002,,15,5.59,20.59,,,POINT (-87.7471543225 41.9424881553)
17031809200,2024-05-25,21:15,2024-05-25,21:45,1593,8.3,17031830700,,20,5.56,29.56,,,POINT (-87.6603894557 41.958055933)
17031809200,2024-05-25,21:15,2024-05-25,21:45,2019,10.4,17031221300,,22.5,1.68,24.18,,,POINT (-87.6997544065 41.9211259143)
17031809200,2024-05-25,20:00,2024-05-25,20:00,532,3,17031010201,,10,1.68,13.68,,,POINT (-87.680162272 42.0160105638)
17031809200,2024-05-25,20:00,2024-05-25,20:15,880,4.1,17031020602,,15,1.68,16.68,,,POINT (-87.6936374936 42.0013159243)
17031809200,2024-05-25,20:00,2024-05-25,20:45,2735,16.2,17031251800,,22.5,8.16,30.66,,,POINT (-87.7478743394 41.8841446699)
17031809200,2024-05-24,21:15,2024-05-24,21:30,820,4,17031010600,,12.5,3.57,16.07,,,POINT (-87.6676836101 42.0062788614)
17031809200,2024-05-24,21:15,2024-05-24,21:45,2114,18.1,17031980000,,30,11.4,41.4,,,POINT (-87.9030396611 41.9790708201)
17031809200,2024-05-24,21:15,2024-05-24,21:45,1896,13.6,17031221300,,30,1.68,31.68,,,POINT (-87.6997544065 41.9211259143)
17031809200,2024-05-24,18:30,2024-05-24,19:15,2998,14.6,17031320100,,32.5,3.43,35.93,,,POINT (-87.6209929134 41.8849871918)
17031809200,2024-05-24,18:30,2024-05-24,19:30,3689,17.3,17031330100,,27.5,11.25,38.75,,,POINT (-87.6173580061 41.859349715)
17031809200,2024-05-24,18:30,2024-05-24,19:30,3550,20.7,17031841500,,22.5,8.23,30.73,,,POINT (-87.7078663416 41.8615808621)
17031809200,2024-05-24,17:15,2024-05-24,18:00,2619,10.9,17031070300,,22.5,6.97,29.47,,,POINT (-87.6513108767 41.9290469366)
17031809200,2024-05-24,17:15,2024-05-24,17:30,968,3.7,17031010702,,12.5,3.97,16.47,,,POINT (-87.6727239593 42.0090182269)
17031809200,2024-05-24,17:15,2024-05-24,17:45,2296,8.7,17031050200,,12.5,6.04,18.54,,,POINT (-87.683718102 41.957735565)
17031809200,2024-05-24,16:15,2024-05-24,17:30,3977,13.9,17031320100,,27.5,9.15,36.65,,,POINT (-87.6209929134 41.8849871918)
17031809200,2024-05-24,16:15,2024-05-24,16:45,1034,5.5,17031120300,,15,4.35,19.35,,,POINT (-87.7400551895 41.991119555)
17031809200,2024-05-24,16:15,2024-05-24,17:00,2798,16.8,17031980000,,40,11.37,51.37,,,POINT (-87.9030396611 41.9790708201)
17031809200,2024-05-24,16:15,2024-05-24,17:00,2837,6.9,17031020100,,15,4.98,19.98,,,POINT (-87.6871159899 42.0157199072)
17031809200,2024-05-23,19:15,2024-05-23,19:30,889,4.3,17031010501,,7.5,3.43,10.93,,,POINT (-87.6639582144 42.0094125471)
17031809200,2024-05-23,19:15,2024-05-23,19:30,911,5,17031010501,,12.5,1.68,15.18,,,POINT (-87.6639582144 42.0094125471)
17031809200,2024-05-23,19:00,2024-05-23,19:30,1594,6.4,17031830600,,10,2.03,12.03,,,POINT (-87.6735740325 42.0016981937)
17031809200,2024-05-23,19:00,2024-05-23,19:45,2789,13.2,17031081401,,27.5,7.55,35.05,,,POINT (-87.6197106717 41.8950334495)
17031809200,2024-05-23,15:00,2024-05-23,15:15,1479,5.5,17031010503,,22.5,1.68,24.18,,,POINT (-87.6631267998 42.0003203059)
17031809200,2024-05-23,15:00,2024-05-23,15:15,899,3.6,17031010202,,10,2.74,12.74,,,POINT (-87.6733337784 42.0160464924)
17031809200,2024-05-23,7:45,2024-05-23,8:15,2324,7.9,17031032100,,15,4.87,19.87,,,POINT (-87.6530217894 41.9581548757)
17031809200,2024-05-23,7:45,2024-05-23,8:15,1710,6.3,17031030703,,15,4.29,19.29,,,POINT (-87.6578712629 41.9788750584)
17031809200,2024-05-22,17:15,2024-05-22,18:00,3149,7.7,17031030703,,32.5,1.68,41.18,,,POINT (-87.6578712629 41.9788750584)
17031809200,2024-05-22,17:15,2024-05-22,18:00,2876,7.3,17031031700,,25,1.68,26.68,,,POINT (-87.6631958495 41.9654457842)
17031809200,2024-05-22,17:15,2024-05-22,18:15,3480,13.7,17031081800,,27.5,9.7,37.2,,,POINT (-87.6378442095 41.8932163595)
17031809200,2024-05-22,8:15,2024-05-22,8:45,1809,9.8,17031150300,,25,1.68,26.68,,,POINT (-87.7622859818 41.9605182177)
17031809200,2024-05-22,8:15,2024-05-22,8:30,911,4.6,17031010600,,12.5,3.44,15.94,,,POINT (-87.6676836101 42.0062788614)
17031809200,2024-05-21,23:15,2024-05-21,23:45,1961,24.1,17031842600,,27.5,5.74,33.24,,,POINT (-87.6516929533 41.8162234797)
17031809200,2024-05-21,23:15,2024-05-21,23:30,885,5.2,17031020901,,12.5,1.68,14.18,,,POINT (-87.6860768812 41.9942252345)
17031809200,2024-05-21,23:15,2024-05-21,23:30,644,4.1,17031010300,,7.5,3.1,10.6,,,POINT (-87.6665362779 42.0159343756)
17031809200,2024-05-20,17:15,2024-05-20,17:45,1109,3.5,17031010100,,7.5,3.01,10.51,,,POINT (-87.6698247721 42.0212235931)
17031809200,2024-05-20,8:15,2024-05-20,8:30,834,4.5,17031010600,,12.5,2.54,15.04,,,POINT (-87.6676836101 42.0062788614)
17031809200,2024-05-20,8:15,2024-05-20,8:45,2269,16.4,17031980000,,37.5,12.08,49.58,,,POINT (-87.9030396611 41.9790708201)
17031809200,2024-05-19,19:30,2024-05-19,20:30,2791,13.8,17031838000,,27.5,1.68,29.18,,,POINT (-87.6806541164 41.8773834707)
17031809200,2024-05-19,19:30,2024-05-19,19:45,460,2.7,17031020302,,10,3.35,13.35,,,POINT (-87.6949637498 42.0085407611)
17031809200,2024-05-19,8:45,2024-05-19,9:00,725,4.3,17031010702,,10,2.49,12.49,,,POINT (-87.6727239593 42.0090182269)
17031809200,2024-05-19,8:45,2024-05-19,9:00,962,5,17031020500,,10,2.55,12.55,,,POINT (-87.684198195 42.0013132491)
17031809200,2024-05-19,6:45,2024-05-19,6:45,583,2.9,17031020302,,15,3.1,18.1,,,POINT (-87.6949637498 42.0085407611)
17031809200,2024-05-18,21:30,2024-05-18,22:00,1888,9.8,17031062100,,20,1.68,26.68,,,POINT (-87.6517705068 41.9426918444)
17031809200,2024-05-18,21:30,2024-05-18,21:45,794,3.4,17031010202,,12.5,3.62,16.12,,,POINT (-87.6733337784 42.0160464924)
17031809200,2024-05-18,21:30,2024-05-18,21:45,1055,5.2,17031010400,,20,1.68,21.68,,,POINT (-87.659122427 42.004764559)
17031809200,2024-05-18,17:45,2024-05-18,19:30,5575,15.7,17031081403,,,,,,,POINT (-87.6188683546 41.8909220259)
17031809200,2024-05-18,17:45,2024-05-18,18:30,2574,8.7,17031062200,,17.5,6.01,29.51,,,POINT (-87.6566440918 41.9425851797)
17031809200,2024-05-18,17:45,2024-05-18,18:30,2686,8.5,17031062200,,30,6.7,43.7,,,POINT (-87.6566440918 41.9425851797)
17031809200,2024-05-15,17:00,2024-05-15,18:00,3789,15.5,17031243300,,27.5,3.2,30.7,,,POINT (-87.6647458359 41.8924931672)
17031809200,2024-05-15,17:00,2024-05-15,17:45,3091,13.5,17031320100,,30,6.99,36.99,,,POINT (-87.6209929134 41.8849871918)
17031809200,2024-05-13,17:15,2024-05-13,17:30,893,3.3,17031020200,,12.5,1.68,14.18,,,POINT (-87.6996630419 42.0156967498)
17031809200,2024-05-13,17:15,2024-05-13,17:45,2504,13.5,17031081500,,25,9.76,34.76,,,POINT (-87.6262149064 41.8925077809)
17031809200,2024-05-13,17:15,2024-05-13,17:30,1097,3.8,17031010702,,10,4.88,16.88,,,POINT (-87.6727239593 42.0090182269)
17031809200,2024-05-13,13:45,2024-05-13,14:00,914,3.8,17031020302,,7.5,2.65,10.15,,,POINT (-87.6949637498 42.0085407611)
17031809200,2024-05-12,13:45,2024-05-12,14:30,3176,15.4,17031081300,,,,,,,POINT (-87.6207628651 41.8983317935)
17031809200,2024-05-12,13:45,2024-05-12,14:00,798,3.4,17031010202,,7.5,2.72,11.22,,,POINT (-87.6733337784 42.0160464924)
17031809200,2024-05-11,22:45,2024-05-11,23:15,1019,4.4,17031010600,,7.5,3.94,11.44,,,POINT (-87.6676836101 42.0062788614)
17031809200,2024-05-11,22:45,2024-05-11,23:00,849,4.9,17031020901,,12.5,1.68,14.18,,,POINT (-87.6860768812 41.9942252345)
17031809200,2024-05-11,22:45,2024-05-11,23:15,1671,9,17031032100,,17.5,5,22.5,,,POINT (-87.6530217894 41.9581548757)
17031809200,2024-05-11,21:15,2024-05-11,21:30,590,3,17031010201,,7.5,3.35,10.85,,,POINT (-87.680162272 42.0160105638)
17031809200,2024-05-11,21:15,2024-05-11,21:30,806,4.2,17031010702,,10,3.8,13.8,,,POINT (-87.6727239593 42.0090182269)
17031809200,2024-05-11,21:15,2024-05-11,21:45,1872,13.1,17031081700,,20,5.9,25.9,,,POINT (-87.6318639497 41.8920421365)
17031809200,2024-05-11,21:15,2024-05-11,21:45,1171,5.2,17031010400,,12.5,1.68,16.18,,,POINT (-87.659122427 42.004764559)
17031809200,2024-05-11,21:15,2024-05-11,21:45,1836,14.6,17031221300,,20,5.62,25.62,,,POINT (-87.6997544065 41.9211259143)
17031809200,2024-05-11,20:45,2024-05-11,21:30,2291,15.5,17031220300,,22.5,1.42,23.92,,,POINT (-87.6950866748 41.9284649843)
17031809200,2024-05-11,20:45,2024-05-11,21:00,849,4.8,17031130100,,10,1.52,11.52,,,POINT (-87.7239678299 41.9900642527)
17031809200,2024-05-11,20:45,2024-05-11,21:30,2997,12.8,17031833000,,25,1.68,26.68,,,POINT (-87.6572331997 41.8852813201)
17031809200,2024-05-11,20:45,2024-05-11,21:15,2064,17.4,17031833000,,20,6.11,26.11,,,POINT (-87.6572331997 41.8852813201)
17031809200,2024-05-11,10:45,2024-05-11,11:45,4480,30.9,17031750100,,40,5.71,45.71,,,POINT (-87.652031202 41.6958343746)
17031809200,2024-05-11,10:45,2024-05-11,11:00,560,3,17031810301,,10,1.68,11.68,,,
17031809200,2024-05-10,20:45,2024-05-10,21:30,2357,17.8,17031351000,,25,6.18,35.18,,,POINT (-87.6108347373 41.8346735981)
17031809200,2024-05-10,20:45,2024-05-10,21:00,968,4,17031010501,,10,3.5,13.5,,,POINT (-87.6639582144 42.0094125471)
17031809200,2024-05-10,20:00,2024-05-10,20:15,1103,4.8,17031010501,,12.5,1.68,15.18,,,POINT (-87.6639582144 42.0094125471)
17031809200,2024-05-10,20:00,2024-05-10,21:00,3115,26.3,17031730201,,45,7.96,52.96,,,POINT (-87.6578992921 41.7268354017)
17031809200,2024-05-09,20:30,2024-05-09,21:00,2065,11.8,17031230700,,25,1.68,26.68,,,POINT (-87.7215382944 41.9063227109)
17031809200,2024-05-09,20:30,2024-05-09,21:15,1969,13.4,17031081500,,22.5,7,29.5,,,POINT (-87.6262149064 41.8925077809)
17031809200,2024-05-08,16:15,2024-05-08,17:15,3245,15.1,17031980000,,27.5,12.03,39.53,,,POINT (-87.9030396611 41.9790708201)
17031809200,2024-05-08,16:15,2024-05-08,17:00,2096,6.1,17031040402,,15,5.13,20.13,,,POINT (-87.6788459662 41.9725625375)
17031809200,2024-05-07,20:30,2024-05-07,21:15,2474,15.6,17031320600,,25,7.11,32.11,,,POINT (-87.6221729369 41.8706073724)
17031809200,2024-05-07,19:45,2024-05-07,20:00,923,4.8,17031010502,,7.5,2.56,13.06,,,POINT (-87.6633278588 42.0045174875)
17031809200,2024-05-07,19:45,2024-05-07,20:15,1783,9.9,17031063200,,22.5,3.98,31.48,,,POINT (-87.6385749205 41.9383912577)
17031809200,2024-05-07,13:15,2024-05-07,13:30,1387,7.1,17031031700,,20,3.62,23.62,,,POINT (-87.6631958495 41.9654457842)
17031809200,2024-05-07,13:15,2024-05-07,13:30,927,4.5,17031010502,,7.5,1.93,9.43,,,POINT (-87.6633278588 42.0045174875)
17031809200,2024-05-07,12:00,2024-05-07,12:15,621,2.9,17031010201,,7.5,2.46,9.96,,,POINT (-87.680162272 42.0160105638)
17031809200,2024-05-07,12:00,2024-05-07,13:00,2995,13.7,17031838200,,32.5,1.68,34.18,,,POINT (-87.6750856208 41.8704150003)
17031809200,2024-05-06,17:15,2024-05-06,17:45,2165,7.9,17031032100,,17.5,5.56,23.06,,,POINT (-87.6530217894 41.9581548757)
17031809200,2024-05-06,17:15,2024-05-06,17:45,1220,5.2,17031010501,,15,1.68,17.68,,,POINT (-87.6639582144 42.0094125471)
17031809200,2024-05-06,13:45,2024-05-06,14:00,1170,4.7,17031030300,,7.5,1.96,9.46,,,POINT (-87.672538401 41.9943810196)
17031809200,2024-05-05,7:15,2024-05-05,7:45,1764,15.2,17031980000,,32.5,6.99,39.49,,,POINT (-87.9030396611 41.9790708201)
17031809200,2024-05-05,7:15,2024-05-05,7:45,1647,15.8,17031980000,,25,23.42,48.42,,,POINT (-87.9030396611 41.9790708201)
17031809200,2024-05-05,0:00,2024-05-05,0:15,1103,6,17031040100,,12.5,4.37,16.87,,,POINT (-87.681993542 41.9833308063)
17031809200,2024-05-05,0:00,2024-05-05,0:30,1096,3.6,17031010702,,17.5,3.61,24.11,,,POINT (-87.6727239593 42.0090182269)
17031809200,2024-05-05,0:00,2024-05-05,0:15,1197,5.5,17031010701,,17.5,4.8,22.3,,,POINT (-87.67861897 42.0091500631)
17031809200,2024-05-05,0:00,2024-05-05,0:15,676,3.6,17031020400,,7.5,3.69,11.19,,,POINT (-87.6859131333 42.0084870082)
17031809200,2024-05-04,22:30,2024-05-04,22:45,984,4.4,17031010501,,12.5,3.77,16.27,,,POINT (-87.6639582144 42.0094125471)
17031809200,2024-05-04,22:30,2024-05-04,22:45,759,4.2,17031010702,,10,3.8,13.8,,,POINT (-87.6727239593 42.0090182269)
17031809200,2024-05-04,22:30,2024-05-04,23:00,1039,4.6,17031010502,,17.5,1.68,19.18,,,POINT (-87.6633278588 42.0045174875)
17031809200,2024-05-04,21:00,2024-05-04,21:45,2975,23.1,17031431302,,35,8.54,43.54,,,POINT (-87.5628473838 41.7584079022)
17031809200,2024-05-04,21:00,2024-05-04,21:15,919,5.1,17031010600,,30,4.63,41.63,,,POINT (-87.6676836101 42.0062788614)
17031809200,2024-05-04,21:00,2024-05-04,21:15,679,3,17031010201,,10,1.68,11.68,,,POINT (-87.680162272 42.0160105638)
17031809200,2024-05-04,20:30,2024-05-04,20:45,1363,4.3,17031020602,,12.5,1.68,14.18,,,POINT (-87.6936374936 42.0013159243)
17031809200,2024-05-04,20:30,2024-05-04,21:15,2778,19.5,17031390100,,32.5,1.68,34.18,,,POINT (-87.5935612875 41.8132012947)
17031809200,2024-05-04,20:30,2024-05-04,20:45,803,4.3,17031020500,,7.5,3.84,14.34,,,POINT (-87.684198195 42.0013132491)
17031809200,2024-05-04,18:15,2024-05-04,18:30,893,4.3,17031010300,,10,4.56,14.56,,,POINT (-87.6665362779 42.0159343756)
17031809200,2024-05-04,18:15,2024-05-04,19:15,2993,12.9,17031081700,,32.5,6.71,45.21,,,POINT (-87.6318639497 41.8920421365)
17031809200,2024-05-04,16:30,2024-05-04,17:00,1690,7.3,17031140400,,12.5,3.18,15.68,,,POINT (-87.7389372047 41.97153938)
17031809200,2024-05-04,16:30,2024-05-04,17:00,1776,8.9,17031150200,,17.5,3.65,21.15,,,POINT (-87.7524091367 41.9606756968)
17031809200,2024-05-04,16:30,2024-05-04,17:15,2729,11.3,17031063400,,20,3.67,23.67,,,POINT (-87.6467297286 41.9346591566)
17031809200,2024-05-04,14:00,2024-05-04,14:45,2758,11.8,17031842200,,22.5,4.8,31.3,,,POINT (-87.6499072264 41.9049353016)
17031809200,2024-05-04,14:00,2024-05-04,15:00,4244,17.2,17031242800,,32.5,1.68,34.18,,,POINT (-87.6891259086 41.8919483818)
17031809200,2024-05-04,14:00,2024-05-04,14:15,862,4.9,17031130100,,10,2.93,12.93,,,POINT (-87.7239678299 41.9900642527)
17031809200,2024-05-04,1:00,2024-05-04,1:30,1990,13,17031081202,,17.5,5.23,27.73,,,POINT (-87.6261455896 41.9027880476)
17031809200,2024-05-04,1:00,2024-05-04,1:30,1942,8.8,17031032100,,,,,,,POINT (-87.6530217894 41.9581548757)
17031809200,2024-05-04,1:00,2024-05-04,1:15,1617,12.5,17031081202,,17.5,6.06,23.56,,,POINT (-87.6261455896 41.9027880476)
17031809200,2024-05-04,1:00,2024-05-04,1:30,1657,13,17031081700,,20,5.78,25.78,,,POINT (-87.6318639497 41.8920421365)
17031809200,2024-05-04,1:00,2024-05-04,1:30,1718,12.5,17031081100,,25,5.2,36.2,,,POINT (-87.6291051864 41.9002212967)
17031809200,2024-05-04,1:00,2024-05-04,1:15,548,3.5,17031020200,,7.5,3.39,13.89,,,POINT (-87.6996630419 42.0156967498)
17031809200,2024-05-04,1:00,2024-05-04,1:30,1639,10.3,17031070200,,22.5,5.17,31.67,,,POINT (-87.6462934762 41.9290776551)
17031809200,2024-05-04,1:00,2024-05-04,1:30,1861,14.6,17031320400,,20,5.87,25.87,,,POINT (-87.6219716519 41.8774061234)
17031809200,2024-05-04,1:00,2024-05-04,1:30,1941,19,17031281900,,22.5,7.27,35.77,,,POINT (-87.642648998 41.8792550844)
17031809200,2024-05-04,1:00,2024-05-04,1:45,2169,14.9,17031320100,,25,6.08,31.08,,,POINT (-87.6209929134 41.8849871918)
17031809200,2024-05-04,0:45,2024-05-04,1:15,1526,10.3,17031062200,,17.5,4.95,22.45,,,POINT (-87.6566440918 41.9425851797)
17031809200,2024-05-04,0:45,2024-05-04,1:00,1363,8.6,17031062300,,20,1.68,25.68,,,POINT (-87.6614433685 41.9416281)
17031809200,2024-05-04,0:45,2024-05-04,1:15,1765,13.2,17031081403,,22.5,5.54,34.04,,,POINT (-87.6188683546 41.8909220259)
17031809200,2024-05-04,0:45,2024-05-04,1:00,1525,16.3,17031222200,,30,6.37,36.37,,,POINT (-87.6838259399 41.9159097884)
17031809200,2024-05-04,0:45,2024-05-04,1:15,1852,13.6,17031081500,,27.5,1.68,29.18,,,POINT (-87.6262149064 41.8925077809)
17031809200,2024-05-04,0:45,2024-05-04,1:30,2380,14,17031081700,,25,6.02,31.02,,,POINT (-87.6318639497 41.8920421365)
17031809200,2024-05-04,0:45,2024-05-04,1:30,2096,13.4,17031320100,,20,5.58,25.58,,,POINT (-87.6209929134 41.8849871918)
17031809200,2024-05-04,0:45,2024-05-04,1:00,912,4.7,17031010501,,10,8.33,21.33,,,POINT (-87.6639582144 42.0094125471)
17031809200,2024-05-04,0:30,2024-05-04,0:45,1427,8.2,17031060300,,25,5.51,30.51,,,POINT (-87.671332488 41.9506052324)
17031809200,2024-05-04,0:30,2024-05-04,1:00,1612,13.2,17031081600,,35,6.23,41.23,,,POINT (-87.6288741572 41.8920726347)
17031809200,2024-05-04,0:30,2024-05-04,1:15,2505,14.5,17031081500,,25,5.48,30.48,,,POINT (-87.6262149064 41.8925077809)
17031809200,2024-05-04,0:30,2024-05-04,1:00,1686,10.2,17031240600,,25,1.68,26.68,,,POINT (-87.6897112748 41.91213208)
17031809200,2024-05-04,0:30,2024-05-04,0:45,1377,15.1,17031830900,,22.5,1.68,24.18,,,POINT (-87.685362024 41.9286190509)
17031809200,2024-05-04,0:30,2024-05-04,1:15,2207,19.7,17031842300,,30,1.68,31.68,,,POINT (-87.6536139825 41.8983058696)
17031809200,2024-05-04,0:30,2024-05-04,1:00,1547,16.9,17031242300,,22.5,8.01,30.51,,,POINT (-87.6796002867 41.8995065476)
17031809200,2024-05-04,0:30,2024-05-04,1:00,1961,14.1,17031320100,,27.5,1.68,34.18,,,POINT (-87.6209929134 41.8849871918)
17031809200,2024-05-04,0:30,2024-05-04,1:00,1904,13.2,17031081700,,22.5,6.01,28.51,,,POINT (-87.6318639497 41.8920421365)
17031809200,2024-05-04,0:30,2024-05-04,1:15,2590,14.4,17031320100,,22.5,6.14,28.64,,,POINT (-87.6209929134 41.8849871918)
17031809200,2024-05-04,0:30,2024-05-04,1:00,1540,12,17031080300,,17.5,5.36,22.86,,,POINT (-87.6357600901 41.9074919303)
17031809200,2024-05-04,0:30,2024-05-04,1:00,2233,15.2,17031320600,,30,1.68,31.68,,,POINT (-87.6221729369 41.8706073724)
17031809200,2024-05-04,0:15,2024-05-04,0:45,1807,21.3,17031283800,,25,6.82,31.82,,,POINT (-87.6537566193 41.8634226841)
17031809200,2024-05-04,0:15,2024-05-04,0:30,1433,12.3,17031081300,,22.5,1.68,28.18,,,POINT (-87.6207628651 41.8983317935)
17031809200,2024-05-04,0:15,2024-05-04,0:45,2242,14.6,17031320100,,25,6.19,31.19,,,POINT (-87.6209929134 41.8849871918)
17031809200,2024-05-04,0:15,2024-05-04,1:00,1911,13,17031081700,,35,6.6,41.6,,,POINT (-87.6318639497 41.8920421365)
17031809200,2024-05-04,0:15,2024-05-04,0:45,2172,10.7,17031832500,,17.5,5.62,23.12,,,POINT (-87.6640782395 41.9218774613)
17031809200,2024-05-04,0:15,2024-05-04,0:45,1652,12.4,17031081300,,25,5.39,30.39,,,POINT (-87.6207628651 41.8983317935)
17031809200,2024-05-04,0:15,2024-05-04,1:15,3211,15.3,17031839100,,37.5,7.44,58.94,,,POINT (-87.6327464887 41.8809944707)
17031809200,2024-05-04,0:15,2024-05-04,0:45,1563,16.6,17031240500,,20,5.8,25.8,,,POINT (-87.6836429218 41.9119723006)
17031809200,2024-05-04,0:00,2024-05-04,1:00,4067,22.2,17031081401,,45,6.93,51.93,,,POINT (-87.6197106717 41.8950334495)
17031809200,2024-05-04,0:00,2024-05-04,0:30,1892,12.3,17031080202,,22.5,1.68,24.18,,,POINT (-87.6308650266 41.9058577688)
17031809200,2024-05-04,0:00,2024-05-04,0:30,1938,13.2,17031081403,,32.5,5.37,42.87,,,POINT (-87.6188683546 41.8909220259)
17031809200,2024-05-04,0:00,2024-05-04,0:30,1807,13.9,17031081500,,22.5,1.68,26.18,,,POINT (-87.6262149064 41.8925077809)
17031809200,2024-05-04,0:00,2024-05-04,0:30,1691,9.9,17031062000,,15,4.34,22.34,,,POINT (-87.6470785093 41.942577185)
17031809200,2024-05-04,0:00,2024-05-04,0:30,1818,13.1,17031081401,,40,1.68,42.68,,,POINT (-87.6197106717 41.8950334495)
17031809200,2024-05-04,0:00,2024-05-04,0:45,2104,12.8,17031070700,,22.5,5.16,27.66,,,POINT (-87.6738072384 41.9292725315)
17031809200,2024-05-04,0:00,2024-05-04,0:30,1818,16.4,17031241200,,22.5,4.96,31.46,,,POINT (-87.6846859492 41.9067077917)
17031809200,2024-05-04,0:00,2024-05-04,0:30,2135,18.5,17031842300,,25,5.77,30.77,,,POINT (-87.6536139825 41.8983058696)
17031809200,2024-05-04,0:00,2024-05-04,0:15,1516,8.2,17031831900,,20,1.68,21.68,,,POINT (-87.6687944391 41.9451704528)
17031809200,2024-05-04,0:00,2024-05-04,0:15,1490,12.1,17031080202,,22.5,4.49,30.99,,,POINT (-87.6308650266 41.9058577688)
17031809200,2024-05-04,0:00,2024-05-04,0:30,1670,13.8,17031320100,,20,4.86,24.86,,,POINT (-87.6209929134 41.8849871918)
17031809200,2024-05-04,0:00,2024-05-04,0:45,1879,13,17031081700,,22.5,5.09,29.59,,,POINT (-87.6318639497 41.8920421365)
17031809200,2024-05-03,23:45,2024-05-04,0:15,1788,17,17031241400,,20,5.04,25.04,,,POINT (-87.6753116216 41.906025969)
17031809200,2024-05-03,23:45,2024-05-04,0:15,1891,11.9,17031070400,,17.5,4.56,26.06,,,POINT (-87.6561568309 41.9289672664)
17031809200,2024-05-03,23:45,2024-05-04,0:15,1792,13.9,17031081403,,30,4.85,34.85,,,POINT (-87.6188683546 41.8909220259)
17031809200,2024-05-03,23:45,2024-05-04,0:30,2223,15.1,17031839000,,20,5.3,25.3,,,POINT (-87.6314065252 41.8710158803)
17031809200,2024-05-03,23:45,2024-05-04,0:15,1621,12.4,17031081201,,20,1.68,25.68,,,POINT (-87.6262105324 41.8991556134)
17031809200,2024-05-03,23:45,2024-05-04,0:45,2786,15.1,17031243200,,32.5,1.68,34.18,,,POINT (-87.6696239301 41.8924331563)
17031809200,2024-05-03,23:45,2024-05-04,0:15,1976,16.8,17031240600,,22.5,5.26,27.76,,,POINT (-87.6897112748 41.91213208)
17031809200,2024-05-03,23:45,2024-05-04,0:15,1532,8.3,17031061100,,15,4.19,22.19,,,POINT (-87.6568039088 41.9491397709)
17031809200,2024-05-03,23:45,2024-05-04,0:15,1909,12.3,17031081202,,25,4.55,35.55,,,POINT (-87.6261455896 41.9027880476)
17031809200,2024-05-03,23:45,2024-05-04,0:15,2192,10.5,17031832500,,17.5,5.09,28.59,,,POINT (-87.6640782395 41.9218774613)
17031809200,2024-05-03,23:45,2024-05-04,0:15,1077,6.1,17031040202,,12.5,3.86,16.36,,,POINT (-87.6940960217 41.9798553089)
17031809200,2024-05-03,23:30,2024-05-04,0:15,2158,14,17031241200,,25,1.68,26.68,,,POINT (-87.6846859492 41.9067077917)
17031809200,2024-05-03,23:30,2024-05-04,0:00,2314,12.9,17031081700,,40,1.68,41.68,,,POINT (-87.6318639497 41.8920421365)
17031809200,2024-05-03,23:30,2024-05-04,0:15,1984,13.1,17031081700,,27.5,1.68,34.18,,,POINT (-87.6318639497 41.8920421365)
17031809200,2024-05-03,23:30,2024-05-04,0:00,1760,13.4,17031081403,,17.5,4.85,25.35,,,POINT (-87.6188683546 41.8909220259)
17031809200,2024-05-03,23:30,2024-05-04,0:00,1922,13.4,17031081403,,27.5,4.78,32.28,,,POINT (-87.6188683546 41.8909220259)
17031809200,2024-05-03,23:30,2024-05-04,0:00,1552,17.6,17031242000,,20,5.24,30.24,,,POINT (-87.6649539167 41.8997373884)
17031809200,2024-05-03,23:15,2024-05-03,23:45,1755,9.7,17031063100,,20,1.68,21.68,,,POINT (-87.6467820813 41.938232293)
17031809200,2024-05-03,23:15,2024-05-03,23:45,1953,10.3,17031070500,,17.5,4.78,26.28,,,POINT (-87.6608925701 41.9289459041)
17031809200,2024-05-03,23:15,2024-05-03,23:45,1918,13,17031081500,,25,1.68,26.68,,,POINT (-87.6262149064 41.8925077809)
17031809200,2024-05-03,23:15,2024-05-03,23:45,1957,12.8,17031081401,,25,4.73,29.73,,,POINT (-87.6197106717 41.8950334495)
17031809200,2024-05-03,23:00,2024-05-03,23:15,1424,7.7,17031032100,,12.5,4.21,16.71,,,POINT (-87.6530217894 41.9581548757)
17031809200,2024-05-03,23:00,2024-05-03,23:15,1709,11.6,17031071100,,30,4.65,34.65,,,POINT (-87.6510618838 41.9217781876)
17031809200,2024-05-03,23:00,2024-05-03,23:15,1497,8.8,17031062700,,35,1.68,36.68,,,POINT (-87.6661106945 41.9360865352)
17031809200,2024-05-03,23:00,2024-05-03,23:30,2099,13,17031081700,,30,5.66,35.66,,,POINT (-87.6318639497 41.8920421365)
17031809200,2024-05-03,22:00,2024-05-03,22:30,2319,10.9,17031241100,,40,1.68,41.68,,,POINT (-87.6895798343 41.9066385418)
17031809200,2024-05-03,22:00,2024-05-03,22:30,1668,9.3,17031210700,,22.5,1.68,24.18,,,POINT (-87.7038545435 41.9357064711)
17031809200,2024-05-03,22:00,2024-05-03,23:00,4366,36.4,17031500200,,32.5,2.3,34.8,,,POINT (-87.600092686 41.7008887972)
17031809200,2024-05-03,18:00,2024-05-03,19:15,4424,23.2,17031430400,,42.5,1.68,44.18,,,POINT (-87.5902857319 41.7621651218)
17031809200,2024-05-03,18:00,2024-05-03,18:15,1035,4.4,17031010300,,10,3.85,13.85,,,POINT (-87.6665362779 42.0159343756)
17031809200,2024-05-03,18:00,2024-05-03,18:00,802,3.2,17031020100,,10,1.68,11.68,,,POINT (-87.6871159899 42.0157199072)
17031809200,2024-05-03,10:00,2024-05-03,10:45,2983,15.5,17031252000,,32.5,1.68,34.18,,,POINT (-87.7698815509 41.88366198)
17031809200,2024-05-03,10:00,2024-05-03,10:15,997,4.2,17031010702,,12.5,1.68,14.18,,,POINT (-87.6727239593 42.0090182269)
17031809200,2024-05-03,10:00,2024-05-03,10:30,1132,5.2,17031020802,,10,5.6,15.6,,,POINT (-87.6946307194 41.994059824)
17031809200,2024-05-02,20:15,2024-05-02,21:00,2509,14,17031242600,,,,,,,POINT (-87.6941973701 41.9005603836)
17031809200,2024-05-02,20:15,2024-05-02,20:45,1926,15.9,17031241400,,20,5.29,25.29,,,POINT (-87.6753116216 41.906025969)
17031809200,2024-05-02,18:00,2024-05-02,19:00,3076,9.9,17031062100,,30,1.68,39.68,,,POINT (-87.6517705068 41.9426918444)
17031809200,2024-05-02,18:00,2024-05-02,18:15,1552,5.6,17031040202,,12.5,4.75,17.25,,,POINT (-87.6940960217 41.9798553089)
17031809200,2024-05-02,18:00,2024-05-02,18:15,959,3.9,17031010300,,12.5,3.94,16.44,,,POINT (-87.6665362779 42.0159343756)
17031809200,2024-05-02,13:45,2024-05-02,15:15,5248,32.2,17031540101,,37.5,5.17,42.67,,,POINT (-87.5994629948 41.6502216756)
17031809200,2024-05-02,13:45,2024-05-02,14:15,2358,17,17031980000,,35,10.64,45.64,,,POINT (-87.9030396611 41.9790708201)
17031809200,2024-05-01,17:15,2024-05-01,17:30,1042,3.2,17031010202,,12.5,1.68,14.18,,,POINT (-87.6733337784 42.0160464924)
17031809200,2024-05-01,17:15,2024-05-01,17:30,1259,2.8,17031020200,,12.5,1.68,14.18,,,POINT (-87.6996630419 42.0156967498)
17031809200,2024-05-01,15:15,2024-05-01,15:45,1078,3.9,17031010702,,10,2.92,12.92,,,POINT (-87.6727239593 42.0090182269)
17031809200,2024-05-01,15:15,2024-05-01,16:00,1942,7.3,17031031700,,25,1.68,26.68,,,POINT (-87.6631958495 41.9654457842)
17031809200,2024-05-01,15:15,2024-05-01,16:30,4170,17.7,17031770700,,40,7.59,47.59,,,POINT (-87.8773053996 41.9827750091)
17031809200,2024-04-29,6:00,2024-04-29,6:30,1937,13.6,17031081401,,30,3.43,33.43,,,POINT (-87.6197106717 41.8950334495)
17031809200,2024-04-28,22:00,2024-04-28,22:15,822,4.3,17031010702,,7.5,3.69,11.19,,,POINT (-87.6727239593 42.0090182269)
17031809200,2024-04-28,22:00,2024-04-28,22:15,1046,5,17031020901,,12.5,1.68,14.18,,,POINT (-87.6860768812 41.9942252345)
17031809200,2024-04-28,22:00,2024-04-28,22:15,887,4.1,17031010300,,12.5,1.68,17.18,,,POINT (-87.6665362779 42.0159343756)
17031809200,2024-04-28,17:45,2024-04-28,18:30,2812,27,17031834500,,35,1.68,36.68,,,POINT (-87.6221973414 41.7865020374)
17031809200,2024-04-28,17:45,2024-04-28,18:15,2215,8.8,17031060800,,17.5,1.68,19.18,,,POINT (-87.6460070664 41.9534000435)
17031809200,2024-04-28,17:45,2024-04-28,18:30,2544,16.2,17031251800,,27.5,1.68,29.18,,,POINT (-87.7478743394 41.8841446699)
17031809200,2024-04-28,17:30,2024-04-28,18:15,2215,12.9,17031833000,,25,1.68,26.68,,,POINT (-87.6572331997 41.8852813201)
17031809200,2024-04-28,17:30,2024-04-28,18:00,1934,9.8,17031832100,,17.5,1.68,19.18,,,POINT (-87.6532439924 41.9528229157)
17031809200,2024-04-27,21:45,2024-04-27,22:00,905,4.8,17031020602,,7.5,2.99,10.49,,,POINT (-87.6936374936 42.0013159243)
17031809200,2024-04-27,21:45,2024-04-27,22:30,2581,15.5,17031252000,,27.5,1.68,29.18,,,POINT (-87.7698815509 41.88366198)
17031809200,2024-04-27,21:45,2024-04-27,22:00,896,4.3,17031010702,,10,3.76,18.76,,,POINT (-87.6727239593 42.0090182269)
17031809200,2024-04-27,21:45,2024-04-27,22:15,1359,7.6,17031130200,,10,2.53,12.53,,,POINT (-87.7360839271 41.9808436155)
17031809200,2024-04-27,21:15,2024-04-27,21:45,2073,8.7,17031061000,,15,4.8,19.8,,,POINT (-87.6519703953 41.9492209135)
17031809200,2024-04-27,21:15,2024-04-27,21:45,2091,8.3,17031062200,,30,1.68,36.68,,,POINT (-87.6566440918 41.9425851797)
17031809200,2024-04-27,21:15,2024-04-27,21:45,1756,8.8,17031843700,,17.5,1.68,19.18,,,POINT (-87.6907750098 41.9448137543)
17031809200,2024-04-27,20:30,2024-04-27,21:00,1830,9.7,17031150402,,22.5,1.68,24.18,,,POINT (-87.7720438223 41.9567980899)
17031809200,2024-04-27,20:30,2024-04-27,20:45,926,3.9,17031020602,,12.5,1.68,14.18,,,POINT (-87.6936374936 42.0013159243)
17031809200,2024-04-26,22:45,2024-04-26,23:30,2635,29.4,17031431400,,32.5,7.45,39.95,,,POINT (-87.551994147 41.7559614313)
17031809200,2024-04-26,22:45,2024-04-26,23:00,854,4.2,17031010300,,15,1.68,16.68,,,POINT (-87.6665362779 42.0159343756)
17031809200,2024-04-26,22:45,2024-04-26,23:00,900,4.7,17031010502,,10,3.66,13.66,,,POINT (-87.6633278588 42.0045174875)
17031809200,2024-04-26,18:15,2024-04-26,18:30,841,3.9,17031010300,,12.5,3.71,16.21,,,POINT (-87.6665362779 42.0159343756)
17031809200,2024-04-26,18:15,2024-04-26,19:00,2968,15.4,17031330100,,27.5,1.68,29.18,,,POINT (-87.6173580061 41.859349715)
17031809200,2024-04-26,18:15,2024-04-26,18:45,1066,4.6,17031010600,,15,1.68,16.68,,,POINT (-87.6676836101 42.0062788614)
17031809200,2024-04-26,17:30,2024-04-26,18:00,1085,3.9,17031010702,,10,4.33,17.33,,,POINT (-87.6727239593 42.0090182269)
17031809200,2024-04-26,17:30,2024-04-26,17:45,1103,4.5,17031010300,,10,4.08,14.08,,,POINT (-87.6665362779 42.0159343756)
17031809200,2024-04-26,17:30,2024-04-26,18:15,2311,15.1,17031980000,,30,13.11,43.11,,,POINT (-87.9030396611 41.9790708201)
17031809200,2024-04-25,20:30,2024-04-25,20:45,1277,5,17031010502,,10,3.55,13.55,,,POINT (-87.6633278588 42.0045174875)
17031809200,2024-04-25,20:30,2024-04-25,20:45,900,4.6,17031020902,,7.5,3.48,10.98,,,POINT (-87.6786882109 41.9942660943)
17031809200,2024-04-25,14:15,2024-04-25,14:30,1205,5.9,17031010502,,15,1.05,19.05,,,POINT (-87.6633278588 42.0045174875)
17031809200,2024-04-25,14:15,2024-04-25,14:30,1116,6.4,17031120200,,15,1.68,16.68,,,POINT (-87.7575974858 41.9944980381)
17031809200,2024-04-25,4:30,2024-04-25,5:00,1671,19.2,17031980000,,22.5,9.76,32.26,,,POINT (-87.9030396611 41.9790708201)
17031809200,2024-04-24,20:30,2024-04-24,21:00,2018,23.9,17031252202,,32.5,6.3,38.8,,,POINT (-87.7445755674 41.8767621307)
17031809200,2024-04-24,20:30,2024-04-24,21:00,1549,7.4,17031060200,,17.5,1.68,19.18,,,POINT (-87.671518011 41.9579038971)
17031809200,2024-04-24,20:30,2024-04-24,21:00,1809,20,17031310200,,27.5,1.68,29.18,,,POINT (-87.644209287 41.856309817)
17031809200,2024-04-24,15:30,2024-04-24,16:00,2380,12.8,17031080300,,22.5,3.43,25.93,,,POINT (-87.6357600901 41.9074919303)
17031809200,2024-04-24,15:30,2024-04-24,16:00,1702,4.7,17031020500,,10,3.76,13.76,,,POINT (-87.684198195 42.0013132491)
17031809200,2024-04-24,8:30,2024-04-24,9:00,1425,5.4,17031010503,,17.5,3.66,24.16,,,POINT (-87.6631267998 42.0003203059)
17031809200,2024-04-24,8:30,2024-04-24,8:45,1444,6.6,17031040300,,17.5,1.68,24.18,,,POINT (-87.701941074 41.9768117505)
17031809200,2024-04-23,20:15,2024-04-23,20:30,954,3.9,17031020500,,7.5,3.14,10.64,,,POINT (-87.684198195 42.0013132491)
17031809200,2024-04-23,20:15,2024-04-23,20:45,1753,17.2,17031241400,,20,4.52,24.52,,,POINT (-87.6753116216 41.906025969)
17031809200,2024-04-23,8:00,2024-04-23,8:15,758,3.2,17031010202,,12.5,3.11,15.61,,,POINT (-87.6733337784 42.0160464924)
17031809200,2024-04-23,8:00,2024-04-23,8:30,2224,11.9,17031760801,,20,4.21,24.21,,,POINT (-87.8415864319 41.9822729289)
17031809200,2024-04-21,21:45,2024-04-21,22:30,2875,15.2,17031252000,,27.5,1.68,29.18,,,POINT (-87.7698815509 41.88366198)
17031809200,2024-04-21,21:45,2024-04-21,22:15,2131,11.8,17031071200,,20,5.09,30.09,,,POINT (-87.6462109769 41.9218549112)
17031809200,2024-04-20,21:45,2024-04-20,22:00,946,5,17031030200,,15,1.68,16.68,,,POINT (-87.6652247765 41.9944422482)
17031809200,2024-04-20,16:00,2024-04-20,17:00,2824,10.6,17031222900,,22.5,4.76,27.26,,,POINT (-87.7200993558 41.9155404081)
17031809200,2024-04-20,16:00,2024-04-20,16:30,2521,9,17031062900,,27.5,1.68,29.18,,,POINT (-87.6564115308 41.9362371791)
17031809200,2024-04-20,16:00,2024-04-20,16:45,2276,13,17031081201,,22.5,1.68,24.18,,,POINT (-87.6262105324 41.8991556134)
17031809200,2024-04-20,5:45,2024-04-20,6:00,517,3.7,17031010300,,10,1.68,11.68,,,POINT (-87.6665362779 42.0159343756)
17031809200,2024-04-20,5:45,2024-04-20,6:15,1877,15.5,17031980000,,30,10,40,,,POINT (-87.9030396611 41.9790708201)
17031809200,2024-04-19,20:15,2024-04-19,20:30,1046,6,17031831800,,15,1.68,19.68,,,POINT (-87.7164304157 41.9782942489)
17031809200,2024-04-19,20:15,2024-04-19,20:30,802,3.8,17031020400,,10,3.41,14.41,,,POINT (-87.6859131333 42.0084870082)
17031809200,2024-04-19,20:15,2024-04-19,20:30,1321,6.1,17031040201,,17.5,4.08,21.58,,,POINT (-87.6940010612 41.9725808001)
17031809200,2024-04-17,18:45,2024-04-17,19:00,1104,5,17031010501,,15,1.68,16.68,,,POINT (-87.6639582144 42.0094125471)
17031809200,2024-04-17,18:45,2024-04-17,19:15,2262,11.1,17031071100,,20,5.71,25.71,,,POINT (-87.6510618838 41.9217781876)
17031809200,2024-04-17,18:45,2024-04-17,19:00,1035,4.1,17031010300,,7.5,3.48,10.98,,,POINT (-87.6665362779 42.0159343756)
17031809200,2024-04-17,18:15,2024-04-17,19:00,2624,16.2,17031330100,,22.5,6.64,29.14,,,POINT (-87.6173580061 41.859349715)
17031809200,2024-04-17,18:15,2024-04-17,18:30,904,3.8,17031010702,,12.5,3.69,19.19,,,POINT (-87.6727239593 42.0090182269)
17031809200,2024-04-17,18:15,2024-04-17,18:30,817,3.6,17031010100,,12.5,3.5,16,,,POINT (-87.6698247721 42.0212235931)
17031809200,2024-04-17,8:45,2024-04-17,9:00,1151,6.5,17031040300,,17.5,1.68,23.18,,,POINT (-87.701941074 41.9768117505)
17031809200,2024-04-17,8:45,2024-04-17,9:00,1198,3.8,17031010201,,7.5,2.65,13.15,,,POINT (-87.680162272 42.0160105638)
17031809200,2024-04-17,8:15,2024-04-17,8:45,2081,7.1,17031030702,,15,4.64,19.64,,,POINT (-87.6545378676 41.980606166)
17031809200,2024-04-17,8:15,2024-04-17,8:45,1537,5.4,17031010503,,12.5,4.34,19.84,,,POINT (-87.6631267998 42.0003203059)
17031809200,2024-04-17,6:30,2024-04-17,7:00,1845,18.8,17031980000,,22.5,7.3,29.8,,,POINT (-87.9030396611 41.9790708201)
17031809200,2024-04-17,6:30,2024-04-17,6:45,761,4.3,17031010300,,7.5,2.49,9.99,,,POINT (-87.6665362779 42.0159343756)
17031809200,2024-04-17,6:30,2024-04-17,7:15,2137,15.1,17031980000,,32.5,29.2,70.7,,,POINT (-87.9030396611 41.9790708201)
17031809200,2024-04-16,20:30,2024-04-16,20:45,1105,5.6,17031030701,,17.5,1.68,24.18,,,POINT (-87.657966347 41.9827455952)
17031809200,2024-04-16,20:30,2024-04-16,21:00,1207,4.3,17031020602,,12.5,1.68,14.18,,,POINT (-87.6936374936 42.0013159243)
17031809200,2024-04-16,20:30,2024-04-16,20:45,1250,5.6,17031010501,,10,1.18,11.18,,,POINT (-87.6639582144 42.0094125471)
17031809200,2024-04-16,15:45,2024-04-16,16:30,2509,11.1,17031190800,,25,1.68,26.68,,,POINT (-87.7513626916 41.927819073)
17031809200,2024-04-16,15:45,2024-04-16,16:15,1580,5.2,17031010400,,12.5,1.68,14.18,,,POINT (-87.659122427 42.004764559)
17031809200,2024-04-15,18:30,2024-04-15,18:45,820,3.3,17031020200,,7.5,2.42,9.92,,,POINT (-87.6996630419 42.0156967498)
17031809200,2024-04-15,18:30,2024-04-15,19:15,2782,25.3,17031842400,,35,7.91,50.91,,,POINT (-87.6300448953 41.7424875717)
17031809200,2024-04-15,18:30,2024-04-15,18:45,1063,4.7,17031010600,,12.5,3.65,16.15,,,POINT (-87.6676836101 42.0062788614)
17031809200,2024-04-15,10:15,2024-04-15,10:45,1514,6.7,17031020702,,10,0.89,10.89,,,POINT (-87.7048934862 41.9941436461)
17031809200,2024-04-15,10:15,2024-04-15,11:00,2836,16.7,17031980000,,25,10.82,35.82,,,POINT (-87.9030396611 41.9790708201)
17031809200,2024-04-15,10:15,2024-04-15,11:00,2200,14.3,17031320400,,20,5.76,25.76,,,POINT (-87.6219716519 41.8774061234)
17031809200,2024-04-14,1:45,2024-04-14,2:15,1582,12.1,17031080202,,20,5.68,25.68,,,POINT (-87.6308650266 41.9058577688)
17031809200,2024-04-14,1:45,2024-04-14,2:00,1286,10,17031150501,,20,5.13,25.13,,,POINT (-87.7819640228 41.964474648)
17031809200,2024-04-14,1:45,2024-04-14,2:15,1606,12.9,17031190800,,17.5,7.16,24.66,,,POINT (-87.7513626916 41.927819073)
17031809200,2024-04-13,22:45,2024-04-13,23:15,1666,9,17031050700,,25,1.68,26.68,,,POINT (-87.6760627395 41.9450692053)
17031809200,2024-04-13,22:45,2024-04-13,23:15,1784,13.3,17031081700,,32.5,5.83,38.33,,,POINT (-87.6318639497 41.8920421365)
17031809200,2024-04-13,22:45,2024-04-13,23:15,1664,5.4,17031020902,,25,1.68,26.68,,,POINT (-87.6786882109 41.9942660943)
17031809200,2024-04-13,22:00,2024-04-13,22:30,1207,7.8,17031140601,,12.5,4.52,20.02,,,POINT (-87.7258910154 41.9646477329)
17031809200,2024-04-13,22:00,2024-04-13,22:15,992,3.8,17031020400,,12.5,1.68,14.18,,,POINT (-87.6859131333 42.0084870082)
17031809200,2024-04-13,22:00,2024-04-13,22:15,908,5,17031020901,,12.5,1.68,14.18,,,POINT (-87.6860768812 41.9942252345)
17031809200,2024-04-13,19:30,2024-04-13,19:45,778,4.2,17031010300,,10,3.65,13.65,,,POINT (-87.6665362779 42.0159343756)
17031809200,2024-04-13,19:30,2024-04-13,20:00,2096,9.2,17031062800,,25,1.68,29.68,,,POINT (-87.6612652184 41.936159071)
17031809200,2024-04-13,19:30,2024-04-13,20:00,1926,13.1,17031151100,,17.5,5.45,22.95,,,POINT (-87.7617177214 41.9422905548)
17031809200,2024-04-13,19:30,2024-04-13,20:15,2115,14.5,17031839100,,20,5.94,25.94,,,POINT (-87.6327464887 41.8809944707)
17031809200,2024-04-13,13:45,2024-04-13,14:15,2527,8.1,17031830700,,12.5,1.34,13.84,,,POINT (-87.6603894557 41.958055933)
17031809200,2024-04-13,13:45,2024-04-13,14:00,1084,5,17031020902,,12.5,3.37,15.87,,,POINT (-87.6786882109 41.9942660943)
17031809200,2024-04-13,13:45,2024-04-13,14:15,1463,5.1,17031010503,,12.5,4.14,16.64,,,POINT (-87.6631267998 42.0003203059)
17031809200,2024-04-13,8:30,2024-04-13,8:45,757,3.5,17031010202,,10,2.72,15.72,,,POINT (-87.6733337784 42.0160464924)
17031809200,2024-04-13,8:30,2024-04-13,9:00,2246,14.3,17031980000,,30,8.23,38.23,,,POINT (-87.9030396611 41.9790708201)
17031809200,2024-04-13,8:30,2024-04-13,8:45,821,3.6,17031010201,,7.5,2.78,10.28,,,POINT (-87.680162272 42.0160105638)
17031809200,2024-04-10,20:30,2024-04-10,20:45,821,3.8,17031010202,,10,2.06,12.06,,,POINT (-87.6733337784 42.0160464924)
17031809200,2024-04-07,18:45,2024-04-07,19:00,1707,12.3,17031071800,,22.5,1.68,24.18,,,POINT (-87.6459662069 41.9145857091)
17031809200,2024-04-07,18:45,2024-04-07,19:15,1996,12.7,17031081300,,30,6.03,39.03,,,POINT (-87.6207628651 41.8983317935)
17031809200,2024-04-07,18:45,2024-04-07,19:00,808,4.2,17031010702,,10,3.61,18.61,,,POINT (-87.6727239593 42.0090182269)
17031809200,2024-04-07,6:00,2024-04-07,6:15,601,3.4,17031010100,,10,3.16,13.16,,,POINT (-87.6698247721 42.0212235931)
17031809200,2024-04-06,23:45,2024-04-07,0:00,664,3.7,17031010300,,10,1.68,11.68,,,POINT (-87.6665362779 42.0159343756)
17031809200,2024-04-06,23:45,2024-04-07,0:00,1127,6.5,17031031000,,17.5,4.66,22.16,,,POINT (-87.6711095263 41.9724370811)
17031809200,2024-04-06,23:45,2024-04-07,0:15,1822,12.6,17031081202,,20,1.68,25.68,,,POINT (-87.6261455896 41.9027880476)
17031809200,2024-04-06,21:30,2024-04-06,22:00,2191,13.4,17031081700,,42.5,1.68,44.18,,,POINT (-87.6318639497 41.8920421365)
17031809200,2024-04-06,21:30,2024-04-06,21:45,981,5,17031010501,,12.5,1.68,14.18,,,POINT (-87.6639582144 42.0094125471)
17031809200,2024-04-06,20:00,2024-04-06,20:15,869,4.2,17031020902,,12.5,3.76,16.26,,,POINT (-87.6786882109 41.9942660943)
17031809200,2024-04-06,20:00,2024-04-06,20:30,1921,13.2,17031081403,,22.5,5.9,32.4,,,POINT (-87.6188683546 41.8909220259)
17031809200,2024-04-06,20:00,2024-04-06,20:30,2126,13.2,17031081403,,32.5,6.43,38.93,,,POINT (-87.6188683546 41.8909220259)
17031809200,2024-04-06,20:00,2024-04-06,20:30,1301,6.1,17031030900,,22.5,4.28,26.78,,,POINT (-87.6714455473 41.9797955506)
17031809200,2024-04-06,19:00,2024-04-06,19:15,920,4.9,17031010600,,12.5,3.96,19.46,,,POINT (-87.6676836101 42.0062788614)
17031809200,2024-04-06,19:00,2024-04-06,19:30,1636,9.7,17031160100,,17.5,4.89,22.39,,,POINT (-87.7427878769 41.9646361993)
17031809200,2024-04-06,19:00,2024-04-06,19:15,1317,10.5,17031110502,,40,4.78,44.78,,,POINT (-87.759857019 41.970288894)
17031809200,2024-04-06,18:15,2024-04-06,19:00,2656,11.7,17031071500,,20,5.5,27.5,,,POINT (-87.6317173661 41.9146162864)
17031809200,2024-04-06,18:15,2024-04-06,18:45,1883,7.8,17031031400,,22.5,1.68,30.18,,,POINT (-87.6453787624 41.962178629)
17031809200,2024-04-06,18:15,2024-04-06,19:00,2667,12.7,17031081600,,22.5,5.55,32.05,,,POINT (-87.6288741572 41.8920726347)
17031809200,2024-04-06,17:45,2024-04-06,18:00,1070,6.5,17031130300,,12.5,3.47,15.97,,,POINT (-87.7133688039 41.9865581808)
17031809200,2024-04-06,17:45,2024-04-06,18:30,2339,8.6,17031832000,,32.5,5.37,37.87,,,POINT (-87.6542980837 41.9462945357)
17031809200,2024-04-06,14:15,2024-04-06,14:45,1054,4.8,17031830600,,12.5,3.4,15.9,,,POINT (-87.6735740325 42.0016981937)
17031809200,2024-04-06,14:15,2024-04-06,15:00,3263,11.1,17031240300,,20,5.2,25.2,,,POINT (-87.6750627566 41.9123643542)
17031809200,2024-04-05,22:15,2024-04-05,22:45,2438,19.4,17031833100,,22.5,7.06,29.56,,,POINT (-87.657005027 41.8790669938)
17031809200,2024-04-05,22:15,2024-04-05,23:00,2376,10.4,17031062000,,17.5,4.94,22.44,,,POINT (-87.6470785093 41.942577185)
17031809200,2024-04-05,22:15,2024-04-05,22:30,759,5.1,17031020702,,12.5,3.64,19.14,,,POINT (-87.7048934862 41.9941436461)
17031809200,2024-04-05,7:30,2024-04-05,8:15,2327,12.4,17031770700,,25,1.94,26.94,,,POINT (-87.8773053996 41.9827750091)
17031809200,2024-04-05,7:30,2024-04-05,8:00,1170,10,17031110501,,15,4.33,19.33,,,POINT (-87.7619249793 41.9770023043)
17031809200,2024-04-05,7:30,2024-04-05,8:15,2639,15.5,17031330100,,22.5,5.73,28.23,,,POINT (-87.6173580061 41.859349715)
17031809200,2024-04-04,9:45,2024-04-04,10:15,2575,13.9,17031081401,,22.5,7.82,35.32,,,POINT (-87.6197106717 41.8950334495)
17031809200,2024-04-04,9:45,2024-04-04,10:15,1957,7,17031030706,,15,4.06,19.06,,,POINT (-87.6522740174 41.9801575735)
17031809200,2024-04-04,9:45,2024-04-04,9:45,627,2.5,17031020200,,7.5,3.05,10.55,,,POINT (-87.6996630419 42.0156967498)
17031809200,2024-04-01,17:45,2024-04-01,18:00,858,3.8,17031010202,,7.5,4.4,11.9,,,POINT (-87.6733337784 42.0160464924)
17031809200,2024-04-01,17:45,2024-04-01,18:00,943,4.6,17031020500,,10,4.07,14.07,,,POINT (-87.684198195 42.0013132491)
17031809200,2024-04-01,17:45,2024-04-01,18:30,2709,11.9,17031140701,,12.5,4.45,16.95,,,POINT (-87.7108482084 41.9667749433)
17031809200,2024-03-31,18:30,2024-03-31,18:45,958,5.5,17031030103,,10,3.95,13.95,,,POINT (-87.6558149022 41.9955129914)
17031809200,2024-03-31,18:30,2024-03-31,19:30,3481,20.2,17031590600,,25,6.78,37.78,,,POINT (-87.6729255394 41.8268330147)
17031809200,2024-03-30,23:30,2024-03-30,23:45,1231,6.4,17031030706,,10,3.71,13.71,,,POINT (-87.6522740174 41.9801575735)
17031809200,2024-03-30,23:30,2024-03-30,23:30,756,3.9,17031010300,,10,3.72,13.72,,,POINT (-87.6665362779 42.0159343756)
17031809200,2024-03-30,23:30,2024-03-30,23:45,880,4.6,17031030300,,10,3.89,13.89,,,POINT (-87.672538401 41.9943810196)
17031809200,2024-03-30,23:30,2024-03-30,23:45,973,6,17031040202,,12.5,4.37,16.87,,,POINT (-87.6940960217 41.9798553089)
17031809200,2024-03-30,23:30,2024-03-30,23:45,1463,9.4,17031832000,,20,1.68,25.68,,,POINT (-87.6542980837 41.9462945357)
17031809200,2024-03-30,22:15,2024-03-30,23:00,3043,24.1,17031460400,,30,8.3,38.3,,,POINT (-87.5636925942 41.7444906426)
17031809200,2024-03-30,22:15,2024-03-30,22:30,1065,5.8,17031130300,,12.5,4.15,16.65,,,POINT (-87.7133688039 41.9865581808)
17031809200,2024-03-30,22:15,2024-03-30,22:45,1742,17.8,17031243500,,27.5,1.68,29.18,,,POINT (-87.6525344838 41.8926581076)
17031809200,2024-03-30,21:00,2024-03-30,21:15,1455,9.9,17031062100,,25,1.68,33.68,,,POINT (-87.6517705068 41.9426918444)
17031809200,2024-03-30,21:00,2024-03-30,21:15,1177,4.2,17031020602,,12.5,1.68,14.18,,,POINT (-87.6936374936 42.0013159243)
17031809200,2024-03-30,20:45,2024-03-30,21:45,3384,19.8,17031251800,,25,3.61,28.61,,,POINT (-87.7478743394 41.8841446699)
17031809200,2024-03-30,20:45,2024-03-30,21:00,1494,7.4,17031140301,,12.5,3.74,16.24,,,POINT (-87.7231689742 41.969205937)
17031809200,2024-03-30,20:45,2024-03-30,21:30,2208,13.9,17031081700,,35,1.68,41.68,,,POINT (-87.6318639497 41.8920421365)
17031809200,2024-03-30,19:15,2024-03-30,19:45,1891,9.7,17031061901,,32.5,1.68,39.18,,,POINT (-87.6434709559 41.9432371225)
17031809200,2024-03-30,19:15,2024-03-30,19:45,1714,7.2,17031031700,,15,4.54,19.54,,,POINT (-87.6631958495 41.9654457842)
17031809200,2024-03-30,19:15,2024-03-30,19:30,845,3.9,17031010202,,12.5,3.53,16.03,,,POINT (-87.6733337784 42.0160464924)
17031809200,2024-03-29,23:15,2024-03-29,23:45,1711,9,17031062100,,15,4.6,20.6,,,POINT (-87.6517705068 41.9426918444)
17031809200,2024-03-29,23:15,2024-03-29,23:30,734,3.7,17031010701,,12.5,1.68,14.18,,,POINT (-87.67861897 42.0091500631)
17031809200,2024-03-29,23:15,2024-03-29,23:45,1687,9,17031062100,,15,4.56,19.56,,,POINT (-87.6517705068 41.9426918444)
17031809200,2024-03-29,20:00,2024-03-29,20:30,2208,13.3,17031081700,,25,3.43,32.43,,,POINT (-87.6318639497 41.8920421365)
17031809200,2024-03-29,20:00,2024-03-29,20:15,1062,4.9,17031020902,,12.5,3.73,21.23,,,POINT (-87.6786882109 41.9942660943)
17031809200,2024-03-29,20:00,2024-03-29,20:30,1909,18.5,17031281900,,17.5,5.89,23.39,,,POINT (-87.642648998 41.8792550844)
17031809200,2024-03-29,9:30,2024-03-29,10:30,3010,24.5,17031691000,,32.5,1.68,34.18,,,POINT (-87.6200146997 41.7619610796)
17031809200,2024-03-29,9:30,2024-03-29,10:00,1887,9,17031210100,,20,1.68,21.68,,,POINT (-87.701330291 41.9428725376)
17031809200,2024-03-29,9:30,2024-03-29,9:45,938,3.7,17031010201,,7.5,3.28,10.78,,,POINT (-87.680162272 42.0160105638)
17031809200,2024-03-29,9:15,2024-03-29,9:30,842,3.9,17031010100,,10,3.19,13.19,,,POINT (-87.6698247721 42.0212235931)
17031809200,2024-03-29,9:15,2024-03-29,9:30,1531,7.3,17031031100,,17.5,1.68,22.18,,,POINT (-87.6638654956 41.9726679555)
17031809200,2024-03-26,22:00,2024-03-26,22:30,1841,26.1,17031410900,,30,5.38,35.38,,,POINT (-87.5823657023 41.7971534246)
17031809200,2024-03-26,22:00,2024-03-26,22:00,863,5,17031010502,,15,3.43,18.43,,,POINT (-87.6633278588 42.0045174875)
17031809200,2024-03-26,20:30,2024-03-26,21:00,1647,6.3,17031010501,,10,1.34,11.34,,,POINT (-87.6639582144 42.0094125471)
17031809200,2024-03-26,20:30,2024-03-26,20:45,776,3.9,17031020602,,12.5,1.68,14.18,,,POINT (-87.6936374936 42.0013159243)
17031809200,2024-03-26,20:30,2024-03-26,20:30,581,3.2,17031010202,,10,3.74,13.74,,,POINT (-87.6733337784 42.0160464924)
17031809200,2024-03-26,12:45,2024-03-26,13:30,2196,17.8,17031243500,,35,3.43,45.43,,,POINT (-87.6525344838 41.8926581076)
17031809200,2024-03-26,12:45,2024-03-26,13:00,1047,4.5,17031830600,,10,3.48,13.48,,,POINT (-87.6735740325 42.0016981937)
17031809200,2024-03-25,7:15,2024-03-25,7:30,720,3.8,17031010202,,10,3.39,13.39,,,POINT (-87.6733337784 42.0160464924)
17031809200,2024-03-25,7:15,2024-03-25,7:45,2296,15,17031980000,,27.5,17.1,53.6,,,POINT (-87.9030396611 41.9790708201)
17031809200,2024-03-25,7:15,2024-03-25,8:15,3110,26.4,17031980100,,35,12.63,47.63,,,POINT (-87.7509342894 41.785998518)
17031809200,2024-03-24,20:15,2024-03-24,20:45,1138,6.2,17031030603,,12.5,4.07,16.57,,,POINT (-87.6583976702 41.9854764991)
17031809200,2024-03-24,20:15,2024-03-24,20:30,877,3.8,17031010202,,7.5,0.75,8.25,,,POINT (-87.6733337784 42.0160464924)
17031809200,2024-03-24,20:15,2024-03-24,20:45,2323,30.2,17031711000,,37.5,1.68,39.18,,,POINT (-87.6485823365 41.7396448282)
17031809200,2024-03-24,11:45,2024-03-24,12:00,750,4.3,17031010702,,10,3.05,13.05,,,POINT (-87.6727239593 42.0090182269)
17031809200,2024-03-24,10:15,2024-03-24,10:45,1926,19.5,17031833100,,22.5,5.19,27.69,,,POINT (-87.657005027 41.8790669938)
17031809200,2024-03-24,10:15,2024-03-24,10:30,794,4.2,17031010702,,10,3.7,13.7,,,POINT (-87.6727239593 42.0090182269)
17031809200,2024-03-23,21:30,2024-03-23,22:00,1059,4.7,17031010501,,12.5,1.68,14.18,,,POINT (-87.6639582144 42.0094125471)
17031809200,2024-03-23,21:30,2024-03-23,21:45,1424,11.6,17031151002,,15,5.17,20.17,,,POINT (-87.7471543225 41.9424881553)
17031809200,2024-03-23,13:30,2024-03-23,14:30,3281,16.1,17031841000,,32.5,1.68,34.18,,,POINT (-87.6241352979 41.8492467545)
17031809200,2024-03-23,13:30,2024-03-23,14:30,3445,13.5,17031831500,,35,6.15,41.15,,,POINT (-87.7880088189 41.9275798469)
17031809200,2024-03-23,12:00,2024-03-23,12:15,649,3.5,17031010201,,10,3,13,,,POINT (-87.680162272 42.0160105638)
17031809200,2024-03-23,12:00,2024-03-23,12:15,816,3.8,17031010701,,10,3.01,13.01,,,POINT (-87.67861897 42.0091500631)
17031809200,2024-03-23,12:00,2024-03-23,12:45,2272,16.2,17031980000,,45,24.47,83.47,,,POINT (-87.9030396611 41.9790708201)
17031809200,2024-03-23,12:00,2024-03-23,12:15,1306,7.4,17031140602,,17.5,1.68,19.18,,,POINT (-87.7210167687 41.964652354)
17031809200,2024-03-23,0:30,2024-03-23,1:00,1788,15.3,17031330100,,25,6.44,31.44,,,POINT (-87.6173580061 41.859349715)
17031809200,2024-03-23,0:30,2024-03-23,1:00,1448,8.9,17031060900,,17.5,1.68,22.18,,,POINT (-87.6439653703 41.949829346)
17031809200,2024-03-22,16:15,2024-03-22,17:00,2698,8.2,17031060500,,17.5,6.08,29.58,,,POINT (-87.6605035019 41.952719111)
17031809200,2024-03-22,16:15,2024-03-22,17:00,2435,14.7,17031980000,,47.5,10.84,58.34,,,POINT (-87.9030396611 41.9790708201)
17031809200,2024-03-22,16:15,2024-03-22,17:15,3670,15.2,17031839100,,27.5,10.01,37.51,,,POINT (-87.6327464887 41.8809944707)
17031809200,2024-03-20,20:45,2024-03-20,21:15,1791,12.6,17031081401,,17.5,6.74,24.24,,,POINT (-87.6197106717 41.8950334495)
17031809200,2024-03-20,20:45,2024-03-20,21:00,1439,6.2,17031010503,,10,1.46,11.46,,,POINT (-87.6631267998 42.0003203059)
17031809200,2024-03-20,16:30,2024-03-20,16:45,1147,5,17031010400,,12.5,4.12,16.62,,,POINT (-87.659122427 42.004764559)
17031809200,2024-03-20,16:30,2024-03-20,17:15,2520,16.6,17031980000,,40,7,47,,,POINT (-87.9030396611 41.9790708201)
17031809200,2024-03-18,16:30,2024-03-18,16:30,573,2.8,17031020301,,10,3.35,13.35,,,POINT (-87.7046056338 42.0074469243)
17031809200,2024-03-18,16:30,2024-03-18,16:45,970,3.9,17031010201,,10,1.68,11.68,,,POINT (-87.680162272 42.0160105638)
17031809200,2024-03-18,8:45,2024-03-18,9:30,2403,12.6,17031081401,,22.5,7.28,29.78,,,POINT (-87.6197106717 41.8950334495)
17031809200,2024-03-18,8:45,2024-03-18,9:15,2659,12.3,17031231500,,20,6.88,26.88,,,POINT (-87.7186707951 41.8917542026)
17031809200,2024-03-18,8:45,2024-03-18,9:00,972,4.5,17031830600,,12.5,2.99,15.49,,,POINT (-87.6735740325 42.0016981937)
17031809200,2024-03-17,20:30,2024-03-17,21:00,1413,10.7,17031150300,,15,4.63,19.63,,,POINT (-87.7622859818 41.9605182177)
17031809200,2024-03-17,20:30,2024-03-17,20:45,794,4.2,17031010501,,12.5,3.58,16.08,,,POINT (-87.6639582144 42.0094125471)
17031809200,2024-03-16,17:45,2024-03-16,18:00,1197,4.1,17031010202,,12.5,3.67,16.17,,,POINT (-87.6733337784 42.0160464924)
17031809200,2024-03-16,17:45,2024-03-16,18:15,1633,13.9,17031220500,,20,5.77,30.77,,,POINT (-87.7049072355 41.9283913974)
17031809200,2024-03-16,17:45,2024-03-16,18:00,1139,6.1,17031040202,,17.5,4.45,21.95,,,POINT (-87.6940960217 41.9798553089)
17031809200,2024-03-16,11:15,2024-03-16,11:15,408,2.9,17031010201,,12.5,2.89,15.39,,,POINT (-87.680162272 42.0160105638)
17031809200,2024-03-16,11:15,2024-03-16,11:45,2548,9.6,17031062200,,22.5,5.72,35.22,,,POINT (-87.6566440918 41.9425851797)
17031809200,2024-03-16,11:15,2024-03-16,11:30,730,3.8,17031020200,,12.5,1.68,14.18,,,POINT (-87.6996630419 42.0156967498)
17031809200,2024-03-16,10:30,2024-03-16,11:15,2756,19.7,17031836000,,32.5,1.68,34.18,,,POINT (-87.6116848803 41.8140038222)
17031809200,2024-03-16,10:30,2024-03-16,11:15,2322,13.7,17031081401,,27.5,4.51,32.01,,,POINT (-87.6197106717 41.8950334495)
17031809200,2024-03-15,15:45,2024-03-15,16:30,2471,15.5,17031980000,,37.5,7,51.5,,,POINT (-87.9030396611 41.9790708201)
17031809200,2024-03-15,15:45,2024-03-15,16:30,2748,14,17031980000,,50,7.02,57.02,,,POINT (-87.9030396611 41.9790708201)
17031809200,2024-03-15,15:45,2024-03-15,16:30,2812,10.7,17031070103,,32.5,1.68,34.18,,,POINT (-87.6426052473 41.9268111821)
17031809200,2024-03-15,14:45,2024-03-15,16:30,6033,26.4,17031980100,,60,13.85,73.85,,,POINT (-87.7509342894 41.785998518)
17031809200,2024-03-15,14:45,2024-03-15,15:45,4156,16.4,17031251800,,27.5,7.33,34.83,,,POINT (-87.7478743394 41.8841446699)
17031809200,2024-03-15,14:45,2024-03-15,16:30,6130,28,17031700401,,47.5,1.68,49.18,,,POINT (-87.7120363411 41.7455375706)
17031809200,2024-03-15,12:00,2024-03-15,12:45,3087,25.2,17031841800,,52.5,4.51,57.01,,,POINT (-87.5993944745 41.7662994252)
17031809200,2024-03-15,12:00,2024-03-15,12:15,520,2.9,17031010201,,10,1.68,11.68,,,POINT (-87.680162272 42.0160105638)
17031809200,2024-03-14,22:00,2024-03-14,22:00,566,3.4,17031010202,,7.5,3.31,11.81,,,POINT (-87.6733337784 42.0160464924)
17031809200,2024-03-14,22:00,2024-03-14,22:45,2399,15,17031081403,,,,,,,POINT (-87.6188683546 41.8909220259)
17031809200,2024-03-14,22:00,2024-03-14,22:15,743,3.9,17031020602,,12.5,1.68,14.18,,,POINT (-87.6936374936 42.0013159243)
17031809200,2024-03-14,18:15,2024-03-14,19:15,3033,14.6,17031838100,,32.5,10.39,42.89,,,POINT (-87.6716536214 41.8786674201)
17031809200,2024-03-14,18:15,2024-03-14,18:30,1011,4.2,17031010300,,15,3.59,18.59,,,POINT (-87.6665362779 42.0159343756)
17031809200,2024-03-14,9:15,2024-03-14,10:00,2581,13.1,17031837100,,22.5,8.6,31.1,,,POINT (-87.6988915914 41.885621155)
17031809200,2024-03-14,8:15,2024-03-14,8:45,1938,6.1,17031030300,,22.5,6.66,29.16,,,POINT (-87.672538401 41.9943810196)
17031809200,2024-03-14,8:15,2024-03-14,8:45,1896,7.1,17031830800,,20,1.68,21.68,,,POINT (-87.6765780714 41.9651417087)
17031809200,2024-03-14,8:15,2024-03-14,8:45,1652,6.7,17031030702,,15,6.01,21.01,,,POINT (-87.6545378676 41.980606166)
17031809200,2024-03-14,8:15,2024-03-14,9:00,2528,16.6,17031980000,,42.5,15.45,57.95,,,POINT (-87.9030396611 41.9790708201)
17031809200,2024-03-13,19:30,2024-03-13,20:00,1099,10.2,17031150200,,15,3.5,18.5,,,POINT (-87.7524091367 41.9606756968)
17031809200,2024-03-13,19:30,2024-03-13,19:45,746,3.8,17031020400,,7.5,3.01,10.51,,,POINT (-87.6859131333 42.0084870082)
17031809200,2024-03-12,8:45,2024-03-12,9:15,2358,15.2,17031980000,,40,11.07,54.07,,,POINT (-87.9030396611 41.9790708201)
17031809200,2024-03-12,8:45,2024-03-12,9:00,1224,4.9,17031830600,,10,3.17,13.17,,,POINT (-87.6735740325 42.0016981937)
17031809200,2024-03-10,12:15,2024-03-10,12:45,1595,9.9,17031071400,,15,3.83,18.83,,,POINT (-87.6341560931 41.922082541)
17031809200,2024-03-10,12:15,2024-03-10,12:45,1929,15.4,17031191301,,20,5.36,29.36,,,POINT (-87.780270163 41.9201527839)
17031809200,2024-03-09,21:45,2024-03-09,22:00,919,4,17031010702,,7.5,2.87,10.37,,,POINT (-87.6727239593 42.0090182269)
17031809200,2024-03-09,21:45,2024-03-09,22:15,1668,12.9,17031190800,,17.5,5.54,23.04,,,POINT (-87.7513626916 41.927819073)
17031809200,2024-03-09,21:45,2024-03-09,22:00,872,4.1,17031020901,,12.5,1.68,14.18,,,POINT (-87.6860768812 41.9942252345)
17031809200,2024-03-09,19:45,2024-03-09,20:15,1706,8.7,17031062600,,15,5.17,23.17,,,POINT (-87.6709663837 41.9359889065)
17031809200,2024-03-09,19:45,2024-03-09,20:15,1729,12.2,17031081202,,17.5,5.32,22.82,,,POINT (-87.6261455896 41.9027880476)
17031809200,2024-03-09,19:45,2024-03-09,20:00,904,4.2,17031830600,,12.5,1.68,14.18,,,POINT (-87.6735740325 42.0016981937)
17031809200,2024-03-09,15:15,2024-03-09,15:45,2281,11.8,17031071400,,22.5,1.68,24.18,,,POINT (-87.6341560931 41.922082541)
17031809200,2024-03-09,15:15,2024-03-09,16:15,3249,18.3,17031270500,,27.5,1.68,29.18,,,POINT (-87.7177791062 41.8762234405)
17031809200,2024-03-09,15:15,2024-03-09,15:45,1377,5.9,17031030400,,10,3.71,16.71,,,POINT (-87.6720809941 41.9869530579)
17031809200,2024-03-09,13:00,2024-03-09,13:45,2578,25.1,17031251900,,27.5,1.68,29.18,,,POINT (-87.7600980476 41.8837934871)
17031809200,2024-03-09,13:00,2024-03-09,13:30,1618,6.9,17031031200,,15,4.04,19.04,,,POINT (-87.6573411073 41.9727095466)
17031809200,2024-03-08,18:15,2024-03-08,18:30,1051,3.9,17031010300,,17.5,4.72,22.22,,,POINT (-87.6665362779 42.0159343756)
17031809200,2024-03-08,18:15,2024-03-08,19:00,2559,15.9,17031980000,,45,13.4,58.4,,,POINT (-87.9030396611 41.9790708201)
17031809200,2024-03-08,14:15,2024-03-08,14:30,1286,5.9,17031030500,,10,1.68,11.68,,,POINT (-87.6649377243 41.9872255578)
17031809200,2024-03-08,14:15,2024-03-08,15:00,2617,13.2,17031980000,,27.5,13.04,40.54,,,POINT (-87.9030396611 41.9790708201)
17031809200,2024-03-08,14:15,2024-03-08,14:30,794,3.9,17031020301,,15,4.41,19.41,,,POINT (-87.7046056338 42.0074469243)
17031809200,2024-03-08,9:15,2024-03-08,9:15,535,2.5,17031020200,,10,3.58,13.58,,,POINT (-87.6996630419 42.0156967498)
17031809200,2024-03-08,9:15,2024-03-08,9:30,798,3.8,17031010100,,10,3.83,13.83,,,POINT (-87.6698247721 42.0212235931)
17031809200,2024-03-08,9:15,2024-03-08,10:00,2925,29.9,17031710800,,37.5,1.68,39.18,,,POINT (-87.6488131191 41.7478369814)
17031809200,2024-03-07,9:30,2024-03-07,10:00,1830,9.1,17031831900,,15,3.74,18.74,,,POINT (-87.6687944391 41.9451704528)
17031809200,2024-03-05,18:15,2024-03-05,18:30,1054,4.6,17031010600,,10,3.93,13.93,,,POINT (-87.6676836101 42.0062788614)
17031809200,2024-03-05,18:15,2024-03-05,18:45,1545,5.5,17031030500,,12.5,5.13,17.63,,,POINT (-87.6649377243 41.9872255578)
17031809200,2024-03-05,8:30,2024-03-05,8:45,779,3.4,17031010300,,10,2.74,12.74,,,POINT (-87.6665362779 42.0159343756)
17031809200,2024-03-05,8:30,2024-03-05,9:00,1844,9.1,17031110502,,20,4.75,24.75,,,POINT (-87.759857019 41.970288894)
17031809200,2024-03-04,8:30,2024-03-04,8:45,732,3.3,17031020302,,10,3.43,13.43,,,POINT (-87.6949637498 42.0085407611)
17031809200,2024-03-04,8:30,2024-03-04,9:00,1270,6.7,17031030702,,12.5,4.38,16.88,,,POINT (-87.6545378676 41.980606166)
17031809200,2024-03-04,8:30,2024-03-04,8:45,1456,6.8,17031031100,,27.5,1.68,29.18,,,POINT (-87.6638654956 41.9726679555)
17031809200,2024-03-04,8:30,2024-03-04,8:45,977,5.2,17031010503,,10,3.9,13.9,,,POINT (-87.6631267998 42.0003203059)
17031809200,2024-03-03,17:45,2024-03-03,18:00,771,3.4,17031010202,,10,1.68,11.68,,,POINT (-87.6733337784 42.0160464924)
17031809200,2024-03-03,17:45,2024-03-03,18:00,1058,4.1,17031020602,,10,3.62,13.62,,,POINT (-87.6936374936 42.0013159243)
17031809200,2024-03-03,17:45,2024-03-03,17:45,596,3.5,17031010201,,7.5,3.41,10.91,,,POINT (-87.680162272 42.0160105638)
17031809200,2024-03-03,16:15,2024-03-03,16:30,920,4.2,17031830600,,10,3.08,13.08,,,POINT (-87.6735740325 42.0016981937)
17031809200,2024-03-03,16:15,2024-03-03,17:15,2849,20.2,17031310600,,22.5,5.64,28.14,,,POINT (-87.6595642391 41.8563332167)
17031809200,2024-03-03,16:15,2024-03-03,17:00,3371,18.5,17031837300,,27.5,1.68,29.18,,,POINT (-87.7055526328 41.87161966)
17031809200,2024-03-03,16:15,2024-03-03,17:00,2370,10.4,17031220701,,17.5,4.78,22.28,,,POINT (-87.7215645012 41.9261558167)
17031809200,2024-03-03,12:15,2024-03-03,12:45,2084,15.2,17031980000,,30,9.23,47.23,,,POINT (-87.9030396611 41.9790708201)
17031809200,2024-03-03,12:15,2024-03-03,12:45,1764,13.8,17031210502,,17.5,4.14,36.64,,,POINT (-87.7220523299 41.9337850524)
17031809200,2024-03-03,11:45,2024-03-03,12:00,866,4.1,17031010702,,10,2.97,12.97,,,POINT (-87.6727239593 42.0090182269)
17031809200,2024-03-03,11:45,2024-03-03,12:00,709,4.8,17031020601,,12.5,1.68,17.18,,,POINT (-87.701802904 42.0008748252)
17031809200,2024-03-03,8:45,2024-03-03,9:00,854,5,17031020500,,10,2.84,12.84,,,POINT (-87.684198195 42.0013132491)
17031809200,2024-03-02,20:15,2024-03-02,21:00,2751,14.3,17031832900,,25,1.68,26.68,,,POINT (-87.6618611238 41.8741766252)
17031809200,2024-03-02,20:15,2024-03-02,20:30,928,4.4,17031830600,,7.5,3.78,12.28,,,POINT (-87.6735740325 42.0016981937)
17031809200,2024-03-02,13:15,2024-03-02,13:30,705,3.5,17031010201,,10,1.68,11.68,,,POINT (-87.680162272 42.0160105638)
17031809200,2024-03-02,13:15,2024-03-02,14:15,3032,30.4,17031490600,,32.5,8.14,40.64,,,POINT (-87.6283572537 41.7179636757)
17031809200,2024-03-02,6:30,2024-03-02,7:00,1451,17.9,17031980000,,25,24.4,62.4,,,POINT (-87.9030396611 41.9790708201)
17031809200,2024-03-02,6:30,2024-03-02,6:45,1418,17,17031243500,,17.5,5.07,22.57,,,POINT (-87.6525344838 41.8926581076)
17031809200,2024-03-01,22:45,2024-03-01,23:15,2395,11.2,17031070200,,37.5,7.39,44.89,,,POINT (-87.6462934762 41.9290776551)
17031809200,2024-03-01,22:45,2024-03-01,23:30,1992,10.9,17031070300,,32.5,5.81,46.31,,,POINT (-87.6513108767 41.9290469366)
17031809200,2024-03-01,22:45,2024-03-01,23:00,1717,10.4,17031070300,,35,5.52,46.52,,,POINT (-87.6513108767 41.9290469366)
17031809200,2024-03-01,22:15,2024-03-01,22:45,1736,11.8,17031080202,,17.5,4.82,22.32,,,POINT (-87.6308650266 41.9058577688)
17031809200,2024-03-01,22:15,2024-03-01,22:45,1903,10.5,17031070200,,22.5,1.68,24.18,,,POINT (-87.6462934762 41.9290776551)
17031809200,2024-03-01,22:15,2024-03-01,22:30,895,3.5,17031010201,,12.5,3.33,15.83,,,POINT (-87.680162272 42.0160105638)
17031809200,2024-03-01,22:00,2024-03-01,22:45,2782,14.7,17031190402,,25,1.68,26.68,,,POINT (-87.7712319246 41.9348600057)
17031809200,2024-03-01,22:00,2024-03-01,22:30,973,4,17031010702,,7.5,1.47,8.97,,,POINT (-87.6727239593 42.0090182269)
17031809200,2024-03-01,22:00,2024-03-01,22:15,710,3.4,17031010202,,10,3.28,13.28,,,POINT (-87.6733337784 42.0160464924)
17031809200,2024-03-01,22:00,2024-03-01,22:15,836,3.6,17031010202,,,,,,,POINT (-87.6733337784 42.0160464924)
17031809200,2024-03-01,22:00,2024-03-01,22:00,493,3.2,17031010201,,10,1.68,11.68,,,POINT (-87.680162272 42.0160105638)
17031809200,2024-03-01,16:00,2024-03-01,16:45,2817,14.6,17031980000,,60,7,87,,,POINT (-87.9030396611 41.9790708201)
17031809200,2024-03-01,16:00,2024-03-01,16:15,782,3.7,17031010702,,10,3.16,13.16,,,POINT (-87.6727239593 42.0090182269)
17031809200,2024-02-29,18:45,2024-02-29,19:00,762,3,17031010201,,10,3.07,13.07,,,POINT (-87.680162272 42.0160105638)
17031809200,2024-02-28,10:30,2024-02-28,10:45,796,3.8,17031010702,,10,2.43,12.43,,,POINT (-87.6727239593 42.0090182269)
17031809200,2024-02-28,10:30,2024-02-28,11:15,2153,13.4,17031081401,,20,4.65,24.65,,,POINT (-87.6197106717 41.8950334495)
17031809200,2024-02-28,10:30,2024-02-28,11:00,1995,18.7,17031839100,,22.5,4.49,26.99,,,POINT (-87.6327464887 41.8809944707)
17031809200,2024-02-28,8:30,2024-02-28,9:00,1987,7.4,17031830700,,12.5,2.44,14.94,,,POINT (-87.6603894557 41.958055933)
17031809200,2024-02-28,8:30,2024-02-28,9:00,1471,6.4,17031030706,,15,4.16,19.16,,,POINT (-87.6522740174 41.9801575735)
17031809200,2024-02-25,1:00,2024-02-25,1:15,822,4.5,17031020602,,12.5,4.14,16.64,,,POINT (-87.6936374936 42.0013159243)
17031809200,2024-02-25,1:00,2024-02-25,1:15,771,4.5,17031020602,,7.5,3.48,10.98,,,POINT (-87.6936374936 42.0013159243)
17031809200,2024-02-25,1:00,2024-02-25,1:15,1240,6.4,17031030706,,12.5,2.69,15.19,,,POINT (-87.6522740174 41.9801575735)
17031809200,2024-02-24,22:00,2024-02-24,22:15,968,4.5,17031830600,,10,3.5,13.5,,,POINT (-87.6735740325 42.0016981937)
17031809200,2024-02-24,22:00,2024-02-24,22:30,1772,13.9,17031839100,,22.5,5.08,32.58,,,POINT (-87.6327464887 41.8809944707)
17031809200,2024-02-24,20:30,2024-02-24,20:45,762,3.9,17031020602,,12.5,1.68,14.18,,,POINT (-87.6936374936 42.0013159243)
17031809200,2024-02-24,20:30,2024-02-24,21:00,1661,10,17031063302,,15,4.48,19.48,,,POINT (-87.6398538587 41.9347624564)
17031809200,2024-02-24,20:30,2024-02-24,21:00,1898,13.3,17031081401,,17.5,5.02,22.52,,,POINT (-87.6197106717 41.8950334495)
17031809200,2024-02-24,19:15,2024-02-24,19:45,2073,9.2,17031062700,,17.5,4.74,27.24,,,POINT (-87.6661106945 41.9360865352)
17031809200,2024-02-24,19:15,2024-02-24,19:45,2269,19.2,17031081403,,25,1.68,26.68,,,POINT (-87.6188683546 41.8909220259)
17031809200,2024-02-24,19:15,2024-02-24,19:30,746,3.7,17031010702,,12.5,1.68,14.18,,,POINT (-87.6727239593 42.0090182269)
17031809200,2024-02-24,19:15,2024-02-24,19:45,1822,19.4,17031839100,,22.5,5.85,28.35,,,POINT (-87.6327464887 41.8809944707)
17031809200,2024-02-24,17:00,2024-02-24,17:30,1367,5.5,17031030500,,17.5,1.68,24.18,,,POINT (-87.6649377243 41.9872255578)
17031809200,2024-02-24,17:00,2024-02-24,17:15,740,3.4,17031010202,,10,2.81,12.81,,,POINT (-87.6733337784 42.0160464924)
17031809200,2024-02-24,17:00,2024-02-24,17:15,850,4.3,17031010300,,7.5,3.03,13.53,,,POINT (-87.6665362779 42.0159343756)
17031809200,2024-02-24,16:00,2024-02-24,16:45,2866,12.3,17031837800,,22.5,5.4,27.9,,,POINT (-87.6841474493 41.8847677845)
17031809200,2024-02-24,16:00,2024-02-24,16:15,785,3.9,17031010702,,12.5,1.68,14.18,,,POINT (-87.6727239593 42.0090182269)
17031809200,2024-02-24,16:00,2024-02-24,17:00,3570,23.8,17031420800,,30,6.27,36.27,,,POINT (-87.6032571641 41.776910545)
17031809200,2024-02-23,23:00,2024-02-23,23:30,1347,6.4,17031031100,,17.5,1.68,19.18,,,POINT (-87.6638654956 41.9726679555)
17031809200,2024-02-23,23:00,2024-02-23,23:30,2010,17.3,17031242600,,22.5,5.7,28.2,,,POINT (-87.6941973701 41.9005603836)
17031809200,2024-02-23,23:00,2024-02-23,23:30,1498,9.5,17031061901,,22.5,4.3,26.8,,,POINT (-87.6434709559 41.9432371225)
17031809200,2024-02-23,23:00,2024-02-23,23:15,892,4.4,17031010501,,10,3.52,13.52,,,POINT (-87.6639582144 42.0094125471)
17031809200,2024-02-23,22:00,2024-02-23,22:30,2141,12.2,17031081100,,25,1.68,26.68,,,POINT (-87.6291051864 41.9002212967)
17031809200,2024-02-23,22:00,2024-02-23,22:30,1879,13.1,17031081700,,25,1.68,26.68,,,POINT (-87.6318639497 41.8920421365)
17031809200,2024-02-23,22:00,2024-02-23,22:30,2250,20.9,17031411000,,25,8.18,33.18,,,POINT (-87.5831437169 41.7905062613)
17031809200,2024-02-23,22:00,2024-02-23,22:30,1668,11.3,17031070300,,27.5,5.53,38.03,,,POINT (-87.6513108767 41.9290469366)
17031809200,2024-02-23,22:00,2024-02-23,22:15,916,4.8,17031020702,,10,4.07,14.07,,,POINT (-87.7048934862 41.9941436461)
17031809200,2024-02-23,22:00,2024-02-23,22:15,1647,15.2,17031221500,,22.5,1.68,24.18,,,POINT (-87.689951469 41.9216471318)
17031809200,2024-02-23,20:30,2024-02-23,20:45,955,5,17031010501,,12.5,1.68,14.18,,,POINT (-87.6639582144 42.0094125471)
17031809200,2024-02-23,20:30,2024-02-23,20:45,1274,4.8,17031010501,,12.5,2.02,14.52,,,POINT (-87.6639582144 42.0094125471)
17031809200,2024-02-23,20:30,2024-02-23,20:45,808,4.1,17031020702,,7.5,3.91,11.41,,,POINT (-87.7048934862 41.9941436461)
17031809200,2024-02-23,19:30,2024-02-23,19:45,816,3.9,17031020602,,12.5,1.68,14.18,,,POINT (-87.6936374936 42.0013159243)
17031809200,2024-02-23,19:30,2024-02-23,20:15,2854,11.3,17031241400,,27.5,1.68,29.18,,,POINT (-87.6753116216 41.906025969)
17031809200,2024-02-22,20:30,2024-02-22,21:15,2723,20.3,17031350100,,20,4.73,24.73,,,POINT (-87.6125639471 41.8416911186)
17031809200,2024-02-22,20:30,2024-02-22,20:45,939,4.3,17031010501,,10,3,13,,,POINT (-87.6639582144 42.0094125471)
17031809200,2024-02-22,20:30,2024-02-22,21:00,1448,14.2,17031221300,,15,3.98,18.98,,,POINT (-87.6997544065 41.9211259143)
17031809200,2024-02-22,20:15,2024-02-22,21:00,2512,15,17031081403,,22.5,6.24,28.74,,,POINT (-87.6188683546 41.8909220259)
17031809200,2024-02-22,20:15,2024-02-22,21:00,2558,15.3,17031081800,,20,6.39,26.39,,,POINT (-87.6378442095 41.8932163595)
17031809200,2024-02-22,20:15,2024-02-22,20:45,2011,14.2,17031320100,,17.5,6.24,27.74,,,POINT (-87.6209929134 41.8849871918)
17031809200,2024-02-22,16:30,2024-02-22,17:15,2481,11.4,17031170200,,25,1.68,26.68,,,POINT (-87.7815190801 41.9493532323)
17031809200,2024-02-22,16:30,2024-02-22,16:45,1247,4.8,17031010600,,12.5,3.68,21.18,,,POINT (-87.6676836101 42.0062788614)
17031809200,2024-02-22,15:15,2024-02-22,15:30,1009,3.2,17031020200,,12.5,1.68,14.18,,,POINT (-87.6996630419 42.0156967498)
17031809200,2024-02-22,15:15,2024-02-22,16:15,3076,15,17031980000,,35,10.04,50.04,,,POINT (-87.9030396611 41.9790708201)
17031809200,2024-02-22,15:15,2024-02-22,16:00,2346,16.7,17031980000,,57.5,12.94,70.44,,,POINT (-87.9030396611 41.9790708201)
17031809200,2024-02-21,21:15,2024-02-21,21:45,1740,20.4,17031839100,,20,6.18,30.18,,,POINT (-87.6327464887 41.8809944707)
17031809200,2024-02-21,21:15,2024-02-21,21:45,1849,9.9,17031063301,,25,1.68,30.68,,,POINT (-87.6430228044 41.9345397158)
17031809200,2024-02-21,21:15,2024-02-21,21:45,1760,8.2,17031031000,,22.5,4.71,32.21,,,POINT (-87.6711095263 41.9724370811)
17031809200,2024-02-21,21:15,2024-02-21,21:15,546,3,17031010201,,10,2.81,12.81,,,POINT (-87.680162272 42.0160105638)
17031809200,2024-02-21,20:30,2024-02-21,20:45,1324,6.9,17031031200,,17.5,1.68,22.18,,,POINT (-87.6573411073 41.9727095466)
17031809200,2024-02-21,20:30,2024-02-21,21:15,2363,26.4,17031834700,,25,5.87,30.87,,,POINT (-87.6451004847 41.7906684244)
17031809200,2024-02-21,20:30,2024-02-21,21:00,1501,7.1,17031050200,,12.5,3.77,21.27,,,POINT (-87.683718102 41.957735565)
17031809200,2024-02-21,20:30,2024-02-21,20:45,1759,11.9,17031080201,,15,5.53,20.53,,,POINT (-87.630963601 41.9094956686)
17031809200,2024-02-21,13:30,2024-02-21,14:00,2377,12.7,17031081202,,27.5,6.85,34.35,,,POINT (-87.6261455896 41.9027880476)
17031809200,2024-02-21,13:30,2024-02-21,14:15,2211,13.5,17031081401,,15,4.28,19.28,,,POINT (-87.6197106717 41.8950334495)
17031809200,2024-02-21,13:30,2024-02-21,14:30,2883,23.7,17031691100,,27.5,6.52,34.02,,,POINT (-87.6298717446 41.7617023786)
17031809200,2024-02-20,20:30,2024-02-20,20:45,850,4.3,17031010501,,7.5,2.2,9.7,,,POINT (-87.6639582144 42.0094125471)
17031809200,2024-02-20,20:30,2024-02-20,20:45,847,4.5,17031830600,,10,3.06,13.06,,,POINT (-87.6735740325 42.0016981937)
17031809200,2024-02-20,8:30,2024-02-20,8:45,1189,4.8,17031020500,,10,3.37,13.37,,,POINT (-87.684198195 42.0013132491)
17031809200,2024-02-20,8:30,2024-02-20,8:45,1019,4.4,17031010702,,12.5,1.68,14.18,,,POINT (-87.6727239593 42.0090182269)
17031809200,2024-02-17,11:15,2024-02-17,11:45,1040,5.4,17031030200,,10,3.34,13.34,,,POINT (-87.6652247765 41.9944422482)
17031809200,2024-02-17,11:15,2024-02-17,11:30,1004,5,17031030200,,12.5,3.26,15.76,,,POINT (-87.6652247765 41.9944422482)
17031809200,2024-02-15,18:00,2024-02-15,18:45,2208,16.7,17031980000,,25,23.9,50.9,,,POINT (-87.9030396611 41.9790708201)
17031809200,2024-02-15,18:00,2024-02-15,18:15,903,4,17031010300,,10,3.33,13.33,,,POINT (-87.6665362779 42.0159343756)
17031809200,2024-02-15,18:00,2024-02-15,18:45,2332,7.9,17031060500,,25,1.68,33.68,,,POINT (-87.6605035019 41.952719111)
17031809200,2024-02-15,14:30,2024-02-15,15:30,3647,14.8,17031841500,,17.5,4.62,25.12,,,POINT (-87.7078663416 41.8615808621)
17031809200,2024-02-15,14:30,2024-02-15,15:15,2528,14.6,17031320400,,22.5,7.45,29.95,,,POINT (-87.6219716519 41.8774061234)
17031809200,2024-02-15,13:00,2024-02-15,13:45,2196,12.6,17031081401,,27.5,3.43,30.93,,,POINT (-87.6197106717 41.8950334495)
17031809200,2024-02-15,13:00,2024-02-15,13:45,2813,23.2,17031431302,,27.5,6.23,33.73,,,POINT (-87.5628473838 41.7584079022)
17031809200,2024-02-15,13:00,2024-02-15,13:30,2193,16,17031980000,,37.5,9.77,54.27,,,POINT (-87.9030396611 41.9790708201)
17031809200,2024-02-14,22:30,2024-02-14,23:00,1729,18.8,17031081700,,25,4.38,30.38,,,POINT (-87.6318639497 41.8920421365)
17031809200,2024-02-14,22:30,2024-02-14,22:45,441,3,17031010201,,7.5,2.81,10.31,,,POINT (-87.680162272 42.0160105638)
17031809200,2024-02-14,17:00,2024-02-14,17:45,2728,12.3,17031081500,,25,3.43,28.43,,,POINT (-87.6262149064 41.8925077809)
17031809200,2024-02-14,17:00,2024-02-14,17:15,1046,3.7,17031010201,,10,3.31,13.31,,,POINT (-87.680162272 42.0160105638)
17031809200,2024-02-14,17:00,2024-02-14,17:15,729,2.8,17031020200,,10,3.18,13.18,,,POINT (-87.6996630419 42.0156967498)
17031809200,2024-02-11,20:00,2024-02-11,20:15,698,3.8,17031010100,,7.5,3.01,10.51,,,POINT (-87.6698247721 42.0212235931)
17031809200,2024-02-10,22:15,2024-02-10,22:30,1448,7.9,17031061100,,20,1.68,21.68,,,POINT (-87.6568039088 41.9491397709)
17031809200,2024-02-10,22:15,2024-02-10,22:15,722,4.3,17031010501,,10,3.33,13.33,,,POINT (-87.6639582144 42.0094125471)
17031809200,2024-02-10,22:15,2024-02-10,22:30,1012,5.1,17031030200,,15,1.68,16.68,,,POINT (-87.6652247765 41.9944422482)
17031809200,2024-02-10,22:15,2024-02-10,22:45,1864,12.5,17031080400,,22.5,1.68,24.18,,,POINT (-87.6409015248 41.9074128162)
17031809200,2024-02-10,21:30,2024-02-10,22:00,2064,25.8,17031252000,,30,1.68,31.68,,,POINT (-87.7698815509 41.88366198)
17031809200,2024-02-10,21:30,2024-02-10,22:00,1479,11.7,17031151002,,15,4.23,19.23,,,POINT (-87.7471543225 41.9424881553)
17031809200,2024-02-10,21:00,2024-02-10,21:15,950,4.3,17031010702,,7.5,1.27,8.77,,,POINT (-87.6727239593 42.0090182269)
17031809200,2024-02-10,21:00,2024-02-10,21:15,1242,6.1,17031040202,,12.5,3.56,16.06,,,POINT (-87.6940960217 41.9798553089)
17031809200,2024-02-10,21:00,2024-02-10,21:15,1049,4.7,17031010600,,10,3.3,16.3,,,POINT (-87.6676836101 42.0062788614)
17031809200,2024-02-10,14:15,2024-02-10,15:00,2601,14.9,17031281900,,20,5.78,25.78,,,POINT (-87.642648998 41.8792550844)
17031809200,2024-02-10,14:15,2024-02-10,15:00,3372,14.5,17031252101,,30,6.77,36.77,,,POINT (-87.7695533321 41.8754975076)
17031809200,2024-02-09,19:45,2024-02-09,20:15,1517,9.7,17031063200,,15,4.3,19.3,,,POINT (-87.6385749205 41.9383912577)
17031809200,2024-02-09,19:45,2024-02-09,20:00,887,3.9,17031020602,,12.5,1.68,14.18,,,POINT (-87.6936374936 42.0013159243)
17031809200,2024-02-09,19:45,2024-02-09,20:15,1140,10.8,17031150200,,12.5,4.03,16.53,,,POINT (-87.7524091367 41.9606756968)
17031809200,2024-02-08,20:45,2024-02-08,21:00,769,3.9,17031010100,,10,2.29,12.29,,,POINT (-87.6698247721 42.0212235931)
17031809200,2024-02-08,20:45,2024-02-08,21:30,2426,14.8,17031839100,,22.5,6.54,29.04,,,POINT (-87.6327464887 41.8809944707)
17031809200,2024-02-08,20:45,2024-02-08,21:15,2146,18.4,17031838100,,27.5,1.68,29.18,,,POINT (-87.6716536214 41.8786674201)
17031809200,2024-02-08,20:15,2024-02-08,20:45,2125,20.6,17031320600,,20,7.1,27.1,,,POINT (-87.6221729369 41.8706073724)
17031809200,2024-02-08,20:15,2024-02-08,20:45,1706,10.4,17031070300,,17.5,4.09,26.59,,,POINT (-87.6513108767 41.9290469366)
17031809200,2024-02-08,20:15,2024-02-08,20:45,1977,14.3,17031839100,,20,6.07,26.07,,,POINT (-87.6327464887 41.8809944707)
17031809200,2024-02-08,20:15,2024-02-08,20:45,1911,12.8,17031081401,,17.5,6.14,23.64,,,POINT (-87.6197106717 41.8950334495)
17031809200,2024-02-08,18:15,2024-02-08,19:15,2972,14.1,17031280100,,20,7.05,27.05,,,POINT (-87.6428084655 41.8853000224)
17031809200,2024-02-08,18:15,2024-02-08,19:15,3187,16.1,17031330100,,20,5.6,25.6,,,POINT (-87.6173580061 41.859349715)
17031809200,2024-02-08,18:15,2024-02-08,18:30,671,2.8,17031020100,,10,1.68,11.68,,,POINT (-87.6871159899 42.0157199072)
17031809200,2024-02-05,19:30,2024-02-05,20:15,2413,25,17031400400,,27.5,9.67,37.17,,,POINT (-87.6183216222 41.7911260852)
17031809200,2024-02-05,19:30,2024-02-05,20:00,1540,18.3,17031833000,,27.5,3.43,30.93,,,POINT (-87.6572331997 41.8852813201)
17031809200,2024-02-04,23:15,2024-02-04,23:30,837,4.9,17031020901,,10,3.26,13.26,,,POINT (-87.6860768812 41.9942252345)
17031809200,2024-02-04,23:15,2024-02-04,23:30,1143,7.2,17031031700,,12.5,3.71,16.21,,,POINT (-87.6631958495 41.9654457842)
17031809200,2024-02-03,20:45,2024-02-03,21:00,1200,5.6,17031040202,,12.5,3.46,15.96,,,POINT (-87.6940960217 41.9798553089)
17031809200,2024-02-03,20:45,2024-02-03,21:15,2149,12.8,17031081800,,22.5,1.68,24.18,,,POINT (-87.6378442095 41.8932163595)
17031809200,2024-02-03,20:45,2024-02-03,21:00,932,4.4,17031020500,,10,3.26,13.26,,,POINT (-87.684198195 42.0013132491)
17031809200,2024-02-03,14:30,2024-02-03,15:00,2085,14.6,17031980000,,35,11.76,46.76,,,POINT (-87.9030396611 41.9790708201)
17031809200,2024-02-03,14:30,2024-02-03,14:30,837,3.4,17031010202,,7.5,4.5,13,,,POINT (-87.6733337784 42.0160464924)
17031809200,2024-02-03,10:30,2024-02-03,11:15,3338,16,17031081500,,20,0.47,20.47,,,POINT (-87.6262149064 41.8925077809)
17031809200,2024-02-03,10:30,2024-02-03,10:45,918,3.5,17031010202,,12.5,1.68,14.18,,,POINT (-87.6733337784 42.0160464924)
17031809200,2024-02-02,21:15,2024-02-02,21:45,1444,7.2,17031050200,,12.5,3.88,17.38,,,POINT (-87.683718102 41.957735565)
17031809200,2024-02-02,21:15,2024-02-02,21:45,2084,18.8,17031833100,,15,6.81,21.81,,,POINT (-87.657005027 41.8790669938)
17031809200,2024-02-02,21:15,2024-02-02,21:45,1572,18.1,17031081800,,20,6.23,26.23,,,POINT (-87.6378442095 41.8932163595)
17031809200,2024-02-02,21:15,2024-02-02,21:30,1462,5.6,17031010300,,7.5,0.38,7.88,,,POINT (-87.6665362779 42.0159343756)
17031809200,2024-02-01,22:30,2024-02-01,22:45,1066,4.1,17031020500,,10,0.25,10.25,,,POINT (-87.684198195 42.0013132491)
17031809200,2024-02-01,22:30,2024-02-01,23:15,2150,13.6,17031081700,,,,,,,POINT (-87.6318639497 41.8920421365)
17031809200,2024-02-01,14:00,2024-02-01,14:15,820,3.6,17031010202,,12.5,1.68,14.18,,,POINT (-87.6733337784 42.0160464924)
17031809200,2024-02-01,13:00,2024-02-01,13:30,1713,9.4,17031061901,,15,4.03,19.03,,,POINT (-87.6434709559 41.9432371225)
17031809200,2024-02-01,13:00,2024-02-01,13:00,620,3.3,17031010201,,10,3.24,13.24,,,POINT (-87.680162272 42.0160105638)
17031809200,2024-02-01,13:00,2024-02-01,13:45,1984,16.2,17031980000,,35,12.02,47.02,,,POINT (-87.9030396611 41.9790708201)
17031809200,2024-02-01,11:15,2024-02-01,11:45,1567,19,17031281900,,25,3.43,32.43,,,POINT (-87.642648998 41.8792550844)
17031809200,2024-02-01,11:15,2024-02-01,12:00,2019,18.6,17031980000,,35,8.9,47.9,,,POINT (-87.9030396611 41.9790708201)
17031809200,2024-02-01,11:15,2024-02-01,11:30,1108,4.8,17031020500,,10,3.29,16.29,,,POINT (-87.684198195 42.0013132491)
17031809200,2024-02-01,9:15,2024-02-01,10:00,2544,13.5,17031081800,,27.5,3.43,30.93,,,POINT (-87.6378442095 41.8932163595)
17031809200,2024-02-01,9:15,2024-02-01,9:30,997,6.1,17031040300,,15,12.31,27.31,,,POINT (-87.701941074 41.9768117505)
17031809200,2024-01-31,17:45,2024-01-31,18:30,2717,15.6,17031330100,,20,6.06,26.06,,,POINT (-87.6173580061 41.859349715)
17031809200,2024-01-31,17:45,2024-01-31,18:30,2963,13.5,17031242100,,15,0.31,15.31,,,POINT (-87.6698377982 41.8996701799)
17031809200,2024-01-31,17:45,2024-01-31,18:00,1019,4,17031010300,,10,3.75,13.75,,,POINT (-87.6665362779 42.0159343756)
17031809200,2024-01-31,16:45,2024-01-31,17:30,3323,14.6,17031832900,,27.5,1.68,29.18,,,POINT (-87.6618611238 41.8741766252)
17031809200,2024-01-31,16:45,2024-01-31,17:00,916,2.8,17031020200,,12.5,1.68,14.18,,,POINT (-87.6996630419 42.0156967498)
17031809200,2024-01-31,16:45,2024-01-31,17:15,2462,13.1,17031170200,,30,1.68,31.68,,,POINT (-87.7815190801 41.9493532323)
17031809200,2024-01-31,8:15,2024-01-31,8:30,1263,5.2,17031010503,,10,3.76,16.76,,,POINT (-87.6631267998 42.0003203059)
17031809200,2024-01-30,8:45,2024-01-30,9:00,565,3,17031010201,,10,3.18,13.18,,,POINT (-87.680162272 42.0160105638)
17031809200,2024-01-30,8:45,2024-01-30,9:30,2339,15,17031980000,,25,22.8,54.8,,,POINT (-87.9030396611 41.9790708201)
17031809200,2024-01-30,8:45,2024-01-30,9:15,2023,8,17031843700,,12.5,16.91,29.41,,,POINT (-87.6907750098 41.9448137543)
17031809200,2024-01-30,8:15,2024-01-30,8:45,2524,13.1,17031191200,,25,1.68,26.68,,,POINT (-87.7607889112 41.920126404)
17031809200,2024-01-29,6:30,2024-01-29,7:00,1702,13.6,17031081800,,17.5,5.34,22.84,,,POINT (-87.6378442095 41.8932163595)
17031809200,2024-01-29,6:30,2024-01-29,7:15,2146,17.4,17031231500,,20,8.41,28.41,,,POINT (-87.7186707951 41.8917542026)
17031809200,2024-01-29,6:30,2024-01-29,7:15,2505,29.1,17031440102,,30,11.34,41.34,,,POINT (-87.6011081642 41.740997711)
17031809200,2024-01-28,17:30,2024-01-28,17:45,905,2.8,17031020200,,15,1.68,16.68,,,POINT (-87.6996630419 42.0156967498)
17031809200,2024-01-28,17:15,2024-01-28,18:00,2026,15.9,17031242700,,25,1.68,31.68,,,POINT (-87.6993744036 41.8974257653)
17031809200,2024-01-28,17:15,2024-01-28,17:30,1182,5.9,17031030703,,12.5,3.68,17.18,,,POINT (-87.6578712629 41.9788750584)
17031809200,2024-01-28,11:45,2024-01-28,12:15,2200,14.3,17031191301,,17.5,5.27,26.77,,,POINT (-87.780270163 41.9201527839)
17031809200,2024-01-28,11:45,2024-01-28,12:00,784,4.1,17031010702,,10,3.13,13.13,,,POINT (-87.6727239593 42.0090182269)
17031809200,2024-01-28,11:45,2024-01-28,12:15,1871,14.2,17031320100,,17.5,4.34,21.84,,,POINT (-87.6209929134 41.8849871918)
17031809200,2024-01-27,23:30,2024-01-27,23:45,541,2.8,17031010201,,5,3.74,8.74,,,POINT (-87.680162272 42.0160105638)
17031809200,2024-01-27,23:30,2024-01-27,23:45,1416,16.1,17031831000,,40,7.02,47.02,,,POINT (-87.6750951155 41.9160052737)
17031809200,2024-01-27,23:30,2024-01-28,0:00,2473,20,17031081500,,55,7.85,71.85,,,POINT (-87.6262149064 41.8925077809)
17031809200,2024-01-27,22:30,2024-01-27,23:00,1217,10.8,17031140500,,30,22.88,62.88,,,POINT (-87.7318327391 41.9653625868)
17031809200,2024-01-27,22:30,2024-01-27,22:45,1556,15.1,17031221300,,27.5,4.67,32.17,,,POINT (-87.6997544065 41.9211259143)
17031809200,2024-01-26,23:45,2024-01-26,23:45,657,3.6,17031020302,,12.5,1.68,14.18,,,POINT (-87.6949637498 42.0085407611)
17031809200,2024-01-26,23:45,2024-01-27,0:00,1117,7.5,17031160800,,17.5,1.68,19.18,,,POINT (-87.7128142315 41.9502120955)
17031809200,2024-01-26,21:00,2024-01-26,21:30,1913,19.9,17031839100,,25,18.66,54.66,,,POINT (-87.6327464887 41.8809944707)
17031809200,2024-01-26,21:00,2024-01-26,22:00,3238,23.7,17031431400,,37.5,2.02,39.52,,,POINT (-87.551994147 41.7559614313)
17031809200,2024-01-26,21:00,2024-01-26,21:15,969,5,17031010501,,12.5,1.68,14.18,,,POINT (-87.6639582144 42.0094125471)
17031809200,2024-01-26,14:15,2024-01-26,16:15,7164,28.2,17031490902,,40,12.53,52.53,,,POINT (-87.6153264942 41.7032802648)
17031809200,2024-01-26,14:15,2024-01-26,15:30,4622,16.8,17031843200,,37.5,1.68,39.18,,,POINT (-87.6635286858 41.8474315472)
17031809200,2024-01-26,14:15,2024-01-26,15:00,2821,17,17031243500,,20,7.05,27.05,,,POINT (-87.6525344838 41.8926581076)
17031809200,2024-01-25,13:00,2024-01-25,13:45,2010,18.8,17031281900,,22.5,6.87,34.37,,,POINT (-87.642648998 41.8792550844)
17031809200,2024-01-25,13:00,2024-01-25,13:15,704,3.1,17031020400,,10,3.02,13.02,,,POINT (-87.6859131333 42.0084870082)
17031809200,2024-01-25,8:45,2024-01-25,9:30,3001,10.7,17031071100,,35,6.86,41.86,,,POINT (-87.6510618838 41.9217781876)
17031809200,2024-01-25,8:45,2024-01-25,9:00,904,3.8,17031010100,,10,3.31,13.31,,,POINT (-87.6698247721 42.0212235931)
17031809200,2024-01-24,17:45,2024-01-24,18:45,3256,11.1,17031063400,,20,5.79,25.79,,,POINT (-87.6467297286 41.9346591566)
17031809200,2024-01-24,17:45,2024-01-24,18:15,2239,16,17031980000,,32.5,13.22,45.72,,,POINT (-87.9030396611 41.9790708201)
17031809200,2024-01-24,17:45,2024-01-24,18:30,3214,16.6,17031330100,,30,1.68,31.68,,,POINT (-87.6173580061 41.859349715)
17031809200,2024-01-24,17:45,2024-01-24,18:15,2327,9.3,17031060900,,7.5,3.46,10.96,,,POINT (-87.6439653703 41.949829346)
17031809200,2024-01-22,18:00,2024-01-22,18:15,747,3.1,17031020200,,10,2.46,17.46,,,POINT (-87.6996630419 42.0156967498)
17031809200,2024-01-22,18:00,2024-01-22,18:15,821,3.4,17031010201,,10,1.68,11.68,,,POINT (-87.680162272 42.0160105638)
17031809200,2024-01-22,18:00,2024-01-22,18:45,2280,9.4,17031210501,,25,1.68,26.68,,,POINT (-87.7223302976 41.9374017942)
17031809200,2024-01-22,6:45,2024-01-22,7:30,3214,23.3,17031841500,,25,7.64,32.64,,,POINT (-87.7078663416 41.8615808621)
17031809200,2024-01-21,21:30,2024-01-21,22:00,1741,18.6,17031281900,,22.5,4.94,27.44,,,POINT (-87.642648998 41.8792550844)
17031809200,2024-01-21,18:30,2024-01-21,18:45,846,4.2,17031010702,,7.5,3.23,10.73,,,POINT (-87.6727239593 42.0090182269)
17031809200,2024-01-21,18:30,2024-01-21,19:00,1614,7.5,17031031700,,20,1.68,26.68,,,POINT (-87.6631958495 41.9654457842)
17031809200,2024-01-21,18:30,2024-01-21,19:00,1738,12.1,17031150501,,15,4.19,19.19,,,POINT (-87.7819640228 41.964474648)
17031809200,2024-01-21,0:00,2024-01-21,0:15,682,3.5,17031010702,,10,1.68,11.68,,,POINT (-87.6727239593 42.0090182269)
17031809200,2024-01-21,0:00,2024-01-21,0:30,1265,6.8,17031031700,,15,1.68,16.68,,,POINT (-87.6631958495 41.9654457842)
17031809200,2024-01-21,0:00,2024-01-21,0:15,1182,7.1,17031031100,,15,1.68,16.68,,,POINT (-87.6638654956 41.9726679555)
17031809200,2024-01-21,0:00,2024-01-21,0:15,1618,20,17031839000,,20,5.18,29.18,,,POINT (-87.6314065252 41.8710158803)
17031809200,2024-01-20,21:30,2024-01-20,22:00,1560,11.5,17031151002,,15,4.32,24.32,,,POINT (-87.7471543225 41.9424881553)
17031809200,2024-01-20,21:30,2024-01-20,22:00,1774,20.2,17031841900,,20,4.89,24.89,,,POINT (-87.6429586652 41.8679024175)
17031809200,2024-01-20,20:45,2024-01-20,21:00,1155,6.7,17031160601,,12.5,1.68,14.18,,,POINT (-87.7020985409 41.9595267906)
17031809200,2024-01-20,20:45,2024-01-20,21:00,1078,6.1,17031040100,,10,3.8,13.8,,,POINT (-87.681993542 41.9833308063)
17031809200,2024-01-20,19:30,2024-01-20,19:45,1371,4.2,17031020602,,20,1.68,21.68,,,POINT (-87.6936374936 42.0013159243)
17031809200,2024-01-20,19:30,2024-01-20,19:45,1196,5.9,17031030500,,17.5,1.68,19.18,,,POINT (-87.6649377243 41.9872255578)
17031809200,2024-01-20,19:30,2024-01-20,20:00,1841,10.4,17031063100,,20,4.67,24.67,,,POINT (-87.6467820813 41.938232293)
17031809200,2024-01-20,14:00,2024-01-20,14:30,1813,6.9,17031030703,,12.5,4.21,16.71,,,POINT (-87.6578712629 41.9788750584)
17031809200,2024-01-20,14:00,2024-01-20,14:45,2485,17.5,17031351000,,25,5.9,30.9,,,POINT (-87.6108347373 41.8346735981)
17031809200,2024-01-20,14:00,2024-01-20,14:45,2621,12.4,17031770700,,22.5,1.82,24.32,,,POINT (-87.8773053996 41.9827750091)
17031809200,2024-01-20,10:45,2024-01-20,11:15,2320,13.8,17031320100,,20,4.39,24.39,,,POINT (-87.6209929134 41.8849871918)
17031809200,2024-01-20,10:45,2024-01-20,11:30,1895,9.8,17031063000,,22.5,1.68,24.18,,,POINT (-87.6515625922 41.9363101308)
17031809200,2024-01-19,21:30,2024-01-19,21:45,1166,5,17031010400,,15,1.62,16.62,,,POINT (-87.659122427 42.004764559)
17031809200,2024-01-19,21:30,2024-01-19,21:45,877,3.9,17031020602,,17.5,1.68,19.18,,,POINT (-87.6936374936 42.0013159243)
17031809200,2024-01-19,20:00,2024-01-19,20:30,1706,18.1,17031081800,,17.5,6.65,24.15,,,POINT (-87.6378442095 41.8932163595)
17031809200,2024-01-19,20:00,2024-01-19,20:30,2430,29.4,17031834000,,30,6.99,36.99,,,POINT (-87.6295663156 41.7275849467)
17031809200,2024-01-19,20:00,2024-01-19,20:30,1455,6,17031030104,,12.5,5.59,18.09,,,POINT (-87.6574987907 41.9971539428)
17031809200,2024-01-19,18:15,2024-01-19,19:15,3184,16,17031330100,,25,6.35,31.35,,,POINT (-87.6173580061 41.859349715)
17031809200,2024-01-19,18:15,2024-01-19,19:00,3087,11.1,17031241300,,30,6.89,36.89,,,POINT (-87.6810252307 41.9067713317)
17031809200,2024-01-19,18:15,2024-01-19,18:30,969,4,17031010300,,12.5,3.49,15.99,,,POINT (-87.6665362779 42.0159343756)
17031809200,2024-01-19,17:00,2024-01-19,17:15,852,2.9,17031020200,,10,3.31,13.31,,,POINT (-87.6996630419 42.0156967498)
17031809200,2024-01-19,17:00,2024-01-19,17:15,784,3.6,17031010202,,10,5.4,15.4,,,POINT (-87.6733337784 42.0160464924)
17031809200,2024-01-19,17:00,2024-01-19,17:15,1324,4.6,17031010600,,12.5,3.97,16.47,,,POINT (-87.6676836101 42.0062788614)
17031809200,2024-01-18,19:15,2024-01-18,19:45,1964,18.9,17031833000,,27.5,7.07,34.57,,,POINT (-87.6572331997 41.8852813201)
17031809200,2024-01-18,19:15,2024-01-18,19:30,796,3.5,17031010202,,10,2.31,12.31,,,POINT (-87.6733337784 42.0160464924)
17031809200,2024-01-18,19:15,2024-01-18,19:30,873,4,17031020500,,7.5,3.31,10.81,,,POINT (-87.684198195 42.0013132491)
17031809200,2024-01-17,20:30,2024-01-17,21:00,1517,5.2,17031020602,,15,1.68,16.68,,,POINT (-87.6936374936 42.0013159243)
17031809200,2024-01-17,20:30,2024-01-17,20:45,855,3.8,17031010202,,10,3.13,13.13,,,POINT (-87.6733337784 42.0160464924)
17031809200,2024-01-17,20:30,2024-01-17,20:45,1246,5.2,17031020801,,15,1.68,16.68,,,POINT (-87.6944151909 41.9868086263)
17031809200,2024-01-17,18:15,2024-01-17,18:45,1454,5.9,17031030800,,12.5,4.25,19.75,,,POINT (-87.6641882421 41.9799124453)
17031809200,2024-01-17,18:15,2024-01-17,18:30,1162,4.6,17031010600,,12.5,3.72,16.22,,,POINT (-87.6676836101 42.0062788614)
17031809200,2024-01-17,9:45,2024-01-17,10:00,992,5.7,17031831800,,12.5,3.46,15.96,,,POINT (-87.7164304157 41.9782942489)
17031809200,2024-01-17,9:45,2024-01-17,10:30,3260,12.3,17031081202,,22.5,3.43,25.93,,,POINT (-87.6261455896 41.9027880476)
17031809200,2024-01-16,14:00,2024-01-16,14:00,563,2.9,17031020200,,10,3.36,13.36,,,POINT (-87.6996630419 42.0156967498)
17031809200,2024-01-16,8:15,2024-01-16,9:00,2428,19.5,17031980000,,30,17.35,57.35,,,POINT (-87.9030396611 41.9790708201)
17031809200,2024-01-15,9:45,2024-01-15,10:00,651,3.6,17031010202,,10,1.68,16.68,,,POINT (-87.6733337784 42.0160464924)
17031809200,2024-01-15,9:45,2024-01-15,10:30,2238,14.7,17031320400,,25,3.43,28.43,,,POINT (-87.6219716519 41.8774061234)
17031809200,2024-01-14,16:45,2024-01-14,17:15,1968,21.1,17031843200,,30,1.68,31.68,,,POINT (-87.6635286858 41.8474315472)
17031809200,2024-01-14,16:45,2024-01-14,17:00,1082,6.4,17031831800,,12.5,3.59,16.09,,,POINT (-87.7164304157 41.9782942489)
17031809200,2024-01-14,16:45,2024-01-14,17:15,1367,5.9,17031030604,,12.5,3.67,19.17,,,POINT (-87.6537935286 41.9854724225)
17031809200,2024-01-14,14:45,2024-01-14,14:45,549,3.5,17031020100,,7.5,2.9,10.4,,,POINT (-87.6871159899 42.0157199072)
17031809200,2024-01-13,23:30,2024-01-14,0:15,1953,8.4,17031830700,,20,1.68,21.68,,,POINT (-87.6603894557 41.958055933)
17031809200,2024-01-13,18:00,2024-01-13,18:15,1606,7.7,17031010400,,15,2.06,17.06,,,POINT (-87.659122427 42.004764559)
17031809200,2024-01-13,18:00,2024-01-13,18:45,2521,13.9,17031081500,,20,5.08,25.08,,,POINT (-87.6262149064 41.8925077809)
17031809200,2024-01-13,18:00,2024-01-13,18:15,874,4,17031010702,,0,0,0,,,POINT (-87.6727239593 42.0090182269)
17031809200,2024-01-13,16:15,2024-01-13,16:30,857,3.4,17031020200,,10,3.17,13.17,,,POINT (-87.6996630419 42.0156967498)
17031809200,2024-01-13,16:15,2024-01-13,16:30,768,3.2,17031010100,,12.5,1.68,14.18,,,POINT (-87.6698247721 42.0212235931)
17031809200,2024-01-13,16:15,2024-01-13,16:30,747,3.4,17031020200,,7.5,2.18,9.68,,,POINT (-87.6996630419 42.0156967498)
17031809200,2024-01-12,18:45,2024-01-12,19:15,1756,8.9,17031070700,,20,1.68,21.68,,,POINT (-87.6738072384 41.9292725315)
17031809200,2024-01-12,18:45,2024-01-12,19:15,1336,13.7,17031210700,,17.5,6.19,23.69,,,POINT (-87.7038545435 41.9357064711)
17031809200,2024-01-12,18:45,2024-01-12,19:00,637,3.4,17031010202,,10,3.91,13.91,,,POINT (-87.6733337784 42.0160464924)
17031809200,2024-01-12,18:45,2024-01-12,19:15,1868,18.8,17031833000,,27.5,3.43,30.93,,,POINT (-87.6572331997 41.8852813201)
17031809200,2024-01-11,18:15,2024-01-11,18:30,1005,4.2,17031010501,,10,3.62,16.62,,,POINT (-87.6639582144 42.0094125471)
17031809200,2024-01-11,18:15,2024-01-11,18:30,1070,3.9,17031010300,,10,3.45,13.45,,,POINT (-87.6665362779 42.0159343756)
17031809200,2024-01-11,18:15,2024-01-11,18:30,778,2.5,17031020200,,10,3.16,13.16,,,POINT (-87.6996630419 42.0156967498)
17031809200,2024-01-11,17:45,2024-01-11,18:00,1406,5.5,17031020302,,10,4.33,14.33,,,POINT (-87.6949637498 42.0085407611)
17031809200,2024-01-11,17:45,2024-01-11,18:15,1968,6.2,17031031000,,17.5,4.79,22.29,,,POINT (-87.6711095263 41.9724370811)
17031809200,2024-01-11,17:45,2024-01-11,18:30,2459,17.4,17031980000,,37.5,14.4,57.9,,,POINT (-87.9030396611 41.9790708201)
17031809200,2024-01-11,8:15,2024-01-11,9:00,2484,16.8,17031980000,,32.5,7.03,45.53,,,POINT (-87.9030396611 41.9790708201)
17031809200,2024-01-11,8:15,2024-01-11,9:30,3776,14.8,17031081800,,40,8.15,58.15,,,POINT (-87.6378442095 41.8932163595)
17031809200,2024-01-09,20:15,2024-01-09,20:30,1053,5.2,17031030200,,17.5,1.68,21.18,,,POINT (-87.6652247765 41.9944422482)
17031809200,2024-01-09,20:15,2024-01-09,20:30,1344,6.5,17031031100,,12.5,4.65,18.15,,,POINT (-87.6638654956 41.9726679555)
17031809200,2024-01-09,18:00,2024-01-09,18:45,2643,15.5,17031330100,,27.5,1.68,29.18,,,POINT (-87.6173580061 41.859349715)
17031809200,2024-01-09,18:00,2024-01-09,18:15,989,4.9,17031830600,,15,1.68,16.68,,,POINT (-87.6735740325 42.0016981937)
17031809200,2024-01-07,14:30,2024-01-07,14:45,931,4.1,17031020702,,7.5,3.64,11.14,,,POINT (-87.7048934862 41.9941436461)
17031809200,2024-01-07,14:30,2024-01-07,15:15,1930,13.9,17031081600,,20,4.55,29.55,,,POINT (-87.6288741572 41.8920726347)
17031809200,2024-01-07,1:15,2024-01-07,1:30,1510,7.7,17031031502,,17.5,3.5,21,,,POINT (-87.6523653588 41.9636331692)
17031809200,2024-01-07,1:15,2024-01-07,1:30,528,3.2,17031020302,,7.5,3.27,10.77,,,POINT (-87.6949637498 42.0085407611)
17031809200,2024-01-06,14:30,2024-01-06,15:00,2409,16.1,17031980000,,35,7.03,52.03,,,POINT (-87.9030396611 41.9790708201)
17031809200,2024-01-06,14:30,2024-01-06,16:00,5664,16.3,17031081700,,42.5,9.94,52.44,,,POINT (-87.6318639497 41.8920421365)
17031809200,2024-01-06,14:30,2024-01-06,15:15,3418,29.3,17031430400,,37.5,1.68,39.18,,,POINT (-87.5902857319 41.7621651218)
17031809200,2024-01-05,22:45,2024-01-05,23:15,1502,8.8,17031062800,,15,4.9,19.9,,,POINT (-87.6612652184 41.936159071)
17031809200,2024-01-05,21:15,2024-01-05,21:45,1479,18.1,17031833000,,15,4.61,19.61,,,POINT (-87.6572331997 41.8852813201)
17031809200,2024-01-05,21:15,2024-01-05,21:45,1741,13.3,17031081500,,27.5,7.22,34.72,,,POINT (-87.6262149064 41.8925077809)
17031809200,2024-01-05,18:15,2024-01-05,19:00,2066,8.9,17031161300,,17.5,5.2,25.7,,,POINT (-87.7310024842 41.9426995777)
17031809200,2024-01-05,18:15,2024-01-05,18:30,1185,4.3,17031010501,,10,3.56,13.56,,,POINT (-87.6639582144 42.0094125471)
17031809200,2024-01-05,18:15,2024-01-05,18:30,1517,10.1,17031160200,,20,4.65,24.65,,,POINT (-87.7383939059 41.9587978628)
17031809200,2024-01-05,18:15,2024-01-05,18:30,1394,7.1,17031040600,,12.5,4.34,17.84,,,POINT (-87.6840183712 41.9668340674)
17031809200,2024-01-05,17:30,2024-01-05,18:30,2921,10.9,17031242400,,22.5,5.8,32.3,,,POINT (-87.684490122 41.8994222543)
17031809200,2024-01-05,17:30,2024-01-05,18:00,1778,7.1,17031031700,,15,4.65,19.65,,,POINT (-87.6631958495 41.9654457842)
17031809200,2024-01-05,7:45,2024-01-05,8:00,1132,5.5,17031030400,,15,1.68,22.68,,,POINT (-87.6720809941 41.9869530579)
17031809200,2024-01-05,7:45,2024-01-05,8:15,1782,10.2,17031070102,,15,4.21,22.21,,,POINT (-87.6422063127 41.9305785697)
17031809200,2024-01-03,21:00,2024-01-03,21:45,2458,30.2,17031440900,,37.5,1.8,39.3,,,POINT (-87.6090062203 41.7286693305)
17031809200,2024-01-03,14:45,2024-01-03,15:00,1039,4.6,17031830600,,12.5,1.68,14.18,,,POINT (-87.6735740325 42.0016981937)
17031809200,2024-01-03,14:45,2024-01-03,15:30,2489,15.8,17031280100,,30,3.43,33.43,,,POINT (-87.6428084655 41.8853000224)
17031809200,2024-01-03,14:45,2024-01-03,15:30,2983,17,17031252000,,30,1.68,31.68,,,POINT (-87.7698815509 41.88366198)
17031809200,2024-01-01,18:45,2024-01-01,19:15,2154,16.7,17031231500,,22.5,1.68,24.18,,,POINT (-87.7186707951 41.8917542026)
17031809200,2024-01-01,18:45,2024-01-01,19:15,1844,13.1,17031081201,,22.5,18.92,47.42,,,POINT (-87.6262105324 41.8991556134)
17031809200,2023-12-31,22:45,2023-12-31,23:30,2732,18.9,17031839100,,32.5,1.68,34.18,,,POINT (-87.6327464887 41.8809944707)
17031809200,2023-12-31,22:45,2023-12-31,23:00,1007,6.5,17031040300,,25,1.68,30.68,,,POINT (-87.701941074 41.9768117505)
17031809200,2023-12-31,22:45,2023-12-31,23:00,970,4.6,17031020500,,22.5,1.68,24.18,,,POINT (-87.684198195 42.0013132491)
17031809200,2023-12-31,20:45,2023-12-31,21:15,2141,16.1,17031251600,,20,7.91,27.91,,,POINT (-87.7518036939 41.8914068203)
17031809200,2023-12-31,20:45,2023-12-31,21:00,1143,6.3,17031030900,,22.5,4.43,26.93,,,POINT (-87.6714455473 41.9797955506)
17031809200,2023-12-31,20:45,2023-12-31,21:15,1984,9.2,17031832000,,17.5,5.27,24.77,,,POINT (-87.6542980837 41.9462945357)
17031809200,2023-12-31,20:15,2023-12-31,20:45,2312,13.4,17031080400,,,,,,,POINT (-87.6409015248 41.9074128162)
17031809200,2023-12-31,20:15,2023-12-31,20:30,1591,6,17031020602,,20,1.68,21.68,,,POINT (-87.6936374936 42.0013159243)
17031809200,2023-12-31,19:45,2023-12-31,20:00,959,6,17031120300,,22.5,3.97,26.47,,,POINT (-87.7400551895 41.991119555)
17031809200,2023-12-31,19:45,2023-12-31,20:00,833,4.5,17031010702,,12.5,1.68,14.18,,,POINT (-87.6727239593 42.0090182269)
17031809200,2023-12-31,19:45,2023-12-31,20:00,896,5,17031020500,,12.5,3.4,15.9,,,POINT (-87.684198195 42.0013132491)
17031809200,2023-12-31,18:00,2023-12-31,18:30,1115,6.2,17031831800,,12.5,4.24,16.74,,,POINT (-87.7164304157 41.9782942489)
17031809200,2023-12-31,18:00,2023-12-31,18:30,2048,14.6,17031221100,,40,1.68,49.68,,,POINT (-87.7103591445 41.9210196071)
17031809200,2023-12-31,18:00,2023-12-31,18:30,2053,13.5,17031081402,,17.5,5.75,23.25,,,POINT (-87.6129454143 41.8919715078)
17031809200,2023-12-31,11:45,2023-12-31,12:00,850,4.3,17031010702,,10,3.19,13.19,,,POINT (-87.6727239593 42.0090182269)
17031809200,2023-12-31,11:45,2023-12-31,12:00,727,4,17031010702,,10,3.14,13.14,,,POINT (-87.6727239593 42.0090182269)
17031809200,2023-12-31,11:45,2023-12-31,12:15,2010,8.7,17031062200,,20,1.68,21.68,,,POINT (-87.6566440918 41.9425851797)
17031809200,2023-12-31,11:15,2023-12-31,12:00,2104,19.6,17031980000,,35,9.66,50.66,,,POINT (-87.9030396611 41.9790708201)
17031809200,2023-12-30,21:15,2023-12-30,21:30,1121,6.6,17031831800,,12.5,3.69,16.19,,,POINT (-87.7164304157 41.9782942489)
17031809200,2023-12-30,21:15,2023-12-30,21:30,781,3.6,17031010100,,10,2.3,12.3,,,POINT (-87.6698247721 42.0212235931)
17031809200,2023-12-30,10:00,2023-12-30,10:30,1657,19.2,17031841900,,22.5,4.87,27.37,,,POINT (-87.6429586652 41.8679024175)
17031809200,2023-12-30,10:00,2023-12-30,10:30,1864,9.2,17031062500,,20,1.68,21.68,,,POINT (-87.671107656 41.9414882338)
17031809200,2023-12-30,10:00,2023-12-30,10:15,919,4,17031010202,,10,3.01,16.01,,,POINT (-87.6733337784 42.0160464924)
17031809200,2023-12-30,2:30,2023-12-30,3:15,3072,29.1,17031222700,,37.5,7.23,44.73,,,POINT (-87.7101956338 41.915496209)
17031809200,2023-12-28,17:30,2023-12-28,17:45,1082,4.3,17031010501,,17.5,1.68,24.18,,,POINT (-87.6639582144 42.0094125471)
17031809200,2023-12-28,17:30,2023-12-28,17:45,973,3.6,17031020100,,15,1.68,16.68,,,POINT (-87.6871159899 42.0157199072)
17031809200,2023-12-28,17:30,2023-12-28,18:00,1185,4.3,17031020601,,10,3.79,16.79,,,POINT (-87.701802904 42.0008748252)
17031809200,2023-12-25,20:00,2023-12-25,20:45,2820,23,17031431400,,42.5,1.68,49.18,,,POINT (-87.551994147 41.7559614313)
17031809200,2023-12-25,20:00,2023-12-25,20:15,624,3,17031010201,,10,1.68,16.68,,,POINT (-87.680162272 42.0160105638)
17031809200,2023-12-25,20:00,2023-12-25,20:15,1074,5.1,17031010400,,10,4.06,14.06,,,POINT (-87.659122427 42.004764559)
17031809200,2023-12-25,16:30,2023-12-25,16:45,900,4.8,17031020901,,12.5,3.58,16.08,,,POINT (-87.6860768812 41.9942252345)
17031809200,2023-12-25,16:30,2023-12-25,16:45,702,2.8,17031020400,,10,1.68,11.68,,,POINT (-87.6859131333 42.0084870082)
17031809200,2023-12-25,16:30,2023-12-25,16:45,955,4.1,17031010702,,7.5,1.48,8.98,,,POINT (-87.6727239593 42.0090182269)
17031809200,2023-12-24,20:00,2023-12-24,20:15,804,4,17031020602,,7.5,3.25,10.75,,,POINT (-87.6936374936 42.0013159243)
17031809200,2023-12-24,17:15,2023-12-24,17:45,1879,15.7,17031980000,,52.5,12.65,82.15,,,POINT (-87.9030396611 41.9790708201)
17031809200,2023-12-24,17:15,2023-12-24,18:00,2258,14.7,17031980000,,30,7,43,,,POINT (-87.9030396611 41.9790708201)
17031809200,2023-12-24,17:15,2023-12-24,17:30,580,3.1,17031010201,,10,1.68,14.68,,,POINT (-87.680162272 42.0160105638)
17031809200,2023-12-24,0:15,2023-12-24,0:15,588,3.6,17031010702,,10,3.21,15.21,,,POINT (-87.6727239593 42.0090182269)
17031809200,2023-12-24,0:15,2023-12-24,0:45,1717,12.9,17031190800,,22.5,1.68,24.18,,,POINT (-87.7513626916 41.927819073)
17031809200,2023-12-24,0:15,2023-12-24,0:45,1606,16.6,17031833000,,25,1.68,26.68,,,POINT (-87.6572331997 41.8852813201)
17031809200,2023-12-23,21:30,2023-12-23,22:00,1622,17.7,17031833000,,27.5,5.78,33.28,,,POINT (-87.6572331997 41.8852813201)
17031809200,2023-12-23,21:30,2023-12-23,21:45,835,4,17031020602,,10,1.68,11.68,,,POINT (-87.6936374936 42.0013159243)
17031809200,2023-12-23,21:30,2023-12-23,21:45,1433,4.2,17031020602,,12.5,1.68,14.18,,,POINT (-87.6936374936 42.0013159243)
17031809200,2023-12-23,18:15,2023-12-23,18:45,2011,10.1,17031063000,,20,1.68,21.68,,,POINT (-87.6515625922 41.9363101308)
17031809200,2023-12-23,18:15,2023-12-23,18:30,625,3.2,17031020200,,10,3.14,13.14,,,POINT (-87.6996630419 42.0156967498)
17031809200,2023-12-23,10:00,2023-12-23,10:15,616,3.2,17031010202,,10,2.91,12.91,,,POINT (-87.6733337784 42.0160464924)
17031809200,2023-12-22,16:30,2023-12-22,18:00,5190,15.6,17031330100,,30,13.12,49.12,,,POINT (-87.6173580061 41.859349715)
17031809200,2023-12-22,16:30,2023-12-22,16:45,920,3.3,17031010201,,10,4.4,14.4,,,POINT (-87.680162272 42.0160105638)
17031809200,2023-12-22,16:30,2023-12-22,17:00,1587,5.9,17031030104,,12.5,5.36,21.86,,,POINT (-87.6574987907 41.9971539428)
17031809200,2023-12-22,16:00,2023-12-22,16:00,822,2.9,17031020200,,10,1.68,11.68,,,POINT (-87.6996630419 42.0156967498)
17031809200,2023-12-22,13:00,2023-12-22,13:15,869,3.7,17031010202,,10,2.54,12.54,,,POINT (-87.6733337784 42.0160464924)
17031809200,2023-12-22,13:00,2023-12-22,13:45,2621,13.5,17031320100,,22.5,7.11,29.61,,,POINT (-87.6209929134 41.8849871918)
17031809200,2023-12-22,13:00,2023-12-22,13:15,1296,6.9,17031040300,,15,3.99,18.99,,,POINT (-87.701941074 41.9768117505)
17031809200,2023-12-21,19:15,2023-12-21,20:00,2422,16.4,17031980000,,17.5,12.09,29.59,,,POINT (-87.9030396611 41.9790708201)
17031809200,2023-12-21,19:15,2023-12-21,19:30,520,2.3,17031020100,,7.5,2.9,10.4,,,POINT (-87.6871159899 42.0157199072)
17031809200,2023-12-21,15:45,2023-12-21,16:15,1868,6.1,17031040100,,12.5,4.36,19.86,,,POINT (-87.681993542 41.9833308063)
17031809200,2023-12-21,15:45,2023-12-21,16:30,2439,15.6,17031980000,,27.5,28.08,66.58,,,POINT (-87.9030396611 41.9790708201)
17031809200,2023-12-21,13:15,2023-12-21,13:30,741,3.2,17031010202,,12.5,1.68,14.18,,,POINT (-87.6733337784 42.0160464924)
17031809200,2023-12-21,13:15,2023-12-21,13:45,1409,6.9,17031140701,,12.5,3.22,15.72,,,POINT (-87.7108482084 41.9667749433)
17031809200,2023-12-21,11:45,2023-12-21,12:15,1564,6.9,17031040600,,15,3.85,19.85,,,POINT (-87.6840183712 41.9668340674)
17031809200,2023-12-21,11:45,2023-12-21,12:00,982,4.1,17031020702,,7.5,3.23,10.73,,,POINT (-87.7048934862 41.9941436461)
17031809200,2023-12-21,11:45,2023-12-21,12:15,2150,18.7,17031281900,,22.5,6.78,29.28,,,POINT (-87.642648998 41.8792550844)
17031809200,2023-12-20,9:30,2023-12-20,10:00,1855,15.5,17031980000,,30,9.51,49.51,,,POINT (-87.9030396611 41.9790708201)
17031809200,2023-12-20,9:30,2023-12-20,10:15,2166,15.9,17031980000,,32.5,7.03,44.53,,,POINT (-87.9030396611 41.9790708201)
17031809200,2023-12-20,9:30,2023-12-20,9:45,715,3.8,17031010100,,10,3.15,13.15,,,POINT (-87.6698247721 42.0212235931)
17031809200,2023-12-17,14:45,2023-12-17,15:45,2820,13.6,17031281900,,30,1.68,31.68,,,POINT (-87.642648998 41.8792550844)
17031809200,2023-12-17,14:45,2023-12-17,15:15,2158,16.6,17031242800,,22.5,5.49,27.99,,,POINT (-87.6891259086 41.8919483818)
17031809200,2023-12-17,14:45,2023-12-17,15:15,2138,13.2,17031081300,,17.5,4.45,26.95,,,POINT (-87.6207628651 41.8983317935)
17031809200,2023-12-17,0:30,2023-12-17,0:45,626,3.6,17031010702,,10,3.28,15.28,,,POINT (-87.6727239593 42.0090182269)
17031809200,2023-12-17,0:30,2023-12-17,0:45,1355,6.4,17031040600,,15,1.68,16.68,,,POINT (-87.6840183712 41.9668340674)
17031809200,2023-12-17,0:30,2023-12-17,0:45,628,4.1,17031010702,,7.5,3.32,13.82,,,POINT (-87.6727239593 42.0090182269)
17031809200,2023-12-16,15:15,2023-12-16,16:15,3421,12.7,17031081201,,22.5,8.01,30.51,,,POINT (-87.6262105324 41.8991556134)
17031809200,2023-12-16,15:15,2023-12-16,15:45,1625,6.7,17031040100,,12.5,5.47,17.97,,,POINT (-87.681993542 41.9833308063)
17031809200,2023-12-16,15:15,2023-12-16,16:15,3866,14.6,17031081500,,22.5,7.64,30.14,,,POINT (-87.6262149064 41.8925077809)
17031809200,2023-12-16,14:45,2023-12-16,15:00,684,3.2,17031010202,,7.5,3.88,11.38,,,POINT (-87.6733337784 42.0160464924)
17031809200,2023-12-16,14:45,2023-12-16,15:15,2287,13.4,17031190702,,25,1.68,26.68,,,POINT (-87.7610398751 41.9261631049)
17031809200,2023-12-16,14:45,2023-12-16,15:00,916,3.7,17031010202,,10,4.2,14.2,,,POINT (-87.6733337784 42.0160464924)
17031809200,2023-12-16,0:00,2023-12-16,0:30,1672,13.1,17031081401,,22.5,1.68,29.18,,,POINT (-87.6197106717 41.8950334495)
17031809200,2023-12-16,0:00,2023-12-16,0:15,1151,5.9,17031020801,,12.5,1.68,14.18,,,POINT (-87.6944151909 41.9868086263)
17031809200,2023-12-16,0:00,2023-12-16,0:15,938,5,17031010501,,10,3.92,13.92,,,POINT (-87.6639582144 42.0094125471)
17031809200,2023-12-15,19:00,2023-12-15,19:45,2665,23.3,17031590700,,30,6.74,36.74,,,POINT (-87.6637988716 41.8268319106)
17031809200,2023-12-15,19:00,2023-12-15,19:30,1961,10.2,17031063400,,17.5,5,25.5,,,POINT (-87.6467297286 41.9346591566)
17031809200,2023-12-15,19:00,2023-12-15,19:00,645,2.9,17031010201,,10,1.68,11.68,,,POINT (-87.680162272 42.0160105638)
17031809200,2023-12-15,12:15,2023-12-15,13:00,3022,20.2,17031839700,,27.5,2.02,29.52,,,POINT (-87.6535834197 41.8329371807)
17031809200,2023-12-15,12:15,2023-12-15,13:15,3275,17.2,17031252000,,32.5,1.68,39.18,,,POINT (-87.7698815509 41.88366198)
17031809200,2023-12-14,21:15,2023-12-14,22:00,2431,18.1,17031081700,,32.5,1.68,34.18,,,POINT (-87.6318639497 41.8920421365)
17031809200,2023-12-14,21:15,2023-12-14,22:00,2285,14.7,17031190702,,20,1.68,21.68,,,POINT (-87.7610398751 41.9261631049)
17031809200,2023-12-14,21:15,2023-12-14,21:30,1166,6.2,17031030101,,10,3.68,13.68,,,POINT (-87.6573042698 41.9912345323)
17031809200,2023-12-14,19:00,2023-12-14,19:15,1243,7.2,17031140602,,17.5,1.68,19.18,,,POINT (-87.7210167687 41.964652354)
17031809200,2023-12-14,19:00,2023-12-14,19:45,2158,12.8,17031081500,,17.5,6.83,24.33,,,POINT (-87.6262149064 41.8925077809)
17031809200,2023-12-14,19:00,2023-12-14,19:15,989,4.4,17031010300,,10,3.58,13.58,,,POINT (-87.6665362779 42.0159343756)
17031809200,2023-12-13,18:30,2023-12-13,19:00,2030,7,17031031900,,15,1.68,16.68,,,POINT (-87.6701845504 41.9633743823)
17031809200,2023-12-13,18:30,2023-12-13,18:45,1082,4.3,17031010501,,12.5,1.68,19.18,,,POINT (-87.6639582144 42.0094125471)
17031809200,2023-12-13,18:30,2023-12-13,18:45,1262,4.6,17031010600,,12.5,3.72,16.22,,,POINT (-87.6676836101 42.0062788614)
17031809200,2023-12-13,16:00,2023-12-13,17:00,3820,15,17031283800,,30,1.68,31.68,,,POINT (-87.6537566193 41.8634226841)
17031809200,2023-12-11,0:45,2023-12-11,1:30,2451,19,17031320100,,27.5,1.68,29.18,,,POINT (-87.6209929134 41.8849871918)
17031809200,2023-12-10,22:30,2023-12-10,23:15,2488,15.1,17031252000,,30,1.68,31.68,,,POINT (-87.7698815509 41.88366198)
17031809200,2023-12-10,22:30,2023-12-10,23:15,2581,20.5,17031842600,,,,,,,POINT (-87.6516929533 41.8162234797)
17031809200,2023-12-10,22:30,2023-12-10,23:00,1633,9.6,17031062000,,,,,,,POINT (-87.6470785093 41.942577185)
17031809200,2023-12-10,15:00,2023-12-10,16:00,3198,15.3,17031283800,,27.5,1.68,29.18,,,POINT (-87.6537566193 41.8634226841)
17031809200,2023-12-10,15:00,2023-12-10,16:30,5733,26.4,17031980100,,52.5,11.45,63.95,,,POINT (-87.7509342894 41.785998518)
17031809200,2023-12-10,15:00,2023-12-10,15:30,2039,16.8,17031980000,,32.5,12.67,45.17,,,POINT (-87.9030396611 41.9790708201)
17031809200,2023-12-10,12:15,2023-12-10,12:45,1637,7.2,17031040201,,12.5,3.8,16.3,,,POINT (-87.6940010612 41.9725808001)
17031809200,2023-12-10,0:15,2023-12-10,0:45,1672,8.5,17031061100,,12.5,4.85,20.35,,,POINT (-87.6568039088 41.9491397709)
17031809200,2023-12-10,0:15,2023-12-10,0:30,684,3.6,17031010702,,12.5,1.68,16.18,,,POINT (-87.6727239593 42.0090182269)
17031809200,2023-12-10,0:15,2023-12-10,1:00,2199,15,17031839000,,17.5,5.29,22.79,,,POINT (-87.6314065252 41.8710158803)
17031809200,2023-12-09,20:15,2023-12-09,21:30,4811,33.3,17031460500,,,,,,,POINT (-87.5726073052 41.7468832529)
17031809200,2023-12-09,20:15,2023-12-09,21:00,3153,22.5,17031330100,,,,,,,POINT (-87.6173580061 41.859349715)
17031809200,2023-12-09,20:15,2023-12-09,20:30,1251,6,17031040100,,10,3.86,13.86,,,POINT (-87.681993542 41.9833308063)
17031809200,2023-12-09,19:30,2023-12-09,20:15,2822,16.8,17031833100,,22.5,6.14,35.64,,,POINT (-87.657005027 41.8790669938)
17031809200,2023-12-09,19:30,2023-12-09,20:00,1513,7.4,17031830700,,12.5,4.28,16.78,,,POINT (-87.6603894557 41.958055933)
17031809200,2023-12-09,19:30,2023-12-09,20:15,2516,14.3,17031251600,,20,6.83,26.83,,,POINT (-87.7518036939 41.8914068203)
17031809200,2023-12-09,19:30,2023-12-09,19:45,964,4.9,17031010502,,12.5,3.56,19.06,,,POINT (-87.6633278588 42.0045174875)
17031809200,2023-12-09,16:00,2023-12-09,16:30,2050,12.9,17031081300,,20,5.5,25.5,,,POINT (-87.6207628651 41.8983317935)
17031809200,2023-12-09,16:00,2023-12-09,16:45,2370,9.1,17031150200,,15,4.74,19.74,,,POINT (-87.7524091367 41.9606756968)
17031809200,2023-12-09,16:00,2023-12-09,16:15,724,3.4,17031010202,,10,2.44,12.44,,,POINT (-87.6733337784 42.0160464924)
17031809200,2023-12-08,21:00,2023-12-08,21:45,2280,12.5,17031081000,,17.5,6.15,23.65,,,POINT (-87.6321092196 41.9002656868)
17031809200,2023-12-08,21:00,2023-12-08,21:30,2404,15.6,17031842100,,20,6.26,26.26,,,POINT (-87.7335180512 41.8952576428)
17031809200,2023-12-08,21:00,2023-12-08,21:30,2081,14.2,17031250200,,20,5.91,25.91,,,POINT (-87.7510700613 41.9122848999)
17031809200,2023-12-08,11:45,2023-12-08,12:00,904,3.5,17031020400,,12.5,1.68,14.18,,,POINT (-87.6859131333 42.0084870082)
17031809200,2023-12-08,11:45,2023-12-08,11:45,720,3.4,17031010201,,10,3.13,13.13,,,POINT (-87.680162272 42.0160105638)
17031809200,2023-12-07,15:45,2023-12-07,16:45,3211,15.7,17031980000,,40,11.65,51.65,,,POINT (-87.9030396611 41.9790708201)
17031809200,2023-12-07,15:45,2023-12-07,17:00,4417,17.8,17031270500,,37.5,8.12,45.62,,,POINT (-87.7177791062 41.8762234405)
17031809200,2023-12-06,6:15,2023-12-06,7:00,1914,15.9,17031980000,,30,7.1,37.1,,,POINT (-87.9030396611 41.9790708201)
17031809200,2023-12-06,6:15,2023-12-06,7:00,3009,18.2,17031081800,,20,6.67,33.67,,,POINT (-87.6378442095 41.8932163595)
17031809200,2023-12-05,17:30,2023-12-05,18:15,2948,9.9,17031070700,,17.5,6.5,24,,,POINT (-87.6738072384 41.9292725315)
17031809200,2023-12-05,17:30,2023-12-05,18:00,1810,5.9,17031040202,,15,4.9,19.9,,,POINT (-87.6940960217 41.9798553089)
17031809200,2023-12-04,18:15,2023-12-04,18:30,869,3.9,17031010300,,10,3.64,13.64,,,POINT (-87.6665362779 42.0159343756)
17031809200,2023-12-04,18:15,2023-12-04,18:30,1193,5.2,17031010503,,15,1.68,16.68,,,POINT (-87.6631267998 42.0003203059)
17031809200,2023-12-04,18:15,2023-12-04,18:45,1269,4.6,17031010600,,12.5,3.66,16.16,,,POINT (-87.6676836101 42.0062788614)
17031809200,2023-12-04,16:15,2023-12-04,16:30,1170,4.1,17031010201,,12.5,1.68,14.18,,,POINT (-87.680162272 42.0160105638)
17031809200,2023-12-04,16:15,2023-12-04,16:45,2107,8.1,17031140602,,10,2.9,12.9,,,POINT (-87.7210167687 41.964652354)
17031809200,2023-12-04,16:15,2023-12-04,16:30,1228,4.2,17031010600,,10,3.86,16.86,,,POINT (-87.6676836101 42.0062788614)
17031809200,2023-12-03,8:45,2023-12-03,9:00,1047,5.1,17031020902,,10,3.71,13.71,,,POINT (-87.6786882109 41.9942660943)
17031809200,2023-12-03,8:45,2023-12-03,9:15,1676,18.7,17031081500,,17.5,1.68,19.18,,,POINT (-87.6262149064 41.8925077809)
17031809200,2023-12-02,22:30,2023-12-02,23:15,2378,16.3,17031330200,,25,1.68,26.68,,,POINT (-87.6305800611 41.8612808467)
17031809200,2023-12-02,22:30,2023-12-02,23:00,1693,19,17031833000,,25,1.68,26.68,,,POINT (-87.6572331997 41.8852813201)
17031809200,2023-12-02,22:30,2023-12-02,23:00,1567,14.9,17031221300,,20,1.68,21.68,,,POINT (-87.6997544065 41.9211259143)
17031809200,2023-12-02,21:15,2023-12-02,21:45,1070,5,17031020500,,10,3.54,13.54,,,POINT (-87.684198195 42.0013132491)
17031809200,2023-12-02,17:30,2023-12-02,18:00,1767,8.4,17031160900,,17.5,1.68,22.18,,,POINT (-87.722610871 41.9500776349)
17031809200,2023-12-02,17:30,2023-12-02,18:00,989,5.1,17031010400,,12.5,3.79,17.29,,,POINT (-87.659122427 42.004764559)
17031809200,2023-12-02,17:30,2023-12-02,18:00,1771,8.1,17031050500,,17.5,4.85,27.35,,,POINT (-87.6835062305 41.9504425991)
17031809200,2023-12-01,23:15,2023-12-01,23:30,720,4.8,17031130300,,35,1.68,36.68,,,POINT (-87.7133688039 41.9865581808)
17031809200,2023-12-01,23:15,2023-12-01,23:30,733,4,17031010702,,22.5,1.53,24.03,,,POINT (-87.6727239593 42.0090182269)
17031809200,2023-12-01,23:15,2023-12-01,23:30,1136,7,17031050300,,30,4.07,34.07,,,POINT (-87.6915302475 41.9576519161)
17031809200,2023-12-01,23:00,2023-12-01,23:30,1454,15.4,17031832300,,30,6.5,36.5,,,POINT (-87.671445766 41.9192250505)
17031809200,2023-12-01,23:00,2023-12-01,23:15,1455,6.4,17031040402,,15,1.68,16.68,,,POINT (-87.6788459662 41.9725625375)
17031809200,2023-12-01,23:00,2023-12-01,23:15,1162,5.9,17031030900,,17.5,5.51,23.01,,,POINT (-87.6714455473 41.9797955506)
17031809200,2023-12-01,23:00,2023-12-01,23:30,2062,11.2,17031242400,,25,1.68,31.68,,,POINT (-87.684490122 41.8994222543)
17031809200,2023-12-01,22:45,2023-12-01,23:00,1558,16.1,17031831000,,20,7.99,27.99,,,POINT (-87.6750951155 41.9160052737)
17031809200,2023-12-01,22:45,2023-12-01,23:00,1460,15.9,17031831000,,22.5,6.04,28.54,,,POINT (-87.6750951155 41.9160052737)
17031809200,2023-12-01,22:45,2023-12-01,23:00,1471,15.9,17031831000,,32.5,6.6,47.1,,,POINT (-87.6750951155 41.9160052737)
17031809200,2023-12-01,22:45,2023-12-01,23:15,1553,14.9,17031831000,,40,6.62,55.62,,,POINT (-87.6750951155 41.9160052737)
17031809200,2023-12-01,22:45,2023-12-01,23:15,1576,16.1,17031831000,,37.5,7.12,44.62,,,POINT (-87.6750951155 41.9160052737)
17031809200,2023-12-01,22:30,2023-12-01,23:00,1667,8.6,17031060900,,27.5,1.68,29.18,,,POINT (-87.6439653703 41.949829346)
17031809200,2023-12-01,22:30,2023-12-01,23:15,2300,10.2,17031831000,,37.5,1.68,39.18,,,POINT (-87.6750951155 41.9160052737)
17031809200,2023-12-01,22:30,2023-12-01,23:00,1958,10.2,17031831000,,55,1.68,56.68,,,POINT (-87.6750951155 41.9160052737)
17031809200,2023-12-01,22:30,2023-12-01,23:00,1601,7.5,17031050500,,17.5,5.42,22.92,,,POINT (-87.6835062305 41.9504425991)
17031809200,2023-12-01,22:15,2023-12-01,22:45,1879,10.8,17031831000,,37.5,1.68,39.18,,,POINT (-87.6750951155 41.9160052737)
17031809200,2023-12-01,22:15,2023-12-01,22:45,1796,9.1,17031832000,,27.5,1.68,29.18,,,POINT (-87.6542980837 41.9462945357)
17031809200,2023-12-01,22:15,2023-12-01,22:45,1628,15.9,17031831000,,20,6.08,26.08,,,POINT (-87.6750951155 41.9160052737)
17031809200,2023-12-01,22:15,2023-12-01,22:15,741,3.7,17031020400,,10,3.29,13.29,,,POINT (-87.6859131333 42.0084870082)
17031809200,2023-12-01,22:15,2023-12-01,22:45,1872,10.7,17031221200,,32.5,1.68,41.18,,,POINT (-87.704648384 41.9210845826)
17031809200,2023-12-01,22:00,2023-12-01,22:15,1019,6.6,17031040202,,15,1.68,16.68,,,POINT (-87.6940960217 41.9798553089)
17031809200,2023-12-01,22:00,2023-12-01,22:30,1421,15.8,17031831000,,32.5,5.88,38.38,,,POINT (-87.6750951155 41.9160052737)
17031809200,2023-12-01,22:00,2023-12-01,22:15,1633,8.6,17031060800,,15,4.15,19.15,,,POINT (-87.6460070664 41.9534000435)
17031809200,2023-12-01,22:00,2023-12-01,22:45,2247,13.2,17031081800,,20,4.95,24.95,,,POINT (-87.6378442095 41.8932163595)
17031809200,2023-12-01,22:00,2023-12-01,22:30,2264,13.4,17031081700,,17.5,4.73,22.23,,,POINT (-87.6318639497 41.8920421365)
17031809200,2023-12-01,22:00,2023-12-01,22:30,2216,9.4,17031070500,,17.5,4.55,22.05,,,POINT (-87.6608925701 41.9289459041)
17031809200,2023-12-01,21:30,2023-12-01,22:15,2200,11.5,17031071200,,22.5,5.34,27.84,,,POINT (-87.6462109769 41.9218549112)
17031809200,2023-12-01,21:30,2023-12-01,21:45,1290,5.8,17031030500,,15,1.68,16.68,,,POINT (-87.6649377243 41.9872255578)
17031809200,2023-12-01,20:30,2023-12-01,20:45,916,3.8,17031020602,,12.5,1.68,14.18,,,POINT (-87.6936374936 42.0013159243)
17031809200,2023-12-01,20:30,2023-12-01,21:15,2461,20.6,17031839100,,12.5,5.37,17.87,,,POINT (-87.6327464887 41.8809944707)
17031809200,2023-12-01,20:30,2023-12-01,21:00,1794,10.7,17031070300,,20,5.71,30.71,,,POINT (-87.6513108767 41.9290469366)
17031809200,2023-12-01,20:15,2023-12-01,20:45,1868,18.6,17031081800,,27.5,3.43,40.93,,,POINT (-87.6378442095 41.8932163595)
17031809200,2023-12-01,20:15,2023-12-01,20:45,1788,7.8,17031843700,,30,1.68,31.68,,,POINT (-87.6907750098 41.9448137543)
17031809200,2023-12-01,20:15,2023-12-01,21:00,2701,13.9,17031081800,,20,7.25,27.25,,,POINT (-87.6378442095 41.8932163595)
17031809200,2023-12-01,20:00,2023-12-01,20:45,2011,14.2,17031190601,,22.5,1.68,44.18,,,POINT (-87.7804606984 41.9274148582)
17031809200,2023-12-01,20:00,2023-12-01,20:30,1922,8.6,17031062400,,30,24.31,54.31,,,POINT (-87.6662888874 41.941555829)
17031809200,2023-12-01,20:00,2023-12-01,20:15,1251,5.7,17031030101,,12.5,5.78,18.28,,,POINT (-87.6573042698 41.9912345323)
17031809200,2023-12-01,15:45,2023-12-01,16:30,2455,5.6,17031030900,,12.5,5.66,18.16,,,POINT (-87.6714455473 41.9797955506)
17031809200,2023-12-01,15:45,2023-12-01,16:15,1807,4.1,17031010300,,10,4.74,14.74,,,POINT (-87.6665362779 42.0159343756)
17031809200,2023-12-01,15:45,2023-12-01,16:30,1998,6.9,17031010201,,22.5,1.68,24.18,,,POINT (-87.680162272 42.0160105638)
17031809200,2023-11-30,16:30,2023-11-30,17:00,1313,3.9,17031020702,,12.5,1.68,14.18,,,POINT (-87.7048934862 41.9941436461)
17031809200,2023-11-30,16:30,2023-11-30,17:15,2454,8.3,17031031400,,22.5,1.68,24.18,,,POINT (-87.6453787624 41.962178629)
17031809200,2023-11-30,16:30,2023-11-30,17:00,1256,4.6,17031010600,,12.5,4.32,16.82,,,POINT (-87.6676836101 42.0062788614)
17031809200,2023-11-27,11:45,2023-11-27,12:00,869,5.3,17031130100,,10,3.18,13.18,,,POINT (-87.7239678299 41.9900642527)
17031809200,2023-11-25,20:15,2023-11-25,20:45,1996,11.8,17031070300,,20,1.68,21.68,,,POINT (-87.6513108767 41.9290469366)
17031809200,2023-11-25,20:15,2023-11-25,20:30,1051,5,17031010600,,10,3.57,13.57,,,POINT (-87.6676836101 42.0062788614)
17031809200,2023-11-25,20:15,2023-11-25,21:00,2226,14.4,17031320100,,22.5,1.68,24.18,,,POINT (-87.6209929134 41.8849871918)
17031809200,2023-11-25,18:30,2023-11-25,19:15,2582,14.9,17031320400,,27.5,1.68,29.18,,,POINT (-87.6219716519 41.8774061234)
17031809200,2023-11-25,18:30,2023-11-25,19:00,1239,5.6,17031040202,,12.5,3.96,23.46,,,POINT (-87.6940960217 41.9798553089)
17031809200,2023-11-25,18:30,2023-11-25,19:15,2030,9.4,17031061100,,25,4.56,29.56,,,POINT (-87.6568039088 41.9491397709)
17031809200,2023-11-24,22:00,2023-11-24,22:30,1925,12.1,17031081201,,20,4.9,30.9,,,POINT (-87.6262105324 41.8991556134)
17031809200,2023-11-24,22:00,2023-11-24,22:30,1151,6.3,17031030800,,15,4.45,24.45,,,POINT (-87.6641882421 41.9799124453)
17031809200,2023-11-24,22:00,2023-11-24,22:30,1518,14.2,17031221300,,15,6.44,21.44,,,POINT (-87.6997544065 41.9211259143)
17031809200,2023-11-24,20:00,2023-11-24,20:30,1335,4.7,17031020602,,17.5,1.68,19.18,,,POINT (-87.6936374936 42.0013159243)
17031809200,2023-11-24,20:00,2023-11-24,20:15,1571,7.2,17031031200,,15,4.36,22.36,,,POINT (-87.6573411073 41.9727095466)
17031809200,2023-11-24,20:00,2023-11-24,20:15,545,2.5,17031020100,,7.5,2.87,10.37,,,POINT (-87.6871159899 42.0157199072)
17031809200,2023-11-24,18:00,2023-11-24,18:30,2048,9.2,17031031200,,10,1.7,11.7,,,POINT (-87.6573411073 41.9727095466)
17031809200,2023-11-24,18:00,2023-11-24,18:30,1310,6.1,17031040100,,12.5,1.68,18.18,,,POINT (-87.681993542 41.9833308063)
17031809200,2023-11-24,18:00,2023-11-24,18:15,1018,4.6,17031830600,,12.5,1.68,14.18,,,POINT (-87.6735740325 42.0016981937)
17031809200,2023-11-24,10:45,2023-11-24,11:15,1919,14.9,17031320100,,20,6.55,26.55,,,POINT (-87.6209929134 41.8849871918)
17031809200,2023-11-24,10:45,2023-11-24,11:15,2393,15.6,17031980000,,35,10.61,45.61,,,POINT (-87.9030396611 41.9790708201)
17031809200,2023-11-23,16:30,2023-11-23,17:00,1787,20,17031839100,,22.5,7.72,30.22,,,POINT (-87.6327464887 41.8809944707)
17031809200,2023-11-23,16:30,2023-11-23,17:15,2534,16.6,17031251900,,27.5,1.68,29.18,,,POINT (-87.7600980476 41.8837934871)
17031809200,2023-11-23,16:30,2023-11-23,17:15,1922,21.1,17031280900,,25,6.75,31.75,,,POINT (-87.6851318314 41.8786440899)
17031809200,2023-11-23,13:45,2023-11-23,14:45,3969,25.9,17031841100,,37.5,7.99,45.49,,,POINT (-87.6350918563 41.8510178239)
17031809200,2023-11-23,13:45,2023-11-23,14:00,970,6.3,17031831800,,12.5,2.69,15.19,,,POINT (-87.7164304157 41.9782942489)
17031809200,2023-11-22,23:15,2023-11-22,23:45,1398,8.4,17031061100,,15,4.66,22.66,,,POINT (-87.6568039088 41.9491397709)
17031809200,2023-11-22,23:15,2023-11-23,0:00,2339,26.2,17031390600,,25,6.16,31.16,,,POINT (-87.5943479846 41.8060217045)
17031809200,2023-11-22,21:45,2023-11-22,22:15,1490,9.2,17031832000,,15,4.19,19.19,,,POINT (-87.6542980837 41.9462945357)
17031809200,2023-11-22,21:45,2023-11-22,22:15,1613,9.2,17031060900,,15,4.07,22.07,,,POINT (-87.6439653703 41.949829346)
17031809200,2023-11-22,21:45,2023-11-22,22:00,1198,6.1,17031040202,,15,1.68,16.68,,,POINT (-87.6940960217 41.9798553089)
17031809200,2023-11-22,15:00,2023-11-22,16:15,4012,18.2,17031980000,,25,20.2,52.2,,,POINT (-87.9030396611 41.9790708201)
17031809200,2023-11-22,15:00,2023-11-22,15:45,2318,13.2,17031081700,,30,3.43,33.43,,,POINT (-87.6318639497 41.8920421365)
17031809200,2023-11-21,11:45,2023-11-21,12:15,2189,17.2,17031980000,,32.5,13.14,45.64,,,POINT (-87.9030396611 41.9790708201)
17031809200,2023-11-21,11:45,2023-11-21,12:00,851,4.8,17031130100,,10,3.22,13.22,,,POINT (-87.7239678299 41.9900642527)
17031809200,2023-11-21,8:30,2023-11-21,8:45,1405,5.5,17031010503,,10,4.45,14.45,,,POINT (-87.6631267998 42.0003203059)
17031809200,2023-11-20,16:30,2023-11-20,17:15,2820,17.1,17031980000,,37.5,13.12,50.62,,,POINT (-87.9030396611 41.9790708201)
17031809200,2023-11-20,16:30,2023-11-20,17:15,2355,13.4,17031081403,,20,7.33,27.33,,,POINT (-87.6188683546 41.8909220259)
17031809200,2023-11-20,16:30,2023-11-20,17:00,2006,11.7,17031080100,,25,7.82,39.82,,,POINT (-87.6266589003 41.9075200747)
17031809200,2023-11-20,10:30,2023-11-20,11:00,2237,15.5,17031980000,,30,7.03,47.03,,,POINT (-87.9030396611 41.9790708201)
17031809200,2023-11-20,10:30,2023-11-20,11:15,2515,13.8,17031081800,,20,6.3,26.3,,,POINT (-87.6378442095 41.8932163595)
17031809200,2023-11-19,22:00,2023-11-19,22:30,1706,18.1,17031833000,,20,4.92,24.92,,,POINT (-87.6572331997 41.8852813201)
17031809200,2023-11-19,22:00,2023-11-19,22:15,1350,6.8,17031031000,,12.5,6.72,22.22,,,POINT (-87.6711095263 41.9724370811)
17031809200,2023-11-19,19:00,2023-11-19,19:15,876,4.3,17031010702,,10,3.35,13.35,,,POINT (-87.6727239593 42.0090182269)
17031809200,2023-11-19,19:00,2023-11-19,19:30,1651,8.8,17031832100,,20,4.17,24.17,,,POINT (-87.6532439924 41.9528229157)
17031809200,2023-11-19,19:00,2023-11-19,19:30,1047,4.5,17031830600,,12.5,1.68,14.18,,,POINT (-87.6735740325 42.0016981937)
17031809200,2023-11-19,12:45,2023-11-19,13:00,926,3.3,17031010201,,7.5,3.08,10.58,,,POINT (-87.680162272 42.0160105638)
17031809200,2023-11-19,12:45,2023-11-19,13:15,2138,10.1,17031832000,,15,4.4,24.4,,,POINT (-87.6542980837 41.9462945357)
17031809200,2023-11-19,12:45,2023-11-19,13:30,2200,12.5,17031080300,,20,1.63,23.63,,,POINT (-87.6357600901 41.9074919303)
17031809200,2023-11-19,7:00,2023-11-19,7:15,731,3.9,17031010202,,10,2.98,12.98,,,POINT (-87.6733337784 42.0160464924)
17031809200,2023-11-19,7:00,2023-11-19,7:00,750,4.2,17031010300,,10,2.53,12.53,,,POINT (-87.6665362779 42.0159343756)
17031809200,2023-11-18,23:30,2023-11-19,0:00,1609,19.2,17031833300,,22.5,5.78,28.28,,,POINT (-87.6540926517 41.8716894745)
17031809200,2023-11-18,23:30,2023-11-18,23:45,482,2.7,17031020200,,10,1.68,11.68,,,POINT (-87.6996630419 42.0156967498)
17031809200,2023-11-18,23:30,2023-11-19,0:00,2204,21.3,17031841900,,22.5,6.55,29.05,,,POINT (-87.6429586652 41.8679024175)
17031809200,2023-11-18,19:45,2023-11-18,20:15,2068,9.6,17031220500,,20,1.68,21.68,,,POINT (-87.7049072355 41.9283913974)
17031809200,2023-11-18,19:45,2023-11-18,20:00,787,4.9,17031130100,,15,2.57,17.57,,,POINT (-87.7239678299 41.9900642527)
17031809200,2023-11-18,19:45,2023-11-18,20:30,3291,14.4,17031839100,,37.5,6.33,50.83,,,POINT (-87.6327464887 41.8809944707)
17031809200,2023-11-17,21:00,2023-11-17,21:30,1540,7.9,17031032100,,15,4.39,19.39,,,POINT (-87.6530217894 41.9581548757)
17031809200,2023-11-17,21:00,2023-11-17,21:15,873,3.3,17031010202,,10,3.27,13.27,,,POINT (-87.6733337784 42.0160464924)
17031809200,2023-11-17,21:00,2023-11-17,21:15,1340,6.6,17031031100,,12.5,4.04,16.54,,,POINT (-87.6638654956 41.9726679555)
17031809200,2023-11-17,18:45,2023-11-17,19:00,1494,6,17031040100,,15,1.68,16.68,,,POINT (-87.681993542 41.9833308063)
17031809200,2023-11-17,18:45,2023-11-17,19:30,2281,8.8,17031832000,,20,1.68,31.68,,,POINT (-87.6542980837 41.9462945357)
17031809200,2023-11-17,18:45,2023-11-17,19:15,1556,6.6,17031030900,,12.5,4.4,19.9,,,POINT (-87.6714455473 41.9797955506)
17031809200,2023-11-17,18:30,2023-11-17,19:30,3584,21.7,17031410900,,30,8.54,38.54,,,POINT (-87.5823657023 41.7971534246)
17031809200,2023-11-17,18:30,2023-11-17,18:45,1147,4.6,17031010600,,10,3.96,13.96,,,POINT (-87.6676836101 42.0062788614)
17031809200,2023-11-17,18:30,2023-11-17,19:00,2161,9.3,17031220602,,20,6.01,26.01,,,POINT (-87.7119742544 41.9293297134)
17031809200,2023-11-17,17:00,2023-11-17,17:15,1070,4.2,17031830600,,12.5,4.09,16.59,,,POINT (-87.6735740325 42.0016981937)
17031809200,2023-11-17,17:00,2023-11-17,17:30,1670,5.6,17031040202,,20,1.68,21.68,,,POINT (-87.6940960217 41.9798553089)
17031809200,2023-11-17,17:00,2023-11-17,18:45,5656,26.1,17031980100,,52.5,14.98,67.48,,,POINT (-87.7509342894 41.785998518)
17031809200,2023-11-17,9:30,2023-11-17,10:15,2227,18.3,17031980000,,47.5,10.41,62.91,,,POINT (-87.9030396611 41.9790708201)
17031809200,2023-11-16,17:00,2023-11-16,18:30,5761,20.7,17031980100,,62.5,6.68,69.18,,,POINT (-87.7509342894 41.785998518)
17031809200,2023-11-16,17:00,2023-11-16,18:15,4448,17.3,17031330100,,37.5,14.51,63.01,,,POINT (-87.6173580061 41.859349715)
17031809200,2023-11-16,15:00,2023-11-16,15:15,861,3.8,17031020302,,7.5,3.38,10.88,,,POINT (-87.6949637498 42.0085407611)
17031809200,2023-11-14,18:15,2023-11-14,19:00,2824,12,17031200200,,20,1.68,21.68,,,POINT (-87.7356259487 41.9278531896)
17031809200,2023-11-14,18:15,2023-11-14,18:45,1942,7.7,17031031502,,20,1.68,25.68,,,POINT (-87.6523653588 41.9636331692)
17031809200,2023-11-14,18:15,2023-11-14,19:15,3267,15,17031281900,,35,30.46,65.46,,,POINT (-87.642648998 41.8792550844)
17031809200,2023-11-13,7:30,2023-11-13,8:15,2424,15.7,17031980000,,37.5,11.85,49.35,,,POINT (-87.9030396611 41.9790708201)
17031809200,2023-11-13,7:30,2023-11-13,8:30,4064,14.6,17031081800,,22.5,3.43,25.93,,,POINT (-87.6378442095 41.8932163595)
17031809200,2023-11-12,13:00,2023-11-12,13:15,1005,4.2,17031010501,,7.5,3.42,10.92,,,POINT (-87.6639582144 42.0094125471)
17031809200,2023-11-12,13:00,2023-11-12,13:45,2870,12.8,17031081300,,20,4.72,24.72,,,POINT (-87.6207628651 41.8983317935)
17031809200,2023-11-12,13:00,2023-11-12,13:15,838,3.7,17031010702,,7.5,3.32,10.82,,,POINT (-87.6727239593 42.0090182269)
17031809200,2023-11-11,23:45,2023-11-12,0:15,1772,13,17031081202,,17.5,4.93,27.43,,,POINT (-87.6261455896 41.9027880476)
17031809200,2023-11-11,23:45,2023-11-12,0:15,2107,12.8,17031081202,,17.5,4.88,27.38,,,POINT (-87.6261455896 41.9027880476)
17031809200,2023-11-11,23:45,2023-11-12,0:00,939,5.7,17031040202,,10,1.68,11.68,,,POINT (-87.6940960217 41.9798553089)
17031809200,2023-11-11,21:15,2023-11-11,22:00,2315,18.5,17031837400,,22.5,5.75,28.25,,,POINT (-87.6937939017 41.8759663)
17031809200,2023-11-11,21:15,2023-11-11,22:30,4260,20.4,17031230700,,32.5,7.67,40.17,,,POINT (-87.7215382944 41.9063227109)
17031809200,2023-11-11,21:15,2023-11-11,21:30,1043,5.1,17031020801,,10,3.51,15.51,,,POINT (-87.6944151909 41.9868086263)
17031809200,2023-11-11,16:45,2023-11-11,17:30,2137,10.5,17031063302,,17.5,4.68,22.18,,,POINT (-87.6398538587 41.9347624564)
17031809200,2023-11-11,16:45,2023-11-11,17:45,3808,23.2,17031430102,,37.5,2.08,45.58,,,POINT (-87.5658238794 41.7686011013)
17031809200,2023-11-11,16:45,2023-11-11,17:00,1362,5.2,17031030500,,15,1.68,20.68,,,POINT (-87.6649377243 41.9872255578)
17031809200,2023-11-10,17:45,2023-11-10,18:00,985,3.8,17031020302,,12.5,1.68,14.18,,,POINT (-87.6949637498 42.0085407611)
17031809200,2023-11-10,17:45,2023-11-10,18:15,2019,7.7,17031160800,,15,5.16,20.16,,,POINT (-87.7128142315 41.9502120955)
17031809200,2023-11-10,17:30,2023-11-10,17:45,1026,3.4,17031010202,,10,3.51,13.51,,,POINT (-87.6733337784 42.0160464924)
17031809200,2023-11-10,17:30,2023-11-10,17:45,841,2.8,17031010201,,10,1.68,11.68,,,POINT (-87.680162272 42.0160105638)
17031809200,2023-11-09,21:00,2023-11-09,21:45,2822,16.9,17031081401,,17.5,6.25,23.75,,,POINT (-87.6197106717 41.8950334495)
17031809200,2023-11-09,21:00,2023-11-09,21:15,745,4.2,17031020602,,10,1.68,11.68,,,POINT (-87.6936374936 42.0013159243)
17031809200,2023-11-09,21:00,2023-11-09,21:30,1011,4.4,17031010600,,10,3.38,13.38,,,POINT (-87.6676836101 42.0062788614)
17031809200,2023-11-09,17:30,2023-11-09,18:15,2770,6.7,17031031700,,15,5.37,24.37,,,POINT (-87.6631958495 41.9654457842)
17031809200,2023-11-09,17:30,2023-11-09,18:30,4251,10.9,17031032100,,22.5,7.57,30.07,,,POINT (-87.6530217894 41.9581548757)
17031809200,2023-11-09,17:30,2023-11-09,18:00,2330,6.3,17031040100,,15,1.68,16.68,,,POINT (-87.681993542 41.9833308063)
17031809200,2023-11-08,19:45,2023-11-08,20:15,2358,13.2,17031171000,,20,4.97,24.97,,,POINT (-87.7965237763 41.9418076152)
17031809200,2023-11-08,19:45,2023-11-08,20:00,660,3.3,17031020100,,7.5,3.33,10.83,,,POINT (-87.6871159899 42.0157199072)
17031809200,2023-11-08,19:45,2023-11-08,20:30,2053,13.2,17031081600,,20,6.8,26.8,,,POINT (-87.6288741572 41.8920726347)
17031809200,2023-11-08,18:15,2023-11-08,19:00,2362,15.3,17031320100,,25,7.88,32.88,,,POINT (-87.6209929134 41.8849871918)
17031809200,2023-11-08,18:15,2023-11-08,18:30,1121,4.2,17031010300,,10,3.56,13.56,,,POINT (-87.6665362779 42.0159343756)
17031809200,2023-11-08,18:15,2023-11-08,18:30,976,4,17031020802,,17.5,1.68,19.18,,,POINT (-87.6946307194 41.994059824)
17031809200,2023-11-07,17:30,2023-11-07,17:45,1213,4.8,17031830600,,10,4.06,14.06,,,POINT (-87.6735740325 42.0016981937)
17031809200,2023-11-07,17:30,2023-11-07,18:00,1813,4.9,17031830600,,17.5,1.68,19.18,,,POINT (-87.6735740325 42.0016981937)
17031809200,2023-11-07,17:30,2023-11-07,18:00,1355,5,17031010501,,15,1.68,16.68,,,POINT (-87.6639582144 42.0094125471)
17031809200,2023-11-07,17:30,2023-11-07,18:00,1802,5.4,17031830600,,17.5,1.68,19.18,,,POINT (-87.6735740325 42.0016981937)
17031809200,2023-11-07,12:00,2023-11-07,12:30,2296,15,17031980000,,25,7.01,32.01,,,POINT (-87.9030396611 41.9790708201)
17031809200,2023-11-07,12:00,2023-11-07,12:30,2066,18.4,17031980000,,25,8.92,33.92,,,POINT (-87.9030396611 41.9790708201)
17031809200,2023-11-07,12:00,2023-11-07,12:15,681,2.8,17031010201,,7.5,2.9,10.4,,,POINT (-87.680162272 42.0160105638)
17031809200,2023-11-07,6:30,2023-11-07,7:15,2930,14.8,17031841500,,22.5,7.15,29.65,,,POINT (-87.7078663416 41.8615808621)
17031809200,2023-11-07,6:30,2023-11-07,7:00,1815,16,17031980000,,32.5,7.1,39.6,,,POINT (-87.9030396611 41.9790708201)
17031809200,2023-11-07,6:30,2023-11-07,7:00,2104,15.4,17031980000,,32.5,7.08,39.58,,,POINT (-87.9030396611 41.9790708201)
17031809200,2023-11-06,20:30,2023-11-06,21:00,1475,4.7,17031020602,,15,1.68,16.68,,,POINT (-87.6936374936 42.0013159243)
17031809200,2023-11-06,20:30,2023-11-06,21:00,1660,7.2,17031031300,,17.5,1.68,22.18,,,POINT (-87.6502900743 41.9729293173)
17031809200,2023-11-06,15:15,2023-11-06,15:45,2242,16.6,17031980000,,42.5,7.03,49.53,,,POINT (-87.9030396611 41.9790708201)
17031809200,2023-11-06,15:15,2023-11-06,15:30,1062,4.3,17031020802,,12.5,1.68,14.18,,,POINT (-87.6946307194 41.994059824)
17031809200,2023-11-06,15:15,2023-11-06,15:30,1034,3.9,17031010501,,7.5,2.66,10.16,,,POINT (-87.6639582144 42.0094125471)
17031809200,2023-11-05,6:30,2023-11-05,7:00,1713,19.2,17031320400,,22.5,1.68,24.18,,,POINT (-87.6219716519 41.8774061234)
17031809200,2023-11-05,6:30,2023-11-05,7:00,1903,13.6,17031320400,,25,1.68,26.68,,,POINT (-87.6219716519 41.8774061234)
17031809200,2023-11-05,6:30,2023-11-05,7:00,2231,19.6,17031320400,,22.5,4.48,26.98,,,POINT (-87.6219716519 41.8774061234)
17031809200,2023-11-04,21:45,2023-11-04,22:15,1803,10.7,17031063000,,17.5,4.56,22.06,,,POINT (-87.6515625922 41.9363101308)
17031809200,2023-11-04,21:45,2023-11-04,22:00,805,4.5,17031010702,,7.5,3.36,15.86,,,POINT (-87.6727239593 42.0090182269)
17031809200,2023-11-04,21:45,2023-11-04,22:00,1390,5.8,17031830600,,12.5,4.8,17.3,,,POINT (-87.6735740325 42.0016981937)
17031809200,2023-11-04,19:00,2023-11-04,19:45,3041,15.9,17031839000,,50,27.4,77.4,,,POINT (-87.6314065252 41.8710158803)
17031809200,2023-11-04,19:00,2023-11-04,19:15,713,3.2,17031020302,,10,3.1,13.1,,,POINT (-87.6949637498 42.0085407611)
17031809200,2023-11-04,19:00,2023-11-04,19:30,2081,9.4,17031210700,,20,1.68,21.68,,,POINT (-87.7038545435 41.9357064711)
17031809200,2023-11-04,18:00,2023-11-04,19:15,3882,12.5,17031081500,,22.5,5.4,27.9,,,POINT (-87.6262149064 41.8925077809)
17031809200,2023-11-04,18:00,2023-11-04,18:45,2805,8.6,17031210900,,17.5,1.68,23.18,,,POINT (-87.693325868 41.9354389148)
17031809200,2023-11-04,15:30,2023-11-04,15:45,1215,4.9,17031020901,,10,3.57,13.57,,,POINT (-87.6860768812 41.9942252345)
17031809200,2023-11-04,15:30,2023-11-04,15:45,859,3.4,17031010202,,10,3.35,14.35,,,POINT (-87.6733337784 42.0160464924)
17031809200,2023-11-04,15:30,2023-11-04,16:30,3388,23.2,17031430102,,37.5,1.98,39.48,,,POINT (-87.5658238794 41.7686011013)
17031809200,2023-11-04,15:30,2023-11-04,15:45,1270,6.1,17031040100,,12.5,3.97,19.47,,,POINT (-87.681993542 41.9833308063)
17031809200,2023-11-03,20:30,2023-11-03,21:00,1294,6,17031030500,,15,1.68,16.68,,,POINT (-87.6649377243 41.9872255578)
17031809200,2023-11-03,20:30,2023-11-03,21:00,1039,4.8,17031020901,,10,3.42,13.42,,,POINT (-87.6860768812 41.9942252345)
17031809200,2023-11-03,20:30,2023-11-03,21:00,1000,4.5,17031020901,,10,3.34,13.34,,,POINT (-87.6860768812 41.9942252345)
17031809200,2023-11-03,20:30,2023-11-03,21:00,1472,12.3,17031151002,,15,3.7,18.7,,,POINT (-87.7471543225 41.9424881553)
17031809200,2023-11-03,17:30,2023-11-03,18:15,2440,7.5,17031031200,,10,3.46,13.46,,,POINT (-87.6573411073 41.9727095466)
17031809200,2023-11-03,16:15,2023-11-03,16:45,1205,5.4,17031010503,,12.5,5.67,18.17,,,POINT (-87.6631267998 42.0003203059)
17031809200,2023-11-03,16:15,2023-11-03,16:30,1117,3.7,17031010202,,10,3.43,13.43,,,POINT (-87.6733337784 42.0160464924)
17031809200,2023-11-03,16:15,2023-11-03,17:15,3861,13.4,17031250800,,25,9.09,34.09,,,POINT (-87.7514743323 41.9061861044)
17031809200,2023-11-03,6:45,2023-11-03,7:30,2319,15.8,17031839000,,20,7.13,27.13,,,POINT (-87.6314065252 41.8710158803)
17031809200,2023-11-03,6:45,2023-11-03,7:15,2015,15.6,17031980000,,27.5,11.89,39.39,,,POINT (-87.9030396611 41.9790708201)
17031809200,2023-11-03,6:45,2023-11-03,7:00,870,4.2,17031010300,,12.5,1.68,14.18,,,POINT (-87.6665362779 42.0159343756)
17031809200,2023-11-02,21:00,2023-11-02,21:45,2068,13,17031081500,,25,7.13,38.13,,,POINT (-87.6262149064 41.8925077809)
17031809200,2023-11-02,21:00,2023-11-02,21:30,2297,13.1,17031241400,,22.5,4.67,27.17,,,POINT (-87.6753116216 41.906025969)
17031809200,2023-11-02,21:00,2023-11-02,21:45,2258,18,17031241400,,22.5,5.02,27.52,,,POINT (-87.6753116216 41.906025969)
17031809200,2023-11-02,21:00,2023-11-02,21:30,1405,7.2,17031050200,,15,1.68,20.68,,,POINT (-87.683718102 41.957735565)
17031809200,2023-11-02,19:45,2023-11-02,20:15,2239,15.6,17031833100,,27.5,3.43,30.93,,,POINT (-87.657005027 41.8790669938)
17031809200,2023-11-02,19:45,2023-11-02,20:30,2728,19.7,17031410100,,30,1.68,31.68,,,POINT (-87.5853031602 41.8012268363)
17031809200,2023-11-01,18:15,2023-11-01,18:30,813,3.6,17031010701,,15,1.68,16.68,,,POINT (-87.67861897 42.0091500631)
17031809200,2023-11-01,18:15,2023-11-01,19:00,2188,17.2,17031980000,,50,13.66,74.66,,,POINT (-87.9030396611 41.9790708201)
17031809200,2023-11-01,18:15,2023-11-01,19:00,2250,15.4,17031980000,,52.5,10.86,63.36,,,POINT (-87.9030396611 41.9790708201)
17031809200,2023-10-28,21:30,2023-10-28,22:00,1981,17.8,17031243500,,22.5,5.22,27.72,,,POINT (-87.6525344838 41.8926581076)
17031809200,2023-10-28,21:30,2023-10-28,22:00,1768,15.8,17031070700,,20,7.28,27.28,,,POINT (-87.6738072384 41.9292725315)
17031809200,2023-10-28,20:15,2023-10-28,20:30,1063,5.7,17031020500,,12.5,1.68,14.18,,,POINT (-87.684198195 42.0013132491)
17031809200,2023-10-28,20:15,2023-10-28,20:45,1744,9.3,17031220500,,35,1.68,36.68,,,POINT (-87.7049072355 41.9283913974)
17031809200,2023-10-28,17:30,2023-10-28,18:30,3384,19.7,17031310600,,25,5.45,30.45,,,POINT (-87.6595642391 41.8563332167)
17031809200,2023-10-28,17:30,2023-10-28,17:45,1413,6.1,17031040100,,12.5,4.12,19.62,,,POINT (-87.681993542 41.9833308063)
17031809200,2023-10-28,17:30,2023-10-28,18:15,3091,16.6,17031841900,,25,6.41,31.41,,,POINT (-87.6429586652 41.8679024175)
17031809200,2023-10-27,20:45,2023-10-27,21:15,2335,13.2,17031833000,,27.5,3.43,30.93,,,POINT (-87.6572331997 41.8852813201)
17031809200,2023-10-27,20:45,2023-10-27,21:30,2099,15.8,17031842100,,22.5,6.34,28.84,,,POINT (-87.7335180512 41.8952576428)
17031809200,2023-10-27,20:45,2023-10-27,21:00,837,3.9,17031020602,,12.5,1.68,14.18,,,POINT (-87.6936374936 42.0013159243)
17031809200,2023-10-27,19:30,2023-10-27,20:15,2670,10.7,17031070300,,20,5.29,25.29,,,POINT (-87.6513108767 41.9290469366)
17031809200,2023-10-27,19:30,2023-10-27,20:15,3049,14.8,17031250400,,45,1.68,46.68,,,POINT (-87.7753675003 41.9129253704)
17031809200,2023-10-27,19:30,2023-10-27,19:45,1189,6.6,17031831800,,10,3.88,13.88,,,POINT (-87.7164304157 41.9782942489)
17031809200,2023-10-27,16:45,2023-10-27,17:30,2480,14.8,17031980000,,35,14.53,61.53,,,POINT (-87.9030396611 41.9790708201)
17031809200,2023-10-27,16:45,2023-10-27,17:30,2161,9.1,17031150200,,17.5,6.8,24.3,,,POINT (-87.7524091367 41.9606756968)
17031809200,2023-10-26,19:30,2023-10-26,19:45,1401,6.5,17031040401,,12.5,4.12,16.62,,,POINT (-87.6860998978 41.972035672)
17031809200,2023-10-26,19:30,2023-10-26,20:15,2280,16.4,17031980000,,30,10.08,40.08,,,POINT (-87.9030396611 41.9790708201)
17031809200,2023-10-26,19:30,2023-10-26,19:45,895,3.8,17031010100,,10,2.01,12.01,,,POINT (-87.6698247721 42.0212235931)
17031809200,2023-10-25,20:30,2023-10-25,20:45,955,4.8,17031020901,,10,3.74,13.74,,,POINT (-87.6860768812 41.9942252345)
17031809200,2023-10-25,19:45,2023-10-25,20:30,2385,15.4,17031839100,,20,6.76,32.76,,,POINT (-87.6327464887 41.8809944707)
17031809200,2023-10-25,19:45,2023-10-25,20:45,2777,14,17031841200,,27.5,1.68,36.18,,,POINT (-87.683227168 41.8555013528)
17031809200,2023-10-25,11:00,2023-10-25,11:45,1856,10.1,17031063100,,20,5.05,29.05,,,POINT (-87.6467820813 41.938232293)
17031809200,2023-10-25,11:00,2023-10-25,11:45,1983,16.9,17031980000,,37.5,12.05,56.55,,,POINT (-87.9030396611 41.9790708201)
17031809200,2023-10-24,10:00,2023-10-24,10:15,755,3.2,17031010202,,10,3.35,13.35,,,POINT (-87.6733337784 42.0160464924)
17031809200,2023-10-24,10:00,2023-10-24,10:30,1572,6.6,17031040600,,15,1.68,16.68,,,POINT (-87.6840183712 41.9668340674)
17031809200,2023-10-23,9:00,2023-10-23,9:15,855,3.7,17031010100,,10,3.44,13.44,,,POINT (-87.6698247721 42.0212235931)
17031809200,2023-10-23,9:00,2023-10-23,9:15,869,3,17031010202,,7.5,3.29,10.79,,,POINT (-87.6733337784 42.0160464924)
17031809200,2023-10-23,9:00,2023-10-23,9:15,577,2.6,17031020200,,7.5,2.1,9.6,,,POINT (-87.6996630419 42.0156967498)
17031809200,2023-10-22,15:15,2023-10-22,15:30,1308,5.2,17031010400,,10,3.65,14.65,,,POINT (-87.659122427 42.004764559)
17031809200,2023-10-21,22:45,2023-10-21,23:00,785,4,17031020802,,7.5,3.44,10.94,,,POINT (-87.6946307194 41.994059824)
17031809200,2023-10-21,22:45,2023-10-21,23:15,1270,8.4,17031031400,,12.5,4.24,16.74,,,POINT (-87.6453787624 41.962178629)
17031809200,2023-10-21,22:45,2023-10-21,23:45,3815,34.2,17031710100,,,,,,,POINT (-87.641971777 41.7533924165)
17031809200,2023-10-21,22:45,2023-10-21,23:15,1810,8.7,17031061000,,17.5,4.27,21.77,,,POINT (-87.6519703953 41.9492209135)
17031809200,2023-10-21,22:45,2023-10-21,23:00,1047,5.6,17031040202,,12.5,3.73,16.23,,,POINT (-87.6940960217 41.9798553089)
17031809200,2023-10-21,16:15,2023-10-21,16:45,1779,6.8,17031031200,,15,4.4,19.4,,,POINT (-87.6573411073 41.9727095466)
17031809200,2023-10-21,16:15,2023-10-21,16:30,962,3.6,17031010100,,10,3.29,13.29,,,POINT (-87.6698247721 42.0212235931)
17031809200,2023-10-21,12:45,2023-10-21,13:15,1907,6.2,17031030800,,12.5,4.33,16.83,,,POINT (-87.6641882421 41.9799124453)
17031809200,2023-10-21,12:45,2023-10-21,13:30,2578,9.8,17031061000,,17.5,4.95,22.45,,,POINT (-87.6519703953 41.9492209135)
17031809200,2023-10-21,12:45,2023-10-21,14:00,4187,14,17031839100,,22.5,5.81,28.31,,,POINT (-87.6327464887 41.8809944707)
17031809200,2023-10-21,12:45,2023-10-21,13:30,3415,15.9,17031251800,,30,1.68,31.68,,,POINT (-87.7478743394 41.8841446699)
17031809200,2023-10-21,10:15,2023-10-21,11:00,2521,14.4,17031320400,,20,4.89,30.89,,,POINT (-87.6219716519 41.8774061234)
17031809200,2023-10-20,23:15,2023-10-20,23:45,1890,20.2,17031839000,,22.5,5.25,27.75,,,POINT (-87.6314065252 41.8710158803)
17031809200,2023-10-20,23:15,2023-10-20,23:45,1873,15.5,17031250700,,20,6.05,26.05,,,POINT (-87.7608129894 41.905820977)
17031809200,2023-10-20,23:15,2023-10-21,0:00,2428,14.1,17031081700,,25,1.68,26.68,,,POINT (-87.6318639497 41.8920421365)
17031809200,2023-10-20,23:15,2023-10-20,23:30,606,3.3,17031020200,,10,2.26,12.26,,,POINT (-87.6996630419 42.0156967498)
17031809200,2023-10-20,21:15,2023-10-20,21:30,893,3.8,17031010300,,10,3.26,13.26,,,POINT (-87.6665362779 42.0159343756)
17031809200,2023-10-20,21:15,2023-10-20,21:15,515,2.4,17031020100,,7.5,2.83,10.33,,,POINT (-87.6871159899 42.0157199072)
17031809200,2023-10-20,20:15,2023-10-20,20:30,1097,4.7,17031020901,,10,3.45,13.45,,,POINT (-87.6860768812 41.9942252345)
17031809200,2023-10-20,20:15,2023-10-20,21:00,2239,14.2,17031230600,,20,6.01,26.01,,,POINT (-87.7338570193 41.9061678698)
17031809200,2023-10-20,20:15,2023-10-20,20:45,1718,9.9,17031221400,,22.5,1.68,24.18,,,POINT (-87.6945323419 41.9208017043)
17031809200,2023-10-20,15:30,2023-10-20,16:15,3184,14.8,17031980000,,35,7.02,42.02,,,POINT (-87.9030396611 41.9790708201)
17031809200,2023-10-20,15:30,2023-10-20,16:15,2812,10.9,17031070200,,27.5,6.8,41.3,,,POINT (-87.6462934762 41.9290776551)
17031809200,2023-10-20,15:30,2023-10-20,16:30,3303,10.3,17031222200,,25,6.21,31.21,,,POINT (-87.6838259399 41.9159097884)
17031809200,2023-10-20,15:30,2023-10-20,15:45,1591,7.3,17031120200,,17.5,4.24,21.74,,,POINT (-87.7575974858 41.9944980381)
17031809200,2023-10-19,22:15,2023-10-19,22:45,977,4.4,17031020702,,20,3.8,27.8,,,POINT (-87.7048934862 41.9941436461)
17031809200,2023-10-19,22:15,2023-10-19,22:30,958,4.4,17031020702,,20,3.75,23.75,,,POINT (-87.7048934862 41.9941436461)
17031809200,2023-10-19,22:15,2023-10-19,22:30,821,4.4,17031020702,,20,3.75,23.75,,,POINT (-87.7048934862 41.9941436461)
17031809200,2023-10-19,22:15,2023-10-19,22:30,731,4.2,17031010501,,10,3.28,13.28,,,POINT (-87.6639582144 42.0094125471)
17031809200,2023-10-19,12:45,2023-10-19,13:00,1054,4.5,17031020602,,7.5,3.28,10.78,,,POINT (-87.6936374936 42.0013159243)
17031809200,2023-10-19,12:45,2023-10-19,13:00,889,5,17031130100,,10,3.32,13.32,,,POINT (-87.7239678299 41.9900642527)
17031809200,2023-10-19,12:45,2023-10-19,13:30,2026,14.4,17031980000,,27.5,9.15,36.65,,,POINT (-87.9030396611 41.9790708201)
17031809200,2023-10-17,21:30,2023-10-17,22:00,1811,10.5,17031070300,,17.5,4.28,21.78,,,POINT (-87.6513108767 41.9290469366)
17031809200,2023-10-17,21:30,2023-10-17,22:00,2091,14.3,17031081700,,27.5,1.68,33.18,,,POINT (-87.6318639497 41.8920421365)
17031809200,2023-10-17,21:30,2023-10-17,22:15,2617,13.7,17031281900,,30,1.68,31.68,,,POINT (-87.642648998 41.8792550844)
17031809200,2023-10-17,17:00,2023-10-17,17:30,1618,6,17031040100,,15,1.68,16.68,,,POINT (-87.681993542 41.9833308063)
17031809200,2023-10-17,17:00,2023-10-17,17:15,767,2.8,17031010201,,10,3.58,13.58,,,POINT (-87.680162272 42.0160105638)
17031809200,2023-10-17,17:00,2023-10-17,17:45,2817,16,17031980000,,45,7.03,62.03,,,POINT (-87.9030396611 41.9790708201)
17031809200,2023-10-17,10:00,2023-10-17,10:45,2065,15.3,17031980000,,27.5,9.95,37.45,,,POINT (-87.9030396611 41.9790708201)
17031809200,2023-10-17,10:00,2023-10-17,10:30,1823,14.6,17031770700,,22.5,7.68,30.18,,,POINT (-87.8773053996 41.9827750091)
17031809200,2023-10-17,10:00,2023-10-17,10:15,598,2.8,17031020302,,7.5,2.99,10.49,,,POINT (-87.6949637498 42.0085407611)
17031809200,2023-10-16,20:15,2023-10-16,21:00,3342,29.2,17031980100,,32.5,12.36,49.86,,,POINT (-87.7509342894 41.785998518)
17031809200,2023-10-16,20:15,2023-10-16,20:45,1336,4.7,17031830600,,15,1.68,16.68,,,POINT (-87.6735740325 42.0016981937)
17031809200,2023-10-16,16:45,2023-10-16,17:45,3780,23,17031430200,,32.5,8.7,41.2,,,POINT (-87.5813495087 41.7696904664)
17031809200,2023-10-16,16:45,2023-10-16,17:30,2748,9.4,17031830900,,20,5.82,29.82,,,POINT (-87.685362024 41.9286190509)
17031809200,2023-10-15,11:00,2023-10-15,11:30,1891,16.2,17031980000,,25,23.83,58.83,,,POINT (-87.9030396611 41.9790708201)
17031809200,2023-10-15,11:00,2023-10-15,11:45,3441,16.7,17031320400,,,,,,,POINT (-87.6219716519 41.8774061234)
17031809200,2023-10-15,11:00,2023-10-15,11:15,858,3.2,17031010202,,10,2.97,12.97,,,POINT (-87.6733337784 42.0160464924)
17031809200,2023-10-15,0:00,2023-10-15,0:30,1127,7.6,17031140602,,15,1.68,16.68,,,POINT (-87.7210167687 41.964652354)
17031809200,2023-10-15,0:00,2023-10-15,0:15,703,4.2,17031010501,,12.5,3.59,16.09,,,POINT (-87.6639582144 42.0094125471)
17031809200,2023-10-15,0:00,2023-10-15,0:15,972,4.3,17031010201,,10,3.6,13.6,,,POINT (-87.680162272 42.0160105638)
17031809200,2023-10-14,21:45,2023-10-14,22:00,809,3,17031020100,,7.5,3.03,10.53,,,POINT (-87.6871159899 42.0157199072)
17031809200,2023-10-14,21:45,2023-10-14,22:15,1780,9.7,17031063301,,15,4.31,19.31,,,POINT (-87.6430228044 41.9345397158)
17031809200,2023-10-14,21:45,2023-10-14,22:00,854,3.3,17031010100,,7.5,3.13,10.63,,,POINT (-87.6698247721 42.0212235931)
17031809200,2023-10-13,21:00,2023-10-13,21:30,1618,18.1,17031833000,,27.5,8.19,35.69,,,POINT (-87.6572331997 41.8852813201)
17031809200,2023-10-13,21:00,2023-10-13,21:15,1035,4.8,17031020901,,10,4.09,14.09,,,POINT (-87.6860768812 41.9942252345)
17031809200,2023-10-13,21:00,2023-10-13,21:30,1618,8.6,17031020500,,25,1.68,26.68,,,POINT (-87.684198195 42.0013132491)
17031809200,2023-10-13,17:45,2023-10-13,18:30,3376,11.1,17031832600,,22.5,8.27,35.77,,,POINT (-87.6540070286 41.9147473049)
17031809200,2023-10-13,17:45,2023-10-13,18:15,1609,5,17031010503,,15,5.11,25.11,,,POINT (-87.6631267998 42.0003203059)
17031809200,2023-10-13,17:45,2023-10-13,18:30,3047,10.5,17031241400,,35,9.35,44.35,,,POINT (-87.6753116216 41.906025969)
17031809200,2023-10-13,15:00,2023-10-13,16:00,4096,14.5,17031320100,,22.5,10.49,32.99,,,POINT (-87.6209929134 41.8849871918)
17031809200,2023-10-13,15:00,2023-10-13,15:30,1956,5.5,17031030400,,12.5,5.14,17.64,,,POINT (-87.6720809941 41.9869530579)
17031809200,2023-10-13,15:00,2023-10-13,15:45,2847,12.6,17031770700,,30,7.6,37.6,,,POINT (-87.8773053996 41.9827750091)
17031809200,2023-10-13,14:30,2023-10-13,15:15,2995,17.1,17031980000,,40,7.03,52.03,,,POINT (-87.9030396611 41.9790708201)
17031809200,2023-10-13,14:30,2023-10-13,16:30,7155,23.1,17031980100,,57.5,16.7,89.2,,,POINT (-87.7509342894 41.785998518)
17031809200,2023-10-13,14:30,2023-10-13,16:30,7192,23.5,17031980100,,47.5,16.7,64.2,,,POINT (-87.7509342894 41.785998518)
17031809200,2023-10-13,6:15,2023-10-13,7:00,2123,15.6,17031839100,,22.5,6.56,35.06,,,POINT (-87.6327464887 41.8809944707)
17031809200,2023-10-12,20:15,2023-10-12,20:45,2174,11.9,17031071100,,17.5,4.63,27.13,,,POINT (-87.6510618838 41.9217781876)
17031809200,2023-10-12,20:15,2023-10-12,20:45,2478,15.4,17031250400,,20,6.27,26.27,,,POINT (-87.7753675003 41.9129253704)
17031809200,2023-10-12,19:45,2023-10-12,20:00,874,3.9,17031020602,,10,1.68,11.68,,,POINT (-87.6936374936 42.0013159243)
17031809200,2023-10-12,19:45,2023-10-12,20:00,1306,12.4,17031831100,,25,1.68,33.68,,,POINT (-87.717503858 41.942859303)
17031809200,2023-10-12,17:00,2023-10-12,18:00,3705,13.1,17031838300,,30,12.58,49.58,,,POINT (-87.6384040116 41.9015669095)
17031809200,2023-10-11,15:00,2023-10-11,15:15,900,3.4,17031010201,,7.5,3.46,10.96,,,POINT (-87.680162272 42.0160105638)
17031809200,2023-10-10,16:15,2023-10-10,16:30,1099,3.8,17031010702,,10,0.21,10.21,,,POINT (-87.6727239593 42.0090182269)
17031809200,2023-10-10,16:15,2023-10-10,16:45,2110,6.5,17031140701,,12.5,4.85,20.35,,,POINT (-87.7108482084 41.9667749433)
17031809200,2023-10-10,16:15,2023-10-10,17:00,2184,8,17031140602,,20,5.09,25.09,,,POINT (-87.7210167687 41.964652354)
17031809200,2023-10-10,11:15,2023-10-10,11:15,781,3,17031010202,,10,1.68,14.68,,,POINT (-87.6733337784 42.0160464924)
17031809200,2023-10-10,11:15,2023-10-10,11:30,737,3.4,17031010100,,10,3.07,13.07,,,POINT (-87.6698247721 42.0212235931)
17031809200,2023-10-10,11:15,2023-10-10,12:00,2852,20.6,17031842900,,27.5,5.57,33.07,,,POINT (-87.672920435 41.8631181033)
17031809200,2023-10-10,9:30,2023-10-10,10:00,1944,13.9,17031770700,,22.5,5.07,27.57,,,POINT (-87.8773053996 41.9827750091)
17031809200,2023-10-07,22:00,2023-10-07,22:45,2496,16.8,17031241600,,22.5,4.87,27.37,,,POINT (-87.6653376596 41.9066507664)
17031809200,2023-10-07,22:00,2023-10-07,22:15,844,4.3,17031010702,,7.5,3.42,10.92,,,POINT (-87.6727239593 42.0090182269)
17031809200,2023-10-07,17:15,2023-10-07,17:30,892,4.2,17031020500,,10,3.38,14.38,,,POINT (-87.684198195 42.0013132491)
17031809200,2023-10-07,17:15,2023-10-07,17:30,970,4.2,17031020500,,10,4.08,14.08,,,POINT (-87.684198195 42.0013132491)
17031809200,2023-10-07,17:15,2023-10-07,18:00,3388,13.9,17031839100,,27.5,1.68,34.18,,,POINT (-87.6327464887 41.8809944707)
17031809200,2023-10-07,17:00,2023-10-07,17:30,1279,4.6,17031010600,,15,1.68,20.68,,,POINT (-87.6676836101 42.0062788614)
17031809200,2023-10-07,17:00,2023-10-07,17:15,1421,4.4,17031010400,,12.5,1.68,17.18,,,POINT (-87.659122427 42.004764559)
17031809200,2023-10-07,17:00,2023-10-07,17:30,1760,6.9,17031830700,,20,1.68,21.68,,,POINT (-87.6603894557 41.958055933)
17031809200,2023-10-07,16:45,2023-10-07,17:00,908,3.2,17031020200,,17.5,1.68,19.18,,,POINT (-87.6996630419 42.0156967498)
17031809200,2023-10-07,16:15,2023-10-07,17:00,2165,8.2,17031831900,,25,4.88,29.88,,,POINT (-87.6687944391 41.9451704528)
17031809200,2023-10-07,10:30,2023-10-07,11:15,2034,13.7,17031770700,,20,5.99,25.99,,,POINT (-87.8773053996 41.9827750091)
17031809200,2023-10-07,10:30,2023-10-07,11:15,2431,13.4,17031081300,,20,4.55,24.55,,,POINT (-87.6207628651 41.8983317935)
17031809200,2023-10-07,9:45,2023-10-07,10:30,2427,17,17031980000,,30,9.37,39.37,,,POINT (-87.9030396611 41.9790708201)
17031809200,2023-10-07,9:45,2023-10-07,10:00,856,3.6,17031010100,,10,1.68,11.68,,,POINT (-87.6698247721 42.0212235931)
17031809200,2023-10-07,9:45,2023-10-07,10:00,968,4.4,17031020902,,10,3.17,13.17,,,POINT (-87.6786882109 41.9942660943)
17031809200,2023-10-06,23:15,2023-10-06,23:30,1432,6.8,17031031100,,12.5,4.01,19.51,,,POINT (-87.6638654956 41.9726679555)
17031809200,2023-10-06,23:15,2023-10-06,23:30,1188,6.2,17031030706,,12.5,3.09,15.59,,,POINT (-87.6522740174 41.9801575735)
17031809200,2023-10-06,23:15,2023-10-06,23:30,715,3.5,17031010201,,12.5,3.17,15.67,,,POINT (-87.680162272 42.0160105638)
17031809200,2023-10-06,19:30,2023-10-06,19:45,1018,4.4,17031010702,,10,3.6,13.6,,,POINT (-87.6727239593 42.0090182269)
17031809200,2023-10-06,19:30,2023-10-06,20:00,1340,6.1,17031040201,,15,3.88,18.88,,,POINT (-87.6940010612 41.9725808001)
17031809200,2023-10-06,18:45,2023-10-06,19:00,1086,4.4,17031020500,,12.5,1.68,14.18,,,POINT (-87.684198195 42.0013132491)
17031809200,2023-10-06,18:45,2023-10-06,19:30,2642,15.9,17031842100,,40,8.61,48.61,,,POINT (-87.7335180512 41.8952576428)
17031809200,2023-10-06,18:15,2023-10-06,19:00,2883,17,17031980000,,30,7.03,37.03,,,POINT (-87.9030396611 41.9790708201)
17031809200,2023-10-06,18:15,2023-10-06,18:30,993,3.3,17031010201,,10,4.15,14.15,,,POINT (-87.680162272 42.0160105638)
17031809200,2023-10-06,15:00,2023-10-06,16:00,3759,14.2,17031081700,,25,8.41,33.41,,,POINT (-87.6318639497 41.8920421365)
17031809200,2023-10-06,15:00,2023-10-06,15:45,2789,9.9,17031831700,,20,6.04,26.04,,,POINT (-87.7452432048 41.9526648947)
17031809200,2023-10-06,15:00,2023-10-06,16:00,3365,10.9,17031831200,,27.5,7.12,34.62,,,POINT (-87.7322869198 41.9152908359)
17031809200,2023-10-04,20:45,2023-10-04,21:15,1374,5.5,17031030200,,10,3.51,16.51,,,POINT (-87.6652247765 41.9944422482)
17031809200,2023-10-04,17:15,2023-10-04,18:00,3431,9.8,17031070400,,27.5,7.35,34.85,,,POINT (-87.6561568309 41.9289672664)
17031809200,2023-10-04,17:15,2023-10-04,17:30,1347,4.6,17031020500,,10,3.93,13.93,,,POINT (-87.684198195 42.0013132491)
17031809200,2023-10-03,22:30,2023-10-03,22:45,617,3.8,17031010300,,10,3.14,16.14,,,POINT (-87.6665362779 42.0159343756)
17031809200,2023-10-03,22:30,2023-10-03,23:00,2154,16,17031251900,,17.5,5.08,22.58,,,POINT (-87.7600980476 41.8837934871)
17031809200,2023-10-03,9:15,2023-10-03,9:45,2376,13.7,17031980000,,20,9.74,29.74,,,POINT (-87.9030396611 41.9790708201)
17031809200,2023-10-01,0:15,2023-10-01,0:45,1097,5.4,17031030103,,15,1.68,16.68,,,POINT (-87.6558149022 41.9955129914)
17031809200,2023-10-01,0:15,2023-10-01,0:45,1397,14.6,17031221300,,17.5,4.68,22.18,,,POINT (-87.6997544065 41.9211259143)
17031809200,2023-10-01,0:15,2023-10-01,0:30,1078,4.9,17031030400,,12.5,1.68,14.18,,,POINT (-87.6720809941 41.9869530579)
17031809200,2023-09-30,23:30,2023-10-01,0:00,2095,16,17031242700,,17.5,5.8,23.3,,,POINT (-87.6993744036 41.8974257653)
17031809200,2023-09-30,23:30,2023-10-01,0:00,1737,18.8,17031320400,,22.5,5.18,27.68,,,POINT (-87.6219716519 41.8774061234)
17031809200,2023-09-30,23:30,2023-09-30,23:45,1462,6.3,17031030603,,15,4.75,19.75,,,POINT (-87.6583976702 41.9854764991)
17031809200,2023-09-30,20:30,2023-09-30,20:45,955,3.9,17031020602,,10,1.68,11.68,,,POINT (-87.6936374936 42.0013159243)
17031809200,2023-09-30,20:30,2023-09-30,20:45,939,3.9,17031010300,,10,3.23,14.23,,,POINT (-87.6665362779 42.0159343756)
17031809200,2023-09-30,20:30,2023-09-30,21:00,1817,10.4,17031063302,,20,4.43,24.43,,,POINT (-87.6398538587 41.9347624564)
17031809200,2023-09-30,18:00,2023-09-30,18:15,1475,6.2,17031030800,,15,1.68,16.68,,,POINT (-87.6641882421 41.9799124453)
17031809200,2023-09-30,18:00,2023-09-30,18:30,2134,12,17031151100,,27.5,1.68,29.18,,,POINT (-87.7617177214 41.9422905548)
17031809200,2023-09-30,18:00,2023-09-30,18:30,1267,5.8,17031040202,,12.5,3.87,16.37,,,POINT (-87.6940960217 41.9798553089)
17031809200,2023-09-30,16:45,2023-09-30,17:15,1414,6.1,17031040100,,12.5,3.87,16.37,,,POINT (-87.681993542 41.9833308063)
17031809200,2023-09-30,16:45,2023-09-30,17:15,1807,8.5,17031060200,,17.5,4.42,21.92,,,POINT (-87.671518011 41.9579038971)
17031809200,2023-09-30,16:45,2023-09-30,17:45,4056,17.9,17031330100,,30,6.46,45.46,,,POINT (-87.6173580061 41.859349715)
17031809200,2023-09-29,22:30,2023-09-29,23:15,2477,8.7,17031832000,,20,1.68,24.68,,,POINT (-87.6542980837 41.9462945357)
17031809200,2023-09-29,22:30,2023-09-29,23:15,2154,15.7,17031839000,,22.5,5.49,27.99,,,POINT (-87.6314065252 41.8710158803)
17031809200,2023-09-29,22:30,2023-09-29,22:45,1081,5.5,17031020902,,10,3.51,13.51,,,POINT (-87.6786882109 41.9942660943)
17031809200,2023-09-29,20:15,2023-09-29,20:45,1324,5.6,17031010503,,10,3.71,13.71,,,POINT (-87.6631267998 42.0003203059)
17031809200,2023-09-29,20:15,2023-09-29,20:30,1003,4.8,17031020901,,10,3.49,13.49,,,POINT (-87.6860768812 41.9942252345)
17031809200,2023-09-29,6:30,2023-09-29,7:00,1486,4.3,17031010300,,10,4.18,14.18,,,POINT (-87.6665362779 42.0159343756)
17031809200,2023-09-28,20:15,2023-09-28,20:45,1841,8.7,17031832000,,,,,,,POINT (-87.6542980837 41.9462945357)
17031809200,2023-09-28,20:15,2023-09-28,20:45,1312,4,17031020100,,10,3.8,13.8,,,POINT (-87.6871159899 42.0157199072)
17031809200,2023-09-26,11:15,2023-09-26,11:45,2084,16.2,17031980000,,32.5,11.91,51.41,,,POINT (-87.9030396611 41.9790708201)
17031809200,2023-09-26,11:15,2023-09-26,11:45,2612,15,17031320100,,22.5,6.72,29.22,,,POINT (-87.6209929134 41.8849871918)
17031809200,2023-09-26,11:15,2023-09-26,11:45,2119,13.6,17031081402,,27.5,7.43,34.93,,,POINT (-87.6129454143 41.8919715078)
17031809200,2023-09-25,10:30,2023-09-25,10:45,1508,10.9,17031150200,,17.5,4.15,21.65,,,POINT (-87.7524091367 41.9606756968)
17031809200,2023-09-25,10:30,2023-09-25,11:15,2349,16.9,17031980000,,32.5,11.97,44.47,,,POINT (-87.9030396611 41.9790708201)
17031809200,2023-09-25,10:30,2023-09-25,11:00,2378,16.9,17031330100,,27.5,5.37,32.87,,,POINT (-87.6173580061 41.859349715)
17031809200,2023-09-25,8:45,2023-09-25,9:00,783,3.3,17031010202,,10,3.2,13.2,,,POINT (-87.6733337784 42.0160464924)
17031809200,2023-09-25,8:45,2023-09-25,9:30,1965,13.4,17031081401,,20,7.06,27.06,,,POINT (-87.6197106717 41.8950334495)
17031809200,2023-09-24,18:45,2023-09-24,19:15,1270,7.3,17031140800,,12.5,3.94,16.44,,,POINT (-87.7027334697 41.9645069548)
17031809200,2023-09-24,18:45,2023-09-24,19:45,4036,25.7,17031980100,,55,12.25,67.25,,,POINT (-87.7509342894 41.785998518)
17031809200,2023-09-24,18:45,2023-09-24,19:00,1047,5.8,17031120300,,10,3.46,13.46,,,POINT (-87.7400551895 41.991119555)
17031809200,2023-09-24,12:15,2023-09-24,12:45,2057,15.4,17031980000,,30,11.65,41.65,,,POINT (-87.9030396611 41.9790708201)
17031809200,2023-09-24,12:15,2023-09-24,13:00,2353,14.2,17031320100,,30,1.68,36.68,,,POINT (-87.6209929134 41.8849871918)
17031809200,2023-09-24,12:15,2023-09-24,12:30,1022,4.5,17031020802,,10,2.43,12.43,,,POINT (-87.6946307194 41.994059824)
17031809200,2023-09-24,7:00,2023-09-24,7:30,1610,17.8,17031281900,,,,,,,POINT (-87.642648998 41.8792550844)
17031809200,2023-09-24,7:00,2023-09-24,7:30,1967,13.6,17031833000,,25,1.68,29.68,,,POINT (-87.6572331997 41.8852813201)
17031809200,2023-09-23,20:30,2023-09-23,21:00,1563,7.4,17031031501,,17.5,1.68,23.18,,,POINT (-87.6524349997 41.9672886138)
17031809200,2023-09-23,20:30,2023-09-23,21:00,2075,8.7,17031832000,,22.5,1.68,24.18,,,POINT (-87.6542980837 41.9462945357)
17031809200,2023-09-22,19:00,2023-09-22,19:15,1610,6,17031040100,,15,1.68,19.68,,,POINT (-87.681993542 41.9833308063)
17031809200,2023-09-22,19:00,2023-09-22,20:00,2890,17.7,17031833000,,30,3.43,33.43,,,POINT (-87.6572331997 41.8852813201)
17031809200,2023-09-22,17:30,2023-09-22,17:45,986,3.6,17031010300,,15,3.75,18.75,,,POINT (-87.6665362779 42.0159343756)
17031809200,2023-09-22,17:30,2023-09-22,17:45,1078,4.6,17031020500,,10,3.96,13.96,,,POINT (-87.684198195 42.0013132491)
17031809200,2023-09-22,17:30,2023-09-22,18:00,1783,8.7,17031110502,,17.5,4.67,22.17,,,POINT (-87.759857019 41.970288894)
17031809200,2023-09-21,18:30,2023-09-21,19:00,2057,8.8,17031160100,,15,4.93,23.93,,,POINT (-87.7427878769 41.9646361993)
17031809200,2023-09-21,18:30,2023-09-21,18:45,1155,4.6,17031010600,,12.5,4,16.5,,,POINT (-87.6676836101 42.0062788614)
17031809200,2023-09-21,18:15,2023-09-21,18:45,2075,6.4,17031040100,,15,4.41,19.41,,,POINT (-87.681993542 41.9833308063)
17031809200,2023-09-21,18:15,2023-09-21,18:30,1040,3.3,17031010100,,7.5,3.53,11.03,,,POINT (-87.6698247721 42.0212235931)
17031809200,2023-09-20,17:15,2023-09-20,18:00,2405,8.9,17031110502,,15,5.2,20.2,,,POINT (-87.759857019 41.970288894)
17031809200,2023-09-20,17:15,2023-09-20,17:45,1418,4.9,17031020500,,10,4.09,14.09,,,POINT (-87.684198195 42.0013132491)
17031809200,2023-09-20,17:15,2023-09-20,17:45,2408,15.5,17031980000,,32.5,13.32,45.82,,,POINT (-87.9030396611 41.9790708201)
17031809200,2023-09-20,13:00,2023-09-20,13:15,738,3.1,17031010201,,7.5,2.7,10.2,,,POINT (-87.680162272 42.0160105638)
17031809200,2023-09-20,13:00,2023-09-20,13:15,955,3.5,17031010201,,10,3.34,13.34,,,POINT (-87.680162272 42.0160105638)
17031809200,2023-09-20,9:00,2023-09-20,9:30,2062,16.1,17031980000,,32.5,13.95,46.45,,,POINT (-87.9030396611 41.9790708201)
17031809200,2023-09-20,9:00,2023-09-20,9:30,1038,4.2,17031020500,,10,3.39,14.39,,,POINT (-87.684198195 42.0013132491)
17031809200,2023-09-19,21:00,2023-09-19,21:15,1258,6.4,17031030604,,12.5,4.1,16.6,,,POINT (-87.6537935286 41.9854724225)
17031809200,2023-09-19,21:00,2023-09-19,21:00,768,3,17031010201,,10,1.68,11.68,,,POINT (-87.680162272 42.0160105638)
17031809200,2023-09-19,16:30,2023-09-19,16:45,813,3.2,17031010201,,12.5,1.68,14.18,,,POINT (-87.680162272 42.0160105638)
17031809200,2023-09-19,16:30,2023-09-19,17:15,2638,9.7,17031061800,,17.5,8.95,51.45,,,POINT (-87.647113634 41.946489764)
17031809200,2023-09-19,16:30,2023-09-19,17:00,1383,6.9,17031831800,,15,3.89,18.89,,,POINT (-87.7164304157 41.9782942489)
17031809200,2023-09-18,7:15,2023-09-18,8:00,2478,8.4,17031060500,,20,1.68,21.68,,,POINT (-87.6605035019 41.952719111)
17031809200,2023-09-17,21:30,2023-09-17,21:45,985,4.9,17031030200,,12.5,3.51,16.01,,,POINT (-87.6652247765 41.9944422482)
17031809200,2023-09-17,21:30,2023-09-17,22:15,2118,23.2,17031261000,,25,8.77,33.77,,,POINT (-87.7289580948 41.8712250372)
17031809200,2023-09-17,21:30,2023-09-17,21:45,780,3.9,17031010300,,10,1.68,11.68,,,POINT (-87.6665362779 42.0159343756)
17031809200,2023-09-16,17:15,2023-09-16,18:00,3319,17.7,17031252102,,35,1.68,36.68,,,POINT (-87.7598126285 41.8765928828)
17031809200,2023-09-16,17:15,2023-09-16,18:00,2347,9.6,17031832500,,20,4.8,24.8,,,POINT (-87.6640782395 41.9218774613)
17031809200,2023-09-15,16:30,2023-09-15,17:45,4455,14.4,17031010201,,42.5,1.68,44.18,,,POINT (-87.680162272 42.0160105638)
17031809200,2023-09-15,16:30,2023-09-15,16:45,1111,3.2,17031010201,,10,3.16,13.16,,,POINT (-87.680162272 42.0160105638)
17031809200,2023-09-15,16:30,2023-09-15,17:15,2897,14.8,17031980000,,30,11.08,41.08,,,POINT (-87.9030396611 41.9790708201)
17031809200,2023-09-15,12:00,2023-09-15,12:30,2154,18.7,17031839100,,37.5,8.34,54.84,,,POINT (-87.6327464887 41.8809944707)
17031809200,2023-09-15,12:00,2023-09-15,12:30,2207,18.5,17031833000,,37.5,9.21,53.71,,,POINT (-87.6572331997 41.8852813201)
17031809200,2023-09-15,12:00,2023-09-15,12:15,774,3.5,17031010202,,7.5,3.15,10.65,,,POINT (-87.6733337784 42.0160464924)
17031809200,2023-09-15,9:45,2023-09-15,10:00,857,3.7,17031010201,,7.5,3.43,10.93,,,POINT (-87.680162272 42.0160105638)
17031809200,2023-09-15,9:45,2023-09-15,10:15,2255,12.6,17031832600,,25,5.92,30.92,,,POINT (-87.6540070286 41.9147473049)
17031809200,2023-09-15,9:45,2023-09-15,10:00,734,3.4,17031010201,,7.5,3.12,10.62,,,POINT (-87.680162272 42.0160105638)
17031809200,2023-09-14,22:00,2023-09-14,22:15,715,3,17031010201,,10,1.68,14.68,,,POINT (-87.680162272 42.0160105638)
17031809200,2023-09-14,22:00,2023-09-14,22:15,958,5,17031130300,,7.5,4.57,12.07,,,POINT (-87.7133688039 41.9865581808)
17031809200,2023-09-14,22:00,2023-09-14,22:15,892,4.6,17031020500,,7.5,3.49,13.99,,,POINT (-87.684198195 42.0013132491)
17031809200,2023-09-13,8:15,2023-09-13,9:15,3562,12,17031832300,,22.5,6.09,28.59,,,POINT (-87.671445766 41.9192250505)
17031809200,2023-09-13,8:15,2023-09-13,8:45,2083,17.2,17031980000,,35,11.2,46.2,,,POINT (-87.9030396611 41.9790708201)
17031809200,2023-09-13,8:15,2023-09-13,9:30,4892,19,17031833000,,25,7.62,39.62,,,POINT (-87.6572331997 41.8852813201)
17031809200,2023-09-12,18:45,2023-09-12,19:30,2786,13.1,17031842300,,22.5,6.3,28.8,,,POINT (-87.6536139825 41.8983058696)
17031809200,2023-09-12,18:45,2023-09-12,19:30,2727,11.7,17031842300,,27.5,1.68,36.18,,,POINT (-87.6536139825 41.8983058696)
17031809200,2023-09-12,9:00,2023-09-12,9:30,1208,4.3,17031010300,,10,2.55,12.55,,,POINT (-87.6665362779 42.0159343756)
17031809200,2023-09-11,16:30,2023-09-11,17:45,4402,14.7,17031010201,,35,1.68,36.68,,,POINT (-87.680162272 42.0160105638)
17031809200,2023-09-11,16:30,2023-09-11,16:45,1108,4.2,17031010702,,12.5,1.68,14.18,,,POINT (-87.6727239593 42.0090182269)
17031809200,2023-09-11,16:30,2023-09-11,17:15,3095,17.1,17031980000,,27.5,13.69,41.19,,,POINT (-87.9030396611 41.9790708201)
17031809200,2023-09-11,14:15,2023-09-11,15:00,2320,8.8,17031062500,,17.5,4.52,22.02,,,POINT (-87.671107656 41.9414882338)
17031809200,2023-09-11,14:15,2023-09-11,14:30,1217,4.6,17031010600,,10,3.5,13.5,,,POINT (-87.6676836101 42.0062788614)
17031809200,2023-09-11,14:15,2023-09-11,14:30,1058,4.5,17031830600,,7.5,3.44,10.94,,,POINT (-87.6735740325 42.0016981937)
17031809200,2023-09-11,13:15,2023-09-11,13:30,816,4,17031010100,,12.5,1.68,14.18,,,POINT (-87.6698247721 42.0212235931)
17031809200,2023-09-11,13:15,2023-09-11,13:30,1138,4.5,17031010702,,10,3.7,13.7,,,POINT (-87.6727239593 42.0090182269)
17031809200,2023-09-11,13:15,2023-09-11,13:30,1170,9.8,17031110100,,15,6.39,21.39,,,POINT (-87.7689702414 41.985916382)
17031809200,2023-09-10,20:15,2023-09-10,20:45,1964,14.1,17031171100,,20,5.8,25.8,,,POINT (-87.7812865619 41.9420534671)
17031809200,2023-09-10,20:15,2023-09-10,20:45,1664,10.1,17031063200,,17.5,4.74,22.24,,,POINT (-87.6385749205 41.9383912577)
17031809200,2023-09-10,20:15,2023-09-10,20:30,1393,6.3,17031030604,,15,3.92,18.92,,,POINT (-87.6537935286 41.9854724225)
17031809200,2023-09-10,12:45,2023-09-10,13:00,1020,3.5,17031010100,,12.5,3.22,15.72,,,POINT (-87.6698247721 42.0212235931)
17031809200,2023-09-10,12:45,2023-09-10,13:15,2255,9.4,17031830900,,17.5,4.76,22.26,,,POINT (-87.685362024 41.9286190509)
17031809200,2023-09-10,10:45,2023-09-10,11:00,1211,6.9,17031140800,,10,3.98,13.98,,,POINT (-87.7027334697 41.9645069548)
17031809200,2023-09-09,21:15,2023-09-09,21:45,1911,10.1,17031221400,,20,1.68,21.68,,,POINT (-87.6945323419 41.9208017043)
17031809200,2023-09-09,21:15,2023-09-09,21:30,1178,5.9,17031040202,,12.5,3.8,16.3,,,POINT (-87.6940960217 41.9798553089)
17031809200,2023-09-09,20:30,2023-09-09,21:00,2037,13.1,17031081403,,20,6.13,26.13,,,POINT (-87.6188683546 41.8909220259)
17031809200,2023-09-09,20:30,2023-09-09,21:00,2187,14,17031320100,,37.5,6.72,44.22,,,POINT (-87.6209929134 41.8849871918)
17031809200,2023-09-09,20:30,2023-09-09,21:15,2477,13.1,17031081401,,32.5,6.11,38.61,,,POINT (-87.6197106717 41.8950334495)
17031809200,2023-09-09,20:15,2023-09-09,21:00,2153,13,17031081403,,25,1.68,26.68,,,POINT (-87.6188683546 41.8909220259)
17031809200,2023-09-09,20:15,2023-09-09,21:00,2404,13.4,17031081403,,35,6.18,41.18,,,POINT (-87.6188683546 41.8909220259)
17031809200,2023-09-09,19:45,2023-09-09,20:15,2172,13.2,17031081403,,20,6.13,26.13,,,POINT (-87.6188683546 41.8909220259)
17031809200,2023-09-09,19:45,2023-09-09,20:30,1975,13.1,17031081403,,32.5,6.11,38.61,,,POINT (-87.6188683546 41.8909220259)
17031809200,2023-09-09,19:45,2023-09-09,20:30,2304,13.1,17031081403,,20,6.38,26.38,,,POINT (-87.6188683546 41.8909220259)
17031809200,2023-09-09,19:00,2023-09-09,19:45,3102,13.7,17031081700,,42.5,1.68,53.18,,,POINT (-87.6318639497 41.8920421365)
17031809200,2023-09-09,19:00,2023-09-09,19:30,1618,7.1,17031030604,,17.5,8.73,26.23,,,POINT (-87.6537935286 41.9854724225)
17031809200,2023-09-09,18:45,2023-09-09,19:30,2682,14.7,17031320100,,22.5,5.89,34.39,,,POINT (-87.6209929134 41.8849871918)
17031809200,2023-09-09,18:45,2023-09-09,19:00,1286,6.2,17031040100,,12.5,3.88,19.38,,,POINT (-87.681993542 41.9833308063)
17031809200,2023-09-09,18:45,2023-09-09,19:30,2675,9.7,17031070400,,25,4.88,33.88,,,POINT (-87.6561568309 41.9289672664)
17031809200,2023-09-09,12:45,2023-09-09,12:45,877,3.7,17031010701,,7.5,3.21,10.71,,,POINT (-87.67861897 42.0091500631)
17031809200,2023-09-09,12:45,2023-09-09,13:15,1128,6,17031020801,,15,1.68,16.68,,,POINT (-87.6944151909 41.9868086263)
17031809200,2023-09-09,12:45,2023-09-09,13:30,2091,16.6,17031980000,,27.5,7.01,34.51,,,POINT (-87.9030396611 41.9790708201)
17031809200,2023-09-08,7:15,2023-09-08,8:00,3419,23.2,17031420400,,32.5,7.98,40.48,,,POINT (-87.6035588871 41.783170859)
17031809200,2023-09-07,17:15,2023-09-07,17:45,1687,3.8,17031010202,,12.5,1.68,14.18,,,POINT (-87.6733337784 42.0160464924)
17031809200,2023-09-07,17:15,2023-09-07,18:00,2809,12.1,17031071500,,20,5.36,25.36,,,POINT (-87.6317173661 41.9146162864)
17031809200,2023-09-05,17:15,2023-09-05,17:45,1356,4.4,17031830600,,12.5,3.45,15.95,,,POINT (-87.6735740325 42.0016981937)
17031809200,2023-09-04,19:45,2023-09-04,20:00,1039,4.8,17031020901,,7.5,4.06,11.56,,,POINT (-87.6860768812 41.9942252345)
17031809200,2023-09-04,19:45,2023-09-04,20:00,966,5.1,17031010502,,10,3.64,13.64,,,POINT (-87.6633278588 42.0045174875)
17031809200,2023-09-04,18:15,2023-09-04,18:30,1126,4.2,17031010501,,7.5,3.41,10.91,,,POINT (-87.6639582144 42.0094125471)
17031809200,2023-09-04,18:15,2023-09-04,18:45,1501,6.3,17031030603,,15,7.94,22.94,,,POINT (-87.6583976702 41.9854764991)
17031809200,2023-09-04,18:15,2023-09-04,18:45,1298,7.1,17031830800,,12.5,4.1,16.6,,,POINT (-87.6765780714 41.9651417087)
17031809200,2023-09-04,18:15,2023-09-04,18:30,838,5,17031130100,,7.5,3.56,14.06,,,POINT (-87.7239678299 41.9900642527)
17031809200,2023-09-03,15:15,2023-09-03,15:45,2216,11.2,17031070300,,20,5.19,31.19,,,POINT (-87.6513108767 41.9290469366)
17031809200,2023-09-03,15:15,2023-09-03,16:15,3678,15.6,17031310600,,25,6.87,31.87,,,POINT (-87.6595642391 41.8563332167)
17031809200,2023-09-03,15:15,2023-09-03,15:45,2056,16,17031980000,,30,13.71,54.71,,,POINT (-87.9030396611 41.9790708201)
17031809200,2023-09-03,15:15,2023-09-03,15:45,1983,17.2,17031980000,,27.5,14.09,41.59,,,POINT (-87.9030396611 41.9790708201)
17031809200,2023-09-02,21:30,2023-09-02,21:45,608,3.4,17031020200,,7.5,2.23,9.73,,,POINT (-87.6996630419 42.0156967498)
17031809200,2023-09-02,21:30,2023-09-02,21:45,904,4.7,17031020801,,12.5,1.68,16.18,,,POINT (-87.6944151909 41.9868086263)
17031809200,2023-09-02,21:30,2023-09-02,22:00,1872,12.2,17031190300,,17.5,5.41,25.91,,,POINT (-87.761463375 41.9349868535)
17031809200,2023-09-02,21:15,2023-09-02,22:00,2064,10.6,17031070300,,17.5,4.99,22.49,,,POINT (-87.6513108767 41.9290469366)
17031809200,2023-09-02,21:15,2023-09-02,21:30,1463,6,17031030900,,15,1.68,18.68,,,POINT (-87.6714455473 41.9797955506)
17031809200,2023-09-02,19:45,2023-09-02,20:00,1159,8.7,17031120100,,10,4.07,14.07,,,POINT (-87.7749947889 42.0020154637)
17031809200,2023-09-02,19:45,2023-09-02,20:30,1976,11,17031063100,,17.5,4.97,22.47,,,POINT (-87.6467820813 41.938232293)
17031809200,2023-09-02,19:45,2023-09-02,20:15,1371,5.6,17031040202,,10,3.78,13.78,,,POINT (-87.6940960217 41.9798553089)
17031809200,2023-09-02,0:30,2023-09-02,1:15,2485,19.1,17031839800,,25,7.97,32.97,,,POINT (-87.6431623703 41.8350679168)
17031809200,2023-09-02,0:30,2023-09-02,1:15,2251,15.1,17031843200,,52.5,1.68,54.18,,,POINT (-87.6635286858 41.8474315472)
17031809200,2023-09-02,0:30,2023-09-02,1:00,1660,20,17031310200,,40,7.84,47.84,,,POINT (-87.644209287 41.856309817)
17031809200,2023-09-01,20:30,2023-09-01,20:45,580,3.1,17031020100,,7.5,3.11,10.61,,,POINT (-87.6871159899 42.0157199072)
17031809200,2023-09-01,20:30,2023-09-01,21:15,1976,6.2,17031010702,,22.5,4.49,26.99,,,POINT (-87.6727239593 42.0090182269)
17031809200,2023-09-01,20:30,2023-09-01,21:00,1963,10.4,17031063200,,15,4.73,19.73,,,POINT (-87.6385749205 41.9383912577)
17031809200,2023-09-01,19:15,2023-09-01,19:30,1308,6.5,17031040600,,20,4.03,24.03,,,POINT (-87.6840183712 41.9668340674)
17031809200,2023-09-01,19:15,2023-09-01,19:30,1288,6,17031030603,,12.5,3.85,19.35,,,POINT (-87.6583976702 41.9854764991)
17031809200,2023-09-01,19:15,2023-09-01,19:30,872,3.9,17031020602,,12.5,1.68,14.18,,,POINT (-87.6936374936 42.0013159243)
17031809200,2023-09-01,19:15,2023-09-01,20:00,2570,15.1,17031320600,,22.5,7.89,30.39,,,POINT (-87.6221729369 41.8706073724)
17031809200,2023-09-01,14:30,2023-09-01,15:30,3728,16.4,17031252201,,32.5,1.68,34.18,,,POINT (-87.7521052352 41.8766962871)
17031809200,2023-09-01,14:30,2023-09-01,15:15,2671,14.3,17031770700,,22.5,6.25,28.75,,,POINT (-87.8773053996 41.9827750091)
17031809200,2023-09-01,14:30,2023-09-01,15:45,4418,12.5,17031833000,,22.5,7.23,29.73,,,POINT (-87.6572331997 41.8852813201)
17031809200,2023-09-01,9:00,2023-09-01,9:15,885,4.2,17031020500,,12.5,1.68,14.18,,,POINT (-87.684198195 42.0013132491)
17031809200,2023-09-01,9:00,2023-09-01,9:30,1151,6.1,17031831800,,10,3.91,16.91,,,POINT (-87.7164304157 41.9782942489)
17031809200,2023-08-31,21:30,2023-08-31,21:45,1317,5.6,17031030701,,17.5,1.68,25.18,,,POINT (-87.657966347 41.9827455952)
17031809200,2023-08-31,21:30,2023-08-31,21:30,813,3.8,17031010201,,12.5,3.29,15.79,,,POINT (-87.680162272 42.0160105638)
17031809200,2023-08-31,21:30,2023-08-31,22:15,2971,24,17031691200,,30,8.38,38.38,,,POINT (-87.632184554 41.7544341714)
17031809200,2023-08-31,17:15,2023-08-31,17:30,1051,5,17031130100,,12.5,3.58,16.08,,,POINT (-87.7239678299 41.9900642527)
17031809200,2023-08-31,17:15,2023-08-31,17:45,1309,4.2,17031010501,,10,3.39,13.39,,,POINT (-87.6639582144 42.0094125471)
17031809200,2023-08-08,10:15,2023-08-08,11:00,2381,13.8,17031980000,,27.5,7.01,34.51,,,POINT (-87.9030396611 41.9790708201)
17031809200,2023-08-08,10:15,2023-08-08,10:30,873,4.2,17031020500,,12.5,1.68,14.18,,,POINT (-87.684198195 42.0013132491)
17031809200,2023-08-08,10:15,2023-08-08,11:15,3349,18.4,17031980000,,32.5,7.01,39.51,,,POINT (-87.9030396611 41.9790708201)
17031809200,2023-08-03,20:45,2023-08-03,21:00,1563,12.6,17031151002,,22.5,1.68,24.18,,,POINT (-87.7471543225 41.9424881553)
17031809200,2023-08-03,20:45,2023-08-03,21:00,757,3.2,17031010201,,12.5,1.68,14.18,,,POINT (-87.680162272 42.0160105638)
17031809200,2023-07-31,18:00,2023-07-31,18:30,2374,14.3,17031980000,,25,7.05,32.05,,,POINT (-87.9030396611 41.9790708201)
17031809200,2023-07-31,18:00,2023-07-31,18:30,1232,4.8,17031010600,,12.5,3.53,21.03,,,POINT (-87.6676836101 42.0062788614)
17031809200,2023-07-31,14:15,2023-07-31,15:00,2257,11.1,17031070101,,17.5,5.19,22.69,,,POINT (-87.6358909539 41.9292629902)
17031809200,2023-07-31,14:15,2023-07-31,15:00,2821,13.6,17031081403,,20,7.53,31.53,,,POINT (-87.6188683546 41.8909220259)
17031809200,2023-07-31,14:15,2023-07-31,14:30,941,3.8,17031010702,,12.5,1.68,14.18,,,POINT (-87.6727239593 42.0090182269)
17031809200,2023-07-31,9:00,2023-07-31,9:15,1035,3.7,17031010100,,10,3.45,13.45,,,POINT (-87.6698247721 42.0212235931)
17031809200,2023-07-31,9:00,2023-07-31,9:00,789,3.1,17031010202,,7.5,3.08,10.58,,,POINT (-87.6733337784 42.0160464924)
17031809200,2023-07-30,15:45,2023-07-30,16:15,1572,9,17031100200,,20,1.68,21.68,,,POINT (-87.7942692959 41.9956031347)
17031809200,2023-07-30,15:45,2023-07-30,16:15,1003,4.6,17031010501,,10,3.4,13.4,,,POINT (-87.6639582144 42.0094125471)
17031809200,2023-07-30,15:45,2023-07-30,16:00,918,4.8,17031020601,,12.5,1.68,17.18,,,POINT (-87.701802904 42.0008748252)
17031809200,2023-07-29,23:30,2023-07-30,0:15,2793,17.1,17031330100,,32.5,1.68,34.18,,,POINT (-87.6173580061 41.859349715)
17031809200,2023-07-29,23:30,2023-07-30,0:00,1421,13.4,17031831100,,15,5.47,24.47,,,POINT (-87.717503858 41.942859303)
17031809200,2023-07-29,23:15,2023-07-29,23:30,1737,8.7,17031061200,,22.5,4.56,27.06,,,POINT (-87.6616429039 41.9490605256)
17031809200,2023-07-29,21:00,2023-07-29,21:30,1374,8.1,17031100200,,17.5,4.42,21.92,,,POINT (-87.7942692959 41.9956031347)
17031809200,2023-07-29,21:00,2023-07-29,21:15,478,3,17031010201,,17.5,1.68,23.18,,,POINT (-87.680162272 42.0160105638)
17031809200,2023-07-29,16:00,2023-07-29,17:15,4433,13.5,17031833000,,25,5.88,30.88,,,POINT (-87.6572331997 41.8852813201)
17031809200,2023-07-29,16:00,2023-07-29,16:15,1216,4.3,17031010501,,10,3.4,13.4,,,POINT (-87.6639582144 42.0094125471)
17031809200,2023-07-28,23:15,2023-07-28,23:45,2150,12.7,17031842200,,60,1.68,70.68,,,POINT (-87.6499072264 41.9049353016)
17031809200,2023-07-28,23:15,2023-07-29,0:00,2687,15.1,17031280100,,47.5,1.68,49.18,,,POINT (-87.6428084655 41.8853000224)
17031809200,2023-07-28,23:15,2023-07-28,23:30,1382,5,17031030300,,45,1.68,53.68,,,POINT (-87.672538401 41.9943810196)
17031809200,2023-07-28,22:00,2023-07-28,22:15,1282,6.6,17031040402,,15,4.37,22.37,,,POINT (-87.6788459662 41.9725625375)
17031809200,2023-07-28,22:00,2023-07-28,22:15,1369,12.3,17031160400,,20,9.81,32.81,,,POINT (-87.7228222513 41.9573606908)
17031809200,2023-07-28,22:00,2023-07-28,22:15,1389,12.2,17031160400,,30,5.79,42.79,,,POINT (-87.7228222513 41.9573606908)
17031809200,2023-07-27,9:00,2023-07-27,10:00,3044,15.6,17031841900,,27.5,8.35,35.85,,,POINT (-87.6429586652 41.8679024175)
17031809200,2023-07-26,11:15,2023-07-26,11:45,2370,14.8,17031980000,,27.5,11.08,38.58,,,POINT (-87.9030396611 41.9790708201)
17031809200,2023-07-26,11:15,2023-07-26,11:30,1575,7.4,17031830700,,17.5,1.68,19.18,,,POINT (-87.6603894557 41.958055933)
17031809200,2023-07-26,10:00,2023-07-26,10:45,2540,15.3,17031980000,,32.5,12.44,44.94,,,POINT (-87.9030396611 41.9790708201)
17031809200,2023-07-26,10:00,2023-07-26,11:00,3414,14.3,17031839100,,25,7.86,32.86,,,POINT (-87.6327464887 41.8809944707)
17031809200,2023-07-24,10:00,2023-07-24,10:30,1556,7.6,17031031400,,12.5,4.25,16.75,,,POINT (-87.6453787624 41.962178629)
17031809200,2023-07-24,10:00,2023-07-24,10:45,2179,16.4,17031980000,,32.5,13.99,46.49,,,POINT (-87.9030396611 41.9790708201)
17031809200,2023-07-22,20:30,2023-07-22,21:00,1559,4.7,17031020801,,10,2.83,12.83,,,POINT (-87.6944151909 41.9868086263)
17031809200,2023-07-22,20:30,2023-07-22,21:15,1964,8.2,17031032100,,35,1.68,36.68,,,POINT (-87.6530217894 41.9581548757)
17031809200,2023-07-22,10:15,2023-07-22,10:45,1863,15.5,17031980000,,27.5,7.01,34.51,,,POINT (-87.9030396611 41.9790708201)
17031809200,2023-07-22,10:15,2023-07-22,11:00,2989,15.2,17031833000,,27.5,1.68,29.18,,,POINT (-87.6572331997 41.8852813201)
17031809200,2023-07-20,12:30,2023-07-20,13:30,3572,12.9,17031838100,,22.5,5.83,28.33,,,POINT (-87.6716536214 41.8786674201)
17031809200,2023-07-18,15:00,2023-07-18,16:00,3276,12.9,17031081500,,27.5,7.6,35.1,,,POINT (-87.6262149064 41.8925077809)
17031809200,2023-07-18,15:00,2023-07-18,15:30,1987,9.8,17031063302,,15,5.17,20.17,,,POINT (-87.6398538587 41.9347624564)
17031809200,2023-07-17,16:00,2023-07-17,16:45,2179,13,17031081201,,22.5,3.43,25.93,,,POINT (-87.6262105324 41.8991556134)
17031809200,2023-07-17,16:00,2023-07-17,16:30,1351,5.2,17031040202,,17.5,1.68,23.18,,,POINT (-87.6940960217 41.9798553089)
17031809200,2023-07-17,16:00,2023-07-17,16:15,1452,5.8,17031030200,,12.5,3.14,15.64,,,POINT (-87.6652247765 41.9944422482)
17031809200,2023-07-17,16:00,2023-07-17,16:45,2627,15.9,17031980000,,37.5,11.95,49.45,,,POINT (-87.9030396611 41.9790708201)
17031809200,2023-07-16,13:15,2023-07-16,14:00,1958,7.6,17031830700,,22.5,1.68,24.18,,,POINT (-87.6603894557 41.958055933)
17031809200,2023-07-16,13:15,2023-07-16,13:30,1046,4.1,17031020500,,10,3.64,13.64,,,POINT (-87.684198195 42.0013132491)
17031809200,2023-07-16,13:15,2023-07-16,13:30,818,3.8,17031010702,,10,3.56,16.56,,,POINT (-87.6727239593 42.0090182269)
17031809200,2023-07-16,12:45,2023-07-16,13:15,2054,16.5,17031980000,,25,25.22,58.22,,,POINT (-87.9030396611 41.9790708201)
17031809200,2023-07-16,12:45,2023-07-16,13:00,904,3.6,17031010100,,7.5,3.49,11.99,,,POINT (-87.6698247721 42.0212235931)
17031809200,2023-07-15,18:00,2023-07-15,18:15,578,2.7,17031020200,,7.5,3.76,11.26,,,POINT (-87.6996630419 42.0156967498)
17031809200,2023-07-15,18:00,2023-07-15,18:45,2052,16.5,17031980000,,40,16.61,67.61,,,POINT (-87.9030396611 41.9790708201)
17031809200,2023-07-15,18:00,2023-07-15,18:15,810,3.6,17031010202,,12.5,1.68,14.18,,,POINT (-87.6733337784 42.0160464924)
17031809200,2023-07-15,17:30,2023-07-15,18:00,1799,8.3,17031060500,,15,4.73,19.73,,,POINT (-87.6605035019 41.952719111)
17031809200,2023-07-15,17:30,2023-07-15,18:15,2685,12.9,17031081500,,25,1.68,26.68,,,POINT (-87.6262149064 41.8925077809)
17031809200,2023-07-15,17:30,2023-07-15,18:00,1263,5.9,17031040202,,12.5,4.09,16.59,,,POINT (-87.6940960217 41.9798553089)
17031809200,2023-07-15,10:00,2023-07-15,10:30,1845,13.4,17031220602,,22.5,5.96,28.46,,,POINT (-87.7119742544 41.9293297134)
17031809200,2023-07-15,10:00,2023-07-15,10:15,1234,4.5,17031010701,,12.5,4.13,16.63,,,POINT (-87.67861897 42.0091500631)
17031809200,2023-07-14,22:15,2023-07-14,22:45,1086,4.7,17031010600,,12.5,1.68,18.18,,,POINT (-87.6676836101 42.0062788614)
17031809200,2023-07-14,22:15,2023-07-14,22:30,919,4.7,17031010502,,12.5,3.77,16.27,,,POINT (-87.6633278588 42.0045174875)
17031809200,2023-07-14,22:15,2023-07-14,22:30,1526,7.5,17031830700,,20,4.52,24.52,,,POINT (-87.6603894557 41.958055933)
17031809200,2023-07-14,22:00,2023-07-14,22:00,854,3.9,17031010300,,12.5,3.55,16.05,,,POINT (-87.6665362779 42.0159343756)
17031809200,2023-07-14,22:00,2023-07-14,22:45,2521,12.6,17031220602,,25,5.85,30.85,,,POINT (-87.7119742544 41.9293297134)
17031809200,2023-07-14,22:00,2023-07-14,22:15,709,3,17031020100,,15,3.36,18.36,,,POINT (-87.6871159899 42.0157199072)
17031809200,2023-07-14,21:45,2023-07-14,22:00,966,3.3,17031010100,,10,1.68,11.68,,,POINT (-87.6698247721 42.0212235931)
17031809200,2023-07-14,21:45,2023-07-14,22:15,2131,8.7,17031830700,,20,1.68,26.68,,,POINT (-87.6603894557 41.958055933)
17031809200,2023-07-14,21:45,2023-07-14,22:00,1162,4.9,17031030400,,15,1.68,19.68,,,POINT (-87.6720809941 41.9869530579)
17031809200,2023-07-14,21:30,2023-07-14,22:00,1266,5.8,17031010600,,17.5,4.09,21.59,,,POINT (-87.6676836101 42.0062788614)
17031809200,2023-07-14,17:45,2023-07-14,18:15,1621,5.8,17031030101,,15,1.68,19.68,,,POINT (-87.6573042698 41.9912345323)
17031809200,2023-07-14,17:45,2023-07-14,18:00,1047,4.1,17031010202,,17.5,3.6,21.1,,,POINT (-87.6733337784 42.0160464924)
17031809200,2023-07-14,17:45,2023-07-14,18:00,1320,3.9,17031010202,,12.5,1.68,14.18,,,POINT (-87.6733337784 42.0160464924)
17031809200,2023-07-14,17:45,2023-07-14,18:00,893,3.4,17031010201,,15,1.68,20.68,,,POINT (-87.680162272 42.0160105638)
17031809200,2023-07-14,16:15,2023-07-14,16:45,1606,5.5,17031030500,,15,3.95,18.95,,,POINT (-87.6649377243 41.9872255578)
17031809200,2023-07-14,16:15,2023-07-14,17:30,4556,20.8,17031841100,,25,7.01,38.01,,,POINT (-87.6350918563 41.8510178239)
17031809200,2023-07-14,11:45,2023-07-14,12:15,1340,5.6,17031030200,,12.5,1.68,14.18,,,POINT (-87.6652247765 41.9944422482)
17031809200,2023-07-14,11:45,2023-07-14,12:15,1410,3.5,17031810200,,17.5,0.45,17.95,,,
17031809200,2023-07-14,11:45,2023-07-14,12:15,2174,15.8,17031980000,,30,14.1,51.1,,,POINT (-87.9030396611 41.9790708201)
17031809200,2023-07-13,17:30,2023-07-13,18:00,1701,7.3,17031031100,,22.5,1.68,27.18,,,POINT (-87.6638654956 41.9726679555)
17031809200,2023-07-13,17:30,2023-07-13,18:30,3190,11.6,17031071200,,30,1.68,31.68,,,POINT (-87.6462109769 41.9218549112)
17031809200,2023-07-12,22:00,2023-07-12,22:30,2466,14.3,17031281900,,15,7.48,22.48,,,POINT (-87.642648998 41.8792550844)
17031809200,2023-07-12,15:00,2023-07-12,15:45,2802,17.1,17031330100,,35,7.31,42.31,,,POINT (-87.6173580061 41.859349715)
17031809200,2023-07-12,15:00,2023-07-12,15:15,919,3.5,17031010100,,10,3.49,13.49,,,POINT (-87.6698247721 42.0212235931)
17031809200,2023-07-12,15:00,2023-07-12,15:15,740,3.2,17031010201,,10,1.68,11.68,,,POINT (-87.680162272 42.0160105638)
17031809200,2023-07-11,12:00,2023-07-11,12:45,2497,15.5,17031980000,,27.5,7.03,41.53,,,POINT (-87.9030396611 41.9790708201)
17031809200,2023-07-11,12:00,2023-07-11,13:45,5740,26.6,17031980100,,42.5,6.68,49.18,,,POINT (-87.7509342894 41.785998518)
17031809200,2023-07-11,12:00,2023-07-11,12:15,1155,5.3,17031030200,,12.5,1.68,14.18,,,POINT (-87.6652247765 41.9944422482)
17031809200,2023-07-11,11:45,2023-07-11,12:00,699,4.9,17031130100,,10,3.85,13.85,,,POINT (-87.7239678299 41.9900642527)
17031809200,2023-07-11,11:45,2023-07-11,12:30,2613,15.3,17031841900,,25,8.32,33.32,,,POINT (-87.6429586652 41.8679024175)
17031809200,2023-07-11,8:45,2023-07-11,9:30,3103,15.7,17031839100,,40,8.92,48.92,,,POINT (-87.6327464887 41.8809944707)
17031809200,2023-07-11,8:45,2023-07-11,9:15,2154,16.2,17031980000,,27.5,28.54,56.04,,,POINT (-87.9030396611 41.9790708201)
17031809200,2023-07-10,14:15,2023-07-10,14:30,1055,4.2,17031830600,,10,3.75,13.75,,,POINT (-87.6735740325 42.0016981937)
17031809200,2023-07-10,14:15,2023-07-10,14:30,846,3.7,17031010300,,12.5,1.68,14.18,,,POINT (-87.6665362779 42.0159343756)
17031809200,2023-07-10,14:15,2023-07-10,14:45,2172,15.5,17031980000,,30,7.03,37.03,,,POINT (-87.9030396611 41.9790708201)
17031809200,2023-07-09,15:00,2023-07-09,15:15,1625,6.7,17031040900,,15,4.33,22.33,,,POINT (-87.6838545561 41.9631849658)
17031809200,2023-07-09,15:00,2023-07-09,15:45,2898,14.5,17031281900,,22.5,6.65,29.15,,,POINT (-87.642648998 41.8792550844)
17031809200,2023-07-09,15:00,2023-07-09,16:00,3622,16.2,17031330100,,32.5,1.68,34.18,,,POINT (-87.6173580061 41.859349715)
17031809200,2023-07-08,22:00,2023-07-08,23:00,3095,16.2,17031320100,,27.5,1.68,29.18,,,POINT (-87.6209929134 41.8849871918)
17031809200,2023-07-08,22:00,2023-07-08,22:30,1788,16.6,17031240900,,22.5,6.79,29.29,,,POINT (-87.7018845586 41.9047120004)
17031809200,2023-07-08,22:00,2023-07-08,22:15,877,4.1,17031010300,,10,1.68,11.68,,,POINT (-87.6665362779 42.0159343756)
17031809200,2023-07-08,21:45,2023-07-08,22:15,1421,6.5,17031030706,,15,1.38,16.38,,,POINT (-87.6522740174 41.9801575735)
17031809200,2023-07-08,21:45,2023-07-08,22:00,1628,11.5,17031151002,,17.5,5.55,23.05,,,POINT (-87.7471543225 41.9424881553)
17031809200,2023-07-08,21:45,2023-07-08,22:00,784,4.6,17031010300,,12.5,1.68,14.18,,,POINT (-87.6665362779 42.0159343756)
17031809200,2023-07-08,20:15,2023-07-08,20:45,1838,9.9,17031063200,,15,5.06,20.06,,,POINT (-87.6385749205 41.9383912577)
17031809200,2023-07-08,20:15,2023-07-08,20:45,1405,6.7,17031040202,,12.5,4.19,18.69,,,POINT (-87.6940960217 41.9798553089)
17031809200,2023-07-08,20:15,2023-07-08,20:30,519,2.4,17031020200,,7.5,3.21,10.71,,,POINT (-87.6996630419 42.0156967498)
17031809200,2023-07-08,12:30,2023-07-08,13:15,2228,8.4,17031062500,,17.5,4.73,22.23,,,POINT (-87.671107656 41.9414882338)
17031809200,2023-07-08,12:30,2023-07-08,13:15,2536,13.7,17031081403,,25,6.24,39.24,,,POINT (-87.6188683546 41.8909220259)
17031809200,2023-07-08,12:30,2023-07-08,13:15,3122,15.2,17031281900,,35,1.68,36.68,,,POINT (-87.642648998 41.8792550844)
17031809200,2023-07-08,11:30,2023-07-08,12:15,2638,13.4,17031081402,,20,6,26,,,POINT (-87.6129454143 41.8919715078)
17031809200,2023-07-07,23:15,2023-07-07,23:45,1786,10.2,17031063400,,20,5.28,36.28,,,POINT (-87.6467297286 41.9346591566)
17031809200,2023-07-07,23:15,2023-07-07,23:45,1587,16.4,17031071000,,15,5.71,20.71,,,POINT (-87.6559118484 41.9217014922)
17031809200,2023-07-07,21:30,2023-07-07,21:45,1475,7,17031830700,,15,4.39,19.39,,,POINT (-87.6603894557 41.958055933)
17031809200,2023-07-07,18:45,2023-07-07,19:15,1323,5.6,17031030500,,15,4.5,22.5,,,POINT (-87.6649377243 41.9872255578)
17031809200,2023-07-07,18:45,2023-07-07,19:00,918,4.2,17031020802,,12.5,3.7,16.2,,,POINT (-87.6946307194 41.994059824)
17031809200,2023-07-07,18:45,2023-07-07,19:30,3009,18.7,17031833000,,30,3.43,33.43,,,POINT (-87.6572331997 41.8852813201)
17031809200,2023-07-07,17:00,2023-07-07,18:15,4652,21.3,17031410600,,37.5,1.68,39.18,,,POINT (-87.5989445134 41.7979711911)
17031809200,2023-07-07,17:00,2023-07-07,18:15,4162,20,17031843200,,35,1.68,36.68,,,POINT (-87.6635286858 41.8474315472)
17031809200,2023-07-05,17:15,2023-07-05,18:30,3996,14.9,17031252201,,35,1.68,36.68,,,POINT (-87.7521052352 41.8766962871)
17031809200,2023-07-05,17:15,2023-07-05,17:30,778,3.4,17031010201,,12.5,3.48,18.98,,,POINT (-87.680162272 42.0160105638)
17031809200,2023-07-05,9:45,2023-07-05,10:00,1012,3.7,17031010202,,12.5,1.68,14.18,,,POINT (-87.6733337784 42.0160464924)
17031809200,2023-07-04,22:00,2023-07-04,22:30,1953,11.8,17031071500,,17.5,5.66,23.16,,,POINT (-87.6317173661 41.9146162864)
17031809200,2023-07-04,22:00,2023-07-04,22:30,1980,21.8,17031837400,,22.5,8.26,30.76,,,POINT (-87.6937939017 41.8759663)
17031809200,2023-07-04,20:00,2023-07-04,20:15,714,3.7,17031020500,,12.5,1.68,14.18,,,POINT (-87.684198195 42.0013132491)
17031809200,2023-07-04,14:15,2023-07-04,14:30,1252,4.8,17031010400,,10,3.91,13.91,,,POINT (-87.659122427 42.004764559)
17031809200,2023-07-04,14:15,2023-07-04,15:00,2153,10.8,17031242500,,27.5,1.68,33.18,,,POINT (-87.6893191901 41.8994457693)
17031809200,2023-07-03,23:15,2023-07-03,23:30,712,4,17031020400,,10,4.73,14.73,,,POINT (-87.6859131333 42.0084870082)
17031809200,2023-07-03,23:15,2023-07-04,0:00,2382,13,17031081800,,32.5,1.68,34.18,,,POINT (-87.6378442095 41.8932163595)
17031809200,2023-07-03,23:15,2023-07-03,23:30,1009,6.6,17031140100,,17.5,1.68,23.18,,,POINT (-87.7057767012 41.9711428078)
17031809200,2023-07-03,22:15,2023-07-03,22:45,1852,18.1,17031833000,,42.5,7.34,49.84,,,POINT (-87.6572331997 41.8852813201)
17031809200,2023-07-03,22:15,2023-07-03,22:45,1066,5.3,17031010503,,27.5,4.14,31.64,,,POINT (-87.6631267998 42.0003203059)
17031809200,2023-07-03,22:15,2023-07-03,22:30,809,3.8,17031010300,,10,3.57,13.57,,,POINT (-87.6665362779 42.0159343756)
17031809200,2023-07-03,21:30,2023-07-03,21:45,912,4.3,17031010501,,10,3.7,13.7,,,POINT (-87.6639582144 42.0094125471)
17031809200,2023-07-03,21:30,2023-07-03,21:45,860,4.2,17031020602,,15,1.68,16.68,,,POINT (-87.6936374936 42.0013159243)
17031809200,2023-07-03,21:30,2023-07-03,21:30,565,3,17031010201,,12.5,1.68,14.18,,,POINT (-87.680162272 42.0160105638)
17031809200,2023-07-03,10:00,2023-07-03,10:30,1826,7.3,17031830700,,12.5,4.44,16.94,,,POINT (-87.6603894557 41.958055933)
17031809200,2023-07-02,19:45,2023-07-02,20:00,811,4.2,17031010600,,12.5,1.68,14.18,,,POINT (-87.6676836101 42.0062788614)
17031809200,2023-07-02,19:45,2023-07-02,20:15,1837,19.4,17031980000,,52.5,7.11,59.61,,,POINT (-87.9030396611 41.9790708201)
17031809200,2023-07-02,15:45,2023-07-02,16:00,1039,5.3,17031030200,,15,1.68,16.68,,,POINT (-87.6652247765 41.9944422482)
17031809200,2023-07-01,20:45,2023-07-01,20:45,606,3,17031010201,,10,1.68,11.68,,,POINT (-87.680162272 42.0160105638)
17031809200,2023-07-01,20:45,2023-07-01,21:45,2894,16.6,17031310200,,25,8.01,33.01,,,POINT (-87.644209287 41.856309817)
17031809200,2023-07-01,20:45,2023-07-01,21:15,911,5.2,17031010503,,10,3.95,14.95,,,POINT (-87.6631267998 42.0003203059)
17031809200,2023-07-01,20:45,2023-07-01,21:15,2273,14.8,17031839100,,30,9.37,39.37,,,POINT (-87.6327464887 41.8809944707)
17031809200,2023-06-30,23:15,2023-06-30,23:30,1005,5.1,17031010502,,10,3.91,13.91,,,POINT (-87.6633278588 42.0045174875)
17031809200,2023-06-30,23:15,2023-06-30,23:45,974,4.8,17031010600,,12.5,1.68,14.18,,,POINT (-87.6676836101 42.0062788614)
17031809200,2023-06-30,23:15,2023-06-30,23:45,1849,18.4,17031833000,,40,7.57,47.57,,,POINT (-87.6572331997 41.8852813201)
17031809200,2023-06-30,23:15,2023-06-30,23:45,2569,20,17031081700,,20,6.04,26.04,,,POINT (-87.6318639497 41.8920421365)
17031809200,2023-06-30,22:45,2023-06-30,23:30,2848,13.1,17031281900,,30,1.68,31.68,,,POINT (-87.642648998 41.8792550844)
17031809200,2023-06-30,22:45,2023-06-30,23:30,2729,12.8,17031280900,,35,1.68,36.68,,,POINT (-87.6851318314 41.8786440899)
17031809200,2023-06-30,22:45,2023-06-30,23:00,1509,7.2,17031830700,,15,4.35,19.35,,,POINT (-87.6603894557 41.958055933)
17031809200,2023-06-30,16:00,2023-06-30,17:00,2785,16.5,17031980000,,32.5,14.04,55.54,,,POINT (-87.9030396611 41.9790708201)
17031809200,2023-06-30,16:00,2023-06-30,16:30,1571,5.8,17031030200,,15,1.68,16.68,,,POINT (-87.6652247765 41.9944422482)
17031809200,2023-06-30,13:00,2023-06-30,13:30,2150,8.9,17031210100,,25,5.02,30.02,,,POINT (-87.701330291 41.9428725376)
17031809200,2023-06-30,13:00,2023-06-30,13:45,2303,16.6,17031980000,,35,14.19,56.19,,,POINT (-87.9030396611 41.9790708201)
17031809200,2023-06-30,12:00,2023-06-30,12:30,2120,9.2,17031061000,,17.5,5.09,22.59,,,POINT (-87.6519703953 41.9492209135)
17031809200,2023-06-30,8:30,2023-06-30,9:00,1455,7.1,17031120200,,15,4.31,19.31,,,POINT (-87.7575974858 41.9944980381)
17031809200,2023-06-30,8:30,2023-06-30,8:45,1409,5.9,17031040300,,12.5,4.06,16.56,,,POINT (-87.701941074 41.9768117505)
17031809200,2023-06-30,8:30,2023-06-30,9:00,1830,8.4,17031061100,,15,4.78,24.78,,,POINT (-87.6568039088 41.9491397709)
17031809200,2023-06-28,19:15,2023-06-28,19:30,892,4.5,17031020602,,12.5,1.68,14.18,,,POINT (-87.6936374936 42.0013159243)
17031809200,2023-06-28,19:15,2023-06-28,19:45,1244,4.9,17031020602,,12.5,1.68,14.18,,,POINT (-87.6936374936 42.0013159243)
17031809200,2023-06-28,19:15,2023-06-28,19:45,1953,18.6,17031980000,,27.5,11.48,38.98,,,POINT (-87.9030396611 41.9790708201)
17031809200,2023-06-25,20:45,2023-06-25,21:00,1198,6.5,17031040300,,15,1.68,16.68,,,POINT (-87.701941074 41.9768117505)
17031809200,2023-06-25,20:45,2023-06-25,21:00,1661,19.2,17031833000,,25,7.36,32.36,,,POINT (-87.6572331997 41.8852813201)
17031809200,2023-06-25,20:45,2023-06-25,21:00,1036,6.1,17031040202,,12.5,4.16,16.66,,,POINT (-87.6940960217 41.9798553089)
17031809200,2023-06-25,12:45,2023-06-25,13:15,1745,10,17031100400,,20,5.11,25.11,,,POINT (-87.8180418313 41.9889673837)
17031809200,2023-06-25,12:45,2023-06-25,13:00,1078,4.5,17031830600,,22.5,3.75,26.25,,,POINT (-87.6735740325 42.0016981937)
17031809200,2023-06-25,12:45,2023-06-25,13:00,889,3.6,17031010100,,12.5,3.45,15.95,,,POINT (-87.6698247721 42.0212235931)
17031809200,2023-06-24,21:30,2023-06-24,21:30,760,4.2,17031020602,,10,1.68,11.68,,,POINT (-87.6936374936 42.0013159243)
17031809200,2023-06-24,21:30,2023-06-24,22:00,1340,6.6,17031031200,,15,4.31,19.31,,,POINT (-87.6573411073 41.9727095466)
17031809200,2023-06-24,21:30,2023-06-24,21:45,1166,7,17031120100,,17.5,1.68,20.18,,,POINT (-87.7749947889 42.0020154637)
17031809200,2023-06-24,17:30,2023-06-24,17:45,932,4.2,17031010501,,10,3.7,13.7,,,POINT (-87.6639582144 42.0094125471)
17031809200,2023-06-24,17:30,2023-06-24,18:30,3519,20.9,17031411000,,35,8.04,43.04,,,POINT (-87.5831437169 41.7905062613)
17031809200,2023-06-24,17:30,2023-06-24,18:00,2269,8.9,17031210700,,20,4.88,28.88,,,POINT (-87.7038545435 41.9357064711)
17031809200,2023-06-24,15:00,2023-06-24,15:15,889,3.5,17031010202,,12.5,3.41,15.91,,,POINT (-87.6733337784 42.0160464924)
17031809200,2023-06-24,15:00,2023-06-24,16:00,3573,12.2,17031080100,,35,1.68,36.68,,,POINT (-87.6266589003 41.9075200747)
17031809200,2023-06-24,15:00,2023-06-24,15:15,780,3.5,17031020302,,12.5,3.54,16.04,,,POINT (-87.6949637498 42.0085407611)
17031809200,2023-06-23,23:30,2023-06-24,0:30,3137,20.5,17031839100,,27.5,8.5,36,,,POINT (-87.6327464887 41.8809944707)
17031809200,2023-06-23,23:30,2023-06-24,0:00,2018,19.3,17031833100,,22.5,7.7,30.2,,,POINT (-87.657005027 41.8790669938)
17031809200,2023-06-23,23:30,2023-06-23,23:30,448,2.6,17031020100,,7.5,3.2,10.7,,,POINT (-87.6871159899 42.0157199072)
17031809200,2023-06-23,23:30,2023-06-23,23:30,559,2.9,17031010201,,7.5,2.47,9.97,,,POINT (-87.680162272 42.0160105638)
17031809200,2023-06-23,18:15,2023-06-23,19:00,2913,12.8,17031190601,,22.5,5.77,28.27,,,POINT (-87.7804606984 41.9274148582)
17031809200,2023-06-23,18:15,2023-06-23,18:30,845,4,17031010300,,12.5,3.62,16.12,,,POINT (-87.6665362779 42.0159343756)
17031809200,2023-06-22,17:15,2023-06-22,18:00,3145,16.9,17031980000,,32.5,11.4,50.9,,,POINT (-87.9030396611 41.9790708201)
17031809200,2023-06-22,17:15,2023-06-22,17:45,1722,5.8,17031040202,,17.5,4.11,21.61,,,POINT (-87.6940960217 41.9798553089)
17031809200,2023-06-21,18:30,2023-06-21,19:00,1601,6,17031040100,,17.5,1.68,19.18,,,POINT (-87.681993542 41.9833308063)
17031809200,2023-06-21,18:30,2023-06-21,19:15,2365,13.1,17031081403,,27.5,3.43,35.93,,,POINT (-87.6188683546 41.8909220259)
17031809200,2023-06-21,18:30,2023-06-21,18:45,1192,5.7,17031010503,,17.5,1.68,19.18,,,POINT (-87.6631267998 42.0003203059)
17031809200,2023-06-21,9:30,2023-06-21,10:15,2600,13.5,17031320100,,27.5,3.43,30.93,,,POINT (-87.6209929134 41.8849871918)
17031809200,2023-06-20,9:45,2023-06-20,10:15,1980,8.1,17031830700,,12.5,4.19,16.69,,,POINT (-87.6603894557 41.958055933)
17031809200,2023-06-20,9:45,2023-06-20,10:30,2470,15.2,17031839100,,27.5,3.43,36.93,,,POINT (-87.6327464887 41.8809944707)
17031809200,2023-06-20,9:45,2023-06-20,10:30,2806,13.9,17031081403,,,,,,,POINT (-87.6188683546 41.8909220259)
17031809200,2023-06-18,16:45,2023-06-18,17:00,1270,5.3,17031010502,,10,3.92,13.92,,,POINT (-87.6633278588 42.0045174875)
17031809200,2023-06-17,22:00,2023-06-17,22:30,1988,11.2,17031070200,,22.5,5.5,34,,,POINT (-87.6462934762 41.9290776551)
17031809200,2023-06-17,22:00,2023-06-17,22:45,2775,19.1,17031833000,,22.5,7.56,30.06,,,POINT (-87.6572331997 41.8852813201)
17031809200,2023-06-17,22:00,2023-06-17,22:15,1067,5,17031020500,,15,3.87,18.87,,,POINT (-87.684198195 42.0013132491)
17031809200,2023-06-17,17:45,2023-06-17,18:00,1682,7.9,17031050600,,15,4.63,19.63,,,POINT (-87.6761824959 41.9505456965)
17031809200,2023-06-17,17:45,2023-06-17,18:00,1235,7.1,17031040202,,12.5,4.12,16.62,,,POINT (-87.6940960217 41.9798553089)
17031809200,2023-06-17,17:45,2023-06-17,18:30,2606,13.5,17031081700,,30,1.68,31.68,,,POINT (-87.6318639497 41.8920421365)
17031809200,2023-06-17,17:00,2023-06-17,17:00,696,3,17031020100,,12.5,1.68,14.18,,,POINT (-87.6871159899 42.0157199072)
17031809200,2023-06-17,17:00,2023-06-17,17:45,2955,13.6,17031250400,,27.5,1.68,29.18,,,POINT (-87.7753675003 41.9129253704)
17031809200,2023-06-17,17:00,2023-06-17,17:30,1450,7,17031040100,,17.5,1.68,23.18,,,POINT (-87.681993542 41.9833308063)
17031809200,2023-06-16,17:30,2023-06-16,17:45,1428,5.8,17031040202,,17.5,4.11,21.61,,,POINT (-87.6940960217 41.9798553089)
17031809200,2023-06-16,17:30,2023-06-16,18:30,3168,10.6,17031242400,,27.5,5.41,32.91,,,POINT (-87.684490122 41.8994222543)
17031809200,2023-06-16,17:30,2023-06-16,18:00,1748,7.6,17031110200,,25,4.61,35.61,,,POINT (-87.7734709274 41.9800778511)
17031809200,2023-06-16,15:00,2023-06-16,15:30,1113,5.4,17031010503,,15,1.68,16.68,,,POINT (-87.6631267998 42.0003203059)
17031809200,2023-06-16,15:00,2023-06-16,15:15,835,3.2,17031010201,,15,1.68,16.68,,,POINT (-87.680162272 42.0160105638)
17031809200,2023-06-16,12:00,2023-06-16,12:15,928,3.5,17031010201,,17.5,3.48,20.98,,,POINT (-87.680162272 42.0160105638)
17031809200,2023-06-15,22:45,2023-06-15,23:15,1850,12.3,17031080300,,20,6.31,26.31,,,POINT (-87.6357600901 41.9074919303)
17031809200,2023-06-15,22:45,2023-06-15,23:15,1817,13.1,17031081201,,20,6.11,26.11,,,POINT (-87.6262105324 41.8991556134)
17031809200,2023-06-14,14:00,2023-06-14,14:45,2893,14.6,17031281900,,22.5,8.48,30.98,,,POINT (-87.642648998 41.8792550844)
17031809200,2023-06-14,14:00,2023-06-14,14:15,1146,4.4,17031830600,,10,3.7,13.7,,,POINT (-87.6735740325 42.0016981937)
17031809200,2023-06-13,13:45,2023-06-13,14:15,1116,4.2,17031020602,,12.5,1.68,14.18,,,POINT (-87.6936374936 42.0013159243)
17031809200,2023-06-13,13:45,2023-06-13,14:00,1363,6.3,17031030601,,17.5,1.68,23.18,,,POINT (-87.6572348282 41.9887040216)
17031809200,2023-06-12,20:15,2023-06-12,20:45,1637,18.8,17031980000,,27.5,11.49,38.99,,,POINT (-87.9030396611 41.9790708201)
17031809200,2023-06-12,20:15,2023-06-12,21:00,2215,9.6,17031063200,,20,1.68,21.68,,,POINT (-87.6385749205 41.9383912577)
17031809200,2023-06-10,23:30,2023-06-11,0:15,2839,13.2,17031833000,,30,1.68,31.68,,,POINT (-87.6572331997 41.8852813201)
17031809200,2023-06-10,23:30,2023-06-11,0:00,2285,18.7,17031833000,,40,7.71,47.71,,,POINT (-87.6572331997 41.8852813201)
17031809200,2023-06-10,23:30,2023-06-11,0:00,1603,13.3,17031190800,,17.5,6.07,23.57,,,POINT (-87.7513626916 41.927819073)
17031809200,2023-06-10,23:30,2023-06-11,1:00,5386,18.5,17031081700,,70,1.68,86.68,,,POINT (-87.6318639497 41.8920421365)
17031809200,2023-06-10,23:30,2023-06-11,0:15,3106,13.3,17031833000,,35,1.68,36.68,,,POINT (-87.6572331997 41.8852813201)
17031809200,2023-06-10,23:15,2023-06-11,0:00,2562,17.7,17031833000,,22.5,8.39,30.89,,,POINT (-87.6572331997 41.8852813201)
17031809200,2023-06-10,23:15,2023-06-11,0:00,2166,8.8,17031060900,,30,6.16,36.16,,,POINT (-87.6439653703 41.949829346)
17031809200,2023-06-10,23:15,2023-06-11,0:00,2120,8.7,17031832000,,32.5,5.14,37.64,,,POINT (-87.6542980837 41.9462945357)
17031809200,2023-06-10,22:45,2023-06-10,23:15,1888,9.9,17031062100,,35,5.4,40.4,,,POINT (-87.6517705068 41.9426918444)
17031809200,2023-06-10,22:45,2023-06-10,23:30,2282,9.5,17031062900,,17.5,5.02,22.52,,,POINT (-87.6564115308 41.9362371791)
17031809200,2023-06-10,22:45,2023-06-10,23:15,2285,17.5,17031241400,,22.5,7.72,30.22,,,POINT (-87.6753116216 41.906025969)
17031809200,2023-06-10,22:30,2023-06-10,23:00,1976,17.2,17031241400,,20,7.07,27.07,,,POINT (-87.6753116216 41.906025969)
17031809200,2023-06-10,22:30,2023-06-10,23:00,2355,17.1,17031071100,,95,1.68,110.68,,,POINT (-87.6510618838 41.9217781876)
17031809200,2023-06-10,22:30,2023-06-10,22:45,766,3.9,17031010701,,10,3.57,13.57,,,POINT (-87.67861897 42.0091500631)
17031809200,2023-06-10,22:30,2023-06-10,22:45,1043,6.1,17031040201,,15,4.34,19.34,,,POINT (-87.6940010612 41.9725808001)
17031809200,2023-06-10,22:15,2023-06-10,22:45,2177,9.5,17031070500,,25,5.67,30.67,,,POINT (-87.6608925701 41.9289459041)
17031809200,2023-06-10,22:15,2023-06-10,22:45,1913,7.5,17031830700,,17.5,4.53,22.03,,,POINT (-87.6603894557 41.958055933)
17031809200,2023-06-10,22:15,2023-06-10,23:00,2689,12.5,17031838300,,37.5,1.68,39.18,,,POINT (-87.6384040116 41.9015669095)
17031809200,2023-06-10,21:45,2023-06-10,22:15,2075,10.4,17031063100,,22.5,5.36,27.86,,,POINT (-87.6467820813 41.938232293)
17031809200,2023-06-10,21:45,2023-06-10,22:15,2056,12,17031080202,,35,1.68,36.68,,,POINT (-87.6308650266 41.9058577688)
17031809200,2023-06-10,21:45,2023-06-10,22:00,896,4.7,17031020901,,10,2.96,12.96,,,POINT (-87.6860768812 41.9942252345)
17031809200,2023-06-10,21:45,2023-06-10,22:15,1583,11.5,17031151002,,20,5.58,25.58,,,POINT (-87.7471543225 41.9424881553)
17031809200,2023-06-10,21:45,2023-06-10,22:15,1914,12.1,17031071500,,27.5,6.1,33.6,,,POINT (-87.6317173661 41.9146162864)
17031809200,2023-06-10,21:45,2023-06-10,22:15,1660,12.8,17031161300,,25,6.23,31.23,,,POINT (-87.7310024842 41.9426995777)
17031809200,2023-06-10,21:30,2023-06-10,22:15,2555,13.2,17031838300,,22.5,6,28.5,,,POINT (-87.6384040116 41.9015669095)
17031809200,2023-06-10,21:30,2023-06-10,22:15,1915,7.7,17031120200,,30,1.68,34.68,,,POINT (-87.7575974858 41.9944980381)
17031809200,2023-06-10,21:30,2023-06-10,22:00,1323,6.2,17031040100,,17.5,1.68,23.18,,,POINT (-87.681993542 41.9833308063)
17031809200,2023-06-10,21:30,2023-06-10,22:00,1961,11.8,17031071500,,20,5.73,25.73,,,POINT (-87.6317173661 41.9146162864)
17031809200,2023-06-10,21:00,2023-06-10,21:45,2133,10.6,17031832600,,20,5.27,25.27,,,POINT (-87.6540070286 41.9147473049)
17031809200,2023-06-10,21:00,2023-06-10,21:30,2046,15.4,17031980000,,35,7.06,42.06,,,POINT (-87.9030396611 41.9790708201)
17031809200,2023-06-10,21:00,2023-06-10,21:30,1832,15.9,17031980000,,20,13.68,33.68,,,POINT (-87.9030396611 41.9790708201)
17031809200,2023-06-10,20:45,2023-06-10,21:15,1787,11.8,17031071500,,15,5.68,20.68,,,POINT (-87.6317173661 41.9146162864)
17031809200,2023-06-10,20:45,2023-06-10,21:15,1877,18.6,17031280100,,35,1.68,36.68,,,POINT (-87.6428084655 41.8853000224)
17031809200,2023-06-10,20:45,2023-06-10,21:00,1143,6.4,17031831800,,12.5,1.68,14.18,,,POINT (-87.7164304157 41.9782942489)
17031809200,2023-06-10,15:15,2023-06-10,16:00,2049,15.7,17031980000,,50,14.25,64.25,,,POINT (-87.9030396611 41.9790708201)
17031809200,2023-06-10,15:15,2023-06-10,16:00,2709,14.8,17031281900,,25,6.24,31.24,,,POINT (-87.642648998 41.8792550844)
17031809200,2023-06-09,13:15,2023-06-09,14:00,2597,14.4,17031250800,,40,1.68,41.68,,,POINT (-87.7514743323 41.9061861044)
17031809200,2023-06-09,13:00,2023-06-09,13:45,2635,8.9,17031062900,,22.5,1.68,24.18,,,POINT (-87.6564115308 41.9362371791)
17031809200,2023-06-09,13:00,2023-06-09,14:00,3500,17,17031252102,,32.5,1.68,37.18,,,POINT (-87.7598126285 41.8765928828)
17031809200,2023-06-09,13:00,2023-06-09,13:45,2377,16,17031980000,,40,14.43,54.43,,,POINT (-87.9030396611 41.9790708201)
17031809200,2023-06-08,22:45,2023-06-08,23:30,2115,20.8,17031411000,,25,8.02,33.02,,,POINT (-87.5831437169 41.7905062613)
17031809200,2023-06-08,22:45,2023-06-08,23:00,1294,6.1,17031040202,,17.5,4.34,21.84,,,POINT (-87.6940960217 41.9798553089)
17031809200,2023-06-08,22:45,2023-06-08,23:00,1065,4.6,17031010400,,17.5,1.68,19.18,,,POINT (-87.659122427 42.004764559)
17031809200,2023-06-08,14:00,2023-06-08,14:45,3303,16.8,17031843200,,35,1.68,36.68,,,POINT (-87.6635286858 41.8474315472)
17031809200,2023-06-08,14:00,2023-06-08,14:45,2520,13.8,17031081403,,20,7.76,27.76,,,POINT (-87.6188683546 41.8909220259)
17031809200,2023-06-08,14:00,2023-06-08,14:45,2705,14.4,17031250800,,22.5,6.33,28.83,,,POINT (-87.7514743323 41.9061861044)
17031809200,2023-06-08,12:15,2023-06-08,13:00,2979,16,17031980000,,50,28.89,94.89,,,POINT (-87.9030396611 41.9790708201)
17031809200,2023-06-08,12:15,2023-06-08,12:45,1902,10.5,17031150200,,17.5,1.68,22.18,,,POINT (-87.7524091367 41.9606756968)
17031809200,2023-06-08,12:00,2023-06-08,12:45,2567,14.6,17031980000,,47.5,7.03,54.53,,,POINT (-87.9030396611 41.9790708201)
17031809200,2023-06-08,12:00,2023-06-08,12:30,2241,16.8,17031980000,,27.5,26.06,64.56,,,POINT (-87.9030396611 41.9790708201)
17031809200,2023-06-08,12:00,2023-06-08,12:45,2493,15.2,17031980000,,30,11.76,47.76,,,POINT (-87.9030396611 41.9790708201)
17031809200,2023-06-07,19:15,2023-06-07,19:30,801,3.7,17031010202,,7.5,3.94,11.44,,,POINT (-87.6733337784 42.0160464924)
17031809200,2023-06-07,19:15,2023-06-07,19:30,1279,7.9,17031110501,,15,4.6,19.6,,,POINT (-87.7619249793 41.9770023043)
17031809200,2023-06-07,19:15,2023-06-07,19:15,611,3.3,17031010202,,7.5,3.43,10.93,,,POINT (-87.6733337784 42.0160464924)
17031809200,2023-06-06,12:00,2023-06-06,12:30,2570,16.3,17031980000,,27.5,11.6,39.1,,,POINT (-87.9030396611 41.9790708201)
17031809200,2023-06-06,12:00,2023-06-06,12:45,2524,14.8,17031980000,,32.5,11.5,44,,,POINT (-87.9030396611 41.9790708201)
17031809200,2023-06-06,12:00,2023-06-06,12:30,1830,12.8,17031081201,,22.5,3.43,25.93,,,POINT (-87.6262105324 41.8991556134)
17031809200,2023-06-06,9:15,2023-06-06,10:00,2489,14.8,17031980000,,47.5,7.09,54.59,,,POINT (-87.9030396611 41.9790708201)
17031809200,2023-06-06,9:15,2023-06-06,9:45,2039,16.8,17031980000,,22.5,14.28,36.78,,,POINT (-87.9030396611 41.9790708201)
17031809200,2023-06-05,16:45,2023-06-05,17:15,1710,6.9,17031830700,,20,1.68,21.68,,,POINT (-87.6603894557 41.958055933)
17031809200,2023-06-05,16:45,2023-06-05,17:30,2693,12.9,17031081500,,30,7.92,37.92,,,POINT (-87.6262149064 41.8925077809)
17031809200,2023-06-05,16:45,2023-06-05,17:00,765,3.4,17031010100,,10,3.47,13.47,,,POINT (-87.6698247721 42.0212235931)
17031809200,2023-06-02,20:15,2023-06-02,20:15,629,3,17031010201,,7.5,3.35,10.85,,,POINT (-87.680162272 42.0160105638)
17031809200,2023-06-02,20:15,2023-06-02,20:30,1039,5.6,17031040202,,10,4.46,18.46,,,POINT (-87.6940960217 41.9798553089)
17031809200,2023-06-02,20:15,2023-06-02,20:45,1772,10.5,17031063200,,15,5.25,20.25,,,POINT (-87.6385749205 41.9383912577)
17031809200,2023-06-02,14:45,2023-06-02,15:00,874,3.2,17031010202,,12.5,1.68,14.18,,,POINT (-87.6733337784 42.0160464924)
17031809200,2023-06-02,14:45,2023-06-02,15:15,1373,3.4,17031010201,,15,1.68,16.68,,,POINT (-87.680162272 42.0160105638)
17031809200,2023-06-02,14:45,2023-06-02,15:00,1020,4.9,17031130100,,20,3.85,23.85,,,POINT (-87.7239678299 41.9900642527)
17031809200,2023-06-02,14:00,2023-06-02,14:15,1603,6.4,17031140702,,15,4.26,19.26,,,POINT (-87.7132293348 41.9631157548)
17031809200,2023-06-02,14:00,2023-06-02,14:30,1077,4.4,17031020901,,15,3.72,18.72,,,POINT (-87.6860768812 41.9942252345)
17031809200,2023-06-02,14:00,2023-06-02,14:45,2813,10.4,17031070200,,32.5,1.68,41.18,,,POINT (-87.6462934762 41.9290776551)
17031809200,2023-06-02,7:00,2023-06-02,7:30,2049,13.6,17031081800,,25,3.43,28.43,,,POINT (-87.6378442095 41.8932163595)
17031809200,2023-06-02,7:00,2023-06-02,7:30,1360,10.3,17031110502,,15,5.31,20.31,,,POINT (-87.759857019 41.970288894)
17031809200,2023-06-02,7:00,2023-06-02,7:45,2300,17.3,17031980000,,30,7.11,37.11,,,POINT (-87.9030396611 41.9790708201)
17031809200,2023-06-01,14:30,2023-06-01,15:15,3149,12.7,17031842200,,27.5,3.43,30.93,,,POINT (-87.6499072264 41.9049353016)
17031809200,2023-06-01,14:30,2023-06-01,15:00,1452,4.9,17031010202,,15,1.68,16.68,,,POINT (-87.6733337784 42.0160464924)
17031809200,2023-05-31,13:15,2023-05-31,14:00,3213,13.8,17031838200,,25,6.17,31.17,,,POINT (-87.6750856208 41.8704150003)
17031809200,2023-05-31,13:15,2023-05-31,13:45,1787,5,17031830600,,25,1.68,26.68,,,POINT (-87.6735740325 42.0016981937)
17031809200,2023-05-31,13:15,2023-05-31,13:45,1934,8.1,17031830700,,27.5,1.68,29.18,,,POINT (-87.6603894557 41.958055933)
17031809200,2023-05-31,13:15,2023-05-31,13:45,2519,15.2,17031980000,,30,11.44,41.44,,,POINT (-87.9030396611 41.9790708201)
17031809200,2023-05-31,8:45,2023-05-31,9:00,796,3.2,17031010202,,7.5,3.45,10.95,,,POINT (-87.6733337784 42.0160464924)
17031809200,2023-05-31,8:45,2023-05-31,9:00,1086,3.8,17031010202,,12.5,1.68,14.18,,,POINT (-87.6733337784 42.0160464924)
17031809200,2023-05-29,7:45,2023-05-29,8:15,1639,15.9,17031980000,,22.5,14.57,37.07,,,POINT (-87.9030396611 41.9790708201)
17031809200,2023-05-29,7:45,2023-05-29,8:15,1710,18.2,17031281900,,37.5,3.43,44.93,,,POINT (-87.642648998 41.8792550844)
17031809200,2023-05-28,21:30,2023-05-28,21:45,1456,7.4,17031040401,,12.5,0.44,12.94,,,POINT (-87.6860998978 41.972035672)
17031809200,2023-05-27,14:00,2023-05-27,14:30,1587,5.8,17031030900,,15,4.07,19.07,,,POINT (-87.6714455473 41.9797955506)
17031809200,2023-05-27,14:00,2023-05-27,15:15,4132,16.9,17031080400,,32.5,6.89,39.39,,,POINT (-87.6409015248 41.9074128162)
17031809200,2023-05-26,22:30,2023-05-26,23:30,3645,27.9,17031081600,,30,10.48,40.48,,,POINT (-87.6288741572 41.8920726347)
17031809200,2023-05-26,22:30,2023-05-26,23:00,1801,17.3,17031241400,,22.5,6.95,35.45,,,POINT (-87.6753116216 41.906025969)
17031809200,2023-05-26,22:30,2023-05-26,22:45,545,3,17031010201,,10,1.68,11.68,,,POINT (-87.680162272 42.0160105638)
17031809200,2023-05-26,19:15,2023-05-26,19:45,1508,7,17031031100,,15,4.4,24.4,,,POINT (-87.6638654956 41.9726679555)
17031809200,2023-05-26,19:15,2023-05-26,19:45,1582,13.1,17031220602,,17.5,6.3,23.8,,,POINT (-87.7119742544 41.9293297134)
17031809200,2023-05-26,19:15,2023-05-26,19:30,1124,6.2,17031831800,,15,1.68,16.68,,,POINT (-87.7164304157 41.9782942489)
17031809200,2023-05-26,14:15,2023-05-26,14:15,768,3.7,17031010701,,7.5,2.75,10.25,,,POINT (-87.67861897 42.0091500631)
17031809200,2023-05-26,14:15,2023-05-26,15:30,3973,14.3,17031832500,,37.5,1.68,39.18,,,POINT (-87.6640782395 41.9218774613)
17031809200,2023-05-26,14:15,2023-05-26,15:00,2134,7.6,17031830700,,17.5,4.52,22.02,,,POINT (-87.6603894557 41.958055933)
17031809200,2023-05-26,7:15,2023-05-26,8:15,3526,26.5,17031980100,,50,6.68,56.68,,,POINT (-87.7509342894 41.785998518)
17031809200,2023-05-26,7:15,2023-05-26,8:00,2818,17.5,17031838200,,32.5,1.68,37.18,,,POINT (-87.6750856208 41.8704150003)
17031809200,2023-05-26,7:15,2023-05-26,7:45,1960,15.2,17031980000,,30,7.14,37.14,,,POINT (-87.9030396611 41.9790708201)
17031809200,2023-05-25,20:45,2023-05-25,21:00,1013,4.2,17031010300,,10,3.67,13.67,,,POINT (-87.6665362779 42.0159343756)
17031809200,2023-05-25,20:45,2023-05-25,21:15,1841,11.6,17031071500,,22.5,1.68,24.18,,,POINT (-87.6317173661 41.9146162864)
17031809200,2023-05-25,20:45,2023-05-25,21:30,2629,19.7,17031390300,,22.5,7.6,30.1,,,POINT (-87.6042092221 41.813200941)
17031809200,2023-05-25,20:15,2023-05-25,20:45,1783,9.5,17031063200,,20,1.68,21.68,,,POINT (-87.6385749205 41.9383912577)
17031809200,2023-05-25,20:15,2023-05-25,20:45,2006,13.5,17031081402,,45,8.43,58.43,,,POINT (-87.6129454143 41.8919715078)
17031809200,2023-05-25,20:15,2023-05-25,21:00,2516,13.5,17031081800,,27.5,3.43,30.93,,,POINT (-87.6378442095 41.8932163595)
17031809200,2023-05-25,20:15,2023-05-25,20:45,2134,10.6,17031062900,,22.5,1.68,24.18,,,POINT (-87.6564115308 41.9362371791)
17031809200,2023-05-25,18:30,2023-05-25,19:30,3967,26.2,17031980100,,37.5,14.55,52.05,,,POINT (-87.7509342894 41.785998518)
17031809200,2023-05-25,18:30,2023-05-25,19:15,2251,7.6,17031830700,,27.5,1.68,29.18,,,POINT (-87.6603894557 41.958055933)
17031809200,2023-05-25,18:30,2023-05-25,19:30,2953,11.8,17031071500,,30,1.68,31.68,,,POINT (-87.6317173661 41.9146162864)
17031809200,2023-05-25,18:30,2023-05-25,19:00,2180,9.3,17031061902,,25,1.68,26.68,,,POINT (-87.640698076 41.9431550855)
17031809200,2023-05-25,18:30,2023-05-25,19:00,2088,8.3,17031060800,,27.5,1.68,29.18,,,POINT (-87.6460070664 41.9534000435)
17031809200,2023-05-25,18:00,2023-05-25,18:30,2412,13.1,17031842200,,32.5,3.43,35.93,,,POINT (-87.6499072264 41.9049353016)
17031809200,2023-05-25,18:00,2023-05-25,18:15,1594,5.3,17031030400,,17.5,1.68,19.18,,,POINT (-87.6720809941 41.9869530579)
17031809200,2023-05-25,18:00,2023-05-25,18:30,2382,12.3,17031080300,,35,3.43,38.43,,,POINT (-87.6357600901 41.9074919303)
17031809200,2023-05-25,15:00,2023-05-25,15:30,2350,9.3,17031150200,,32.5,1.68,34.18,,,POINT (-87.7524091367 41.9606756968)
17031809200,2023-05-25,15:00,2023-05-25,15:00,737,3.2,17031010201,,15,1.68,16.68,,,POINT (-87.680162272 42.0160105638)
17031809200,2023-05-25,15:00,2023-05-25,15:45,2782,17.3,17031980000,,55,7.08,74.08,,,POINT (-87.9030396611 41.9790708201)
17031809200,2023-05-25,14:45,2023-05-25,15:45,3859,11.8,17031241400,,22.5,5.44,27.94,,,POINT (-87.6753116216 41.906025969)
17031809200,2023-05-25,14:45,2023-05-25,15:30,2627,16.2,17031980000,,35,14.26,49.26,,,POINT (-87.9030396611 41.9790708201)
17031809200,2023-05-25,6:45,2023-05-25,7:30,2899,22.5,17031830500,,37.5,1.68,39.18,,,POINT (-87.723804133 41.8301172027)
17031809200,2023-05-25,6:45,2023-05-25,7:15,1876,12.9,17031081401,,22.5,8.56,31.06,,,POINT (-87.6197106717 41.8950334495)
17031809200,2023-05-22,15:00,2023-05-22,15:15,869,3.2,17031010201,,12.5,1.68,14.18,,,POINT (-87.680162272 42.0160105638)
17031809200,2023-05-22,7:45,2023-05-22,8:00,668,2.9,17031020200,,15,2.47,17.47,,,POINT (-87.6996630419 42.0156967498)
17031809200,2023-05-22,7:45,2023-05-22,8:30,2978,16.8,17031330100,,42.5,6.68,49.18,,,POINT (-87.6173580061 41.859349715)
17031809200,2023-05-22,7:45,2023-05-22,8:45,3518,14.8,17031839100,,35,8.86,43.86,,,POINT (-87.6327464887 41.8809944707)
17031809200,2023-05-22,6:30,2023-05-22,7:15,2019,12.3,17031081401,,22.5,7.59,30.09,,,POINT (-87.6197106717 41.8950334495)
17031809200,2023-05-22,6:30,2023-05-22,7:15,2287,19.8,17031980000,,27.5,29.56,66.06,,,POINT (-87.9030396611 41.9790708201)
17031809200,2023-05-21,12:15,2023-05-21,13:00,2713,15.7,17031980000,,45,6.99,60.99,,,POINT (-87.9030396611 41.9790708201)
17031809200,2023-05-21,12:15,2023-05-21,12:30,914,4.8,17031020901,,10,2.98,12.98,,,POINT (-87.6860768812 41.9942252345)
17031809200,2023-05-21,12:15,2023-05-21,12:45,2366,15.5,17031980000,,17.5,14.09,31.59,,,POINT (-87.9030396611 41.9790708201)
17031809200,2023-05-20,21:45,2023-05-20,22:15,2374,19.7,17031261000,,20,7,27,,,POINT (-87.7289580948 41.8712250372)
17031809200,2023-05-20,21:45,2023-05-20,22:00,951,4.2,17031010702,,10,3.67,13.67,,,POINT (-87.6727239593 42.0090182269)
17031809200,2023-05-19,17:15,2023-05-19,17:30,775,3.2,17031010201,,7.5,3.36,10.86,,,POINT (-87.680162272 42.0160105638)
17031809200,2023-05-19,17:15,2023-05-19,17:30,1119,4.6,17031020500,,10,3.76,13.76,,,POINT (-87.684198195 42.0013132491)
17031809200,2023-05-19,14:30,2023-05-19,15:15,2224,10.7,17031070102,,15,5.37,25.37,,,POINT (-87.6422063127 41.9305785697)
17031809200,2023-05-19,14:30,2023-05-19,14:45,1435,5.1,17031020902,,20,4.12,24.12,,,POINT (-87.6786882109 41.9942660943)
17031809200,2023-05-19,14:30,2023-05-19,14:45,816,4.5,17031830600,,12.5,1.68,14.18,,,POINT (-87.6735740325 42.0016981937)
17031809200,2023-05-18,20:00,2023-05-18,20:15,939,4.5,17031020500,,12.5,1.68,14.18,,,POINT (-87.684198195 42.0013132491)
17031809200,2023-05-18,15:45,2023-05-18,16:15,1938,7.2,17031040600,,17.5,4.25,21.75,,,POINT (-87.6840183712 41.9668340674)
17031809200,2023-05-18,15:45,2023-05-18,16:45,3299,12.7,17031080300,,22.5,7.53,30.03,,,POINT (-87.6357600901 41.9074919303)
17031809200,2023-05-17,19:30,2023-05-17,19:45,893,4.1,17031020802,,12.5,1.68,14.18,,,POINT (-87.6946307194 41.994059824)
17031809200,2023-05-17,19:30,2023-05-17,20:15,2625,14.4,17031081500,,35,8.16,49.16,,,POINT (-87.6262149064 41.8925077809)
17031809200,2023-05-17,11:30,2023-05-17,12:15,2567,14.1,17031210601,,22.5,1.68,24.18,,,POINT (-87.7099873375 41.9374939696)
17031809200,2023-05-17,11:30,2023-05-17,11:45,855,3.3,17031010300,,7.5,3.44,10.94,,,POINT (-87.6665362779 42.0159343756)
17031809200,2023-05-17,11:30,2023-05-17,12:15,3183,15.6,17031838200,,27.5,1.68,29.18,,,POINT (-87.6750856208 41.8704150003)
17031809200,2023-05-16,18:45,2023-05-16,19:30,2814,20.4,17031390400,,27.5,1.68,29.18,,,POINT (-87.6040586249 41.8059249688)
17031809200,2023-05-16,7:45,2023-05-16,8:30,2623,15.8,17031980000,,30,14.21,44.21,,,POINT (-87.9030396611 41.9790708201)
17031809200,2023-05-16,7:45,2023-05-16,8:15,2517,16.3,17031980000,,30,14.19,44.19,,,POINT (-87.9030396611 41.9790708201)
17031809200,2023-05-15,16:45,2023-05-15,17:45,3103,8.7,17031062800,,17.5,4.89,22.39,,,POINT (-87.6612652184 41.936159071)
17031809200,2023-05-15,16:45,2023-05-15,17:00,1270,4.8,17031010501,,10,3.74,13.74,,,POINT (-87.6639582144 42.0094125471)
17031809200,2023-05-15,16:45,2023-05-15,17:45,3948,11.3,17031842200,,17.5,7.75,25.25,,,POINT (-87.6499072264 41.9049353016)
17031809200,2023-05-14,0:45,2023-05-14,1:00,847,4.7,17031020500,,12.5,2.94,15.44,,,POINT (-87.684198195 42.0013132491)
17031809200,2023-05-14,0:45,2023-05-14,1:15,1571,19.7,17031841900,,27.5,1.68,29.18,,,POINT (-87.6429586652 41.8679024175)
17031809200,2023-05-13,23:45,2023-05-14,0:15,1861,8.2,17031032100,,12.5,4.72,17.22,,,POINT (-87.6530217894 41.9581548757)
17031809200,2023-05-13,23:45,2023-05-13,23:45,665,3.2,17031010201,,7.5,3.4,10.9,,,POINT (-87.680162272 42.0160105638)
17031809200,2023-05-13,23:45,2023-05-14,0:00,1020,7,17031140200,,10,1.68,11.68,,,POINT (-87.7134353285 41.9702449819)
17031809200,2023-05-13,23:45,2023-05-14,0:15,1830,12.3,17031080202,,15,5.79,20.79,,,POINT (-87.6308650266 41.9058577688)
17031809200,2023-05-13,21:15,2023-05-13,22:15,3144,16.2,17031833000,,30,6.83,36.83,,,POINT (-87.6572331997 41.8852813201)
17031809200,2023-05-13,21:15,2023-05-13,21:30,1004,6.4,17031831800,,12.5,4.25,16.75,,,POINT (-87.7164304157 41.9782942489)
17031809200,2023-05-13,21:15,2023-05-13,22:00,2490,15.2,17031839100,,22.5,7.59,30.09,,,POINT (-87.6327464887 41.8809944707)
17031809200,2023-05-13,21:15,2023-05-13,21:30,1058,5.5,17031030200,,12.5,1.68,14.18,,,POINT (-87.6652247765 41.9944422482)
17031809200,2023-05-13,21:00,2023-05-13,21:00,674,3.7,17031010201,,10,3.52,15.52,,,POINT (-87.680162272 42.0160105638)
17031809200,2023-05-13,21:00,2023-05-13,21:30,1613,10.1,17031063400,,15,5.48,20.48,,,POINT (-87.6467297286 41.9346591566)
17031809200,2023-05-13,21:00,2023-05-13,21:45,1972,10.6,17031070300,,17.5,5.35,22.85,,,POINT (-87.6513108767 41.9290469366)
17031809200,2023-05-13,18:00,2023-05-13,19:00,3574,15.8,17031330100,,27.5,6.72,34.22,,,POINT (-87.6173580061 41.859349715)
17031809200,2023-05-13,18:00,2023-05-13,18:45,2597,13.2,17031071100,,20,5.99,25.99,,,POINT (-87.6510618838 41.9217781876)
17031809200,2023-05-13,0:00,2023-05-13,0:30,1486,18.2,17031081800,,20,7.31,27.31,,,POINT (-87.6378442095 41.8932163595)
17031809200,2023-05-13,0:00,2023-05-13,0:15,1082,6.8,17031040401,,10,4.31,14.31,,,POINT (-87.6860998978 41.972035672)
17031809200,2023-05-13,0:00,2023-05-13,0:15,1447,7,17031031000,,12.5,4.41,19.91,,,POINT (-87.6711095263 41.9724370811)
17031809200,2023-05-13,0:00,2023-05-13,0:15,1015,4.7,17031010300,,12.5,1.68,15.18,,,POINT (-87.6665362779 42.0159343756)
17031809200,2023-05-12,22:30,2023-05-12,23:00,1563,3.9,17031031000,,10,2.67,12.67,,,POINT (-87.6711095263 41.9724370811)
17031809200,2023-05-12,22:30,2023-05-12,23:00,1788,17,17031241400,,22.5,7.43,29.93,,,POINT (-87.6753116216 41.906025969)
17031809200,2023-05-12,22:30,2023-05-12,22:30,425,3.1,17031020200,,5,2.44,7.44,,,POINT (-87.6996630419 42.0156967498)
17031809200,2023-05-12,16:00,2023-05-12,16:15,1215,3.5,17031020100,,12.5,1.68,14.18,,,POINT (-87.6871159899 42.0157199072)
17031809200,2023-05-12,16:00,2023-05-12,16:15,1240,4.4,17031010600,,15,4.28,19.28,,,POINT (-87.6676836101 42.0062788614)
17031809200,2023-05-12,16:00,2023-05-12,17:00,3506,15.6,17031281900,,27.5,8.13,35.63,,,POINT (-87.642648998 41.8792550844)
17031809200,2023-05-12,16:00,2023-05-12,16:30,2546,16.5,17031980000,,32.5,7.08,39.58,,,POINT (-87.9030396611 41.9790708201)
17031809200,2023-05-12,10:30,2023-05-12,11:15,2559,18.4,17031980000,,27.5,11.79,39.29,,,POINT (-87.9030396611 41.9790708201)
17031809200,2023-05-12,10:30,2023-05-12,11:00,2106,16.2,17031980000,,45,7.11,52.11,,,POINT (-87.9030396611 41.9790708201)
17031809200,2023-05-11,20:15,2023-05-11,20:45,1464,6.6,17031031300,,12.5,4.3,16.8,,,POINT (-87.6502900743 41.9729293173)
17031809200,2023-05-11,20:15,2023-05-11,20:30,845,3,17031020200,,7.5,3.42,10.92,,,POINT (-87.6996630419 42.0156967498)
17031809200,2023-05-11,20:15,2023-05-11,21:00,2543,9.8,17031070500,,17.5,5.06,22.56,,,POINT (-87.6608925701 41.9289459041)
17031809200,2023-05-11,17:00,2023-05-11,17:30,2328,7.3,17031050200,,17.5,4.55,22.05,,,POINT (-87.683718102 41.957735565)
17031809200,2023-05-11,17:00,2023-05-11,17:15,751,3.2,17031010201,,12.5,3.41,15.91,,,POINT (-87.680162272 42.0160105638)
17031809200,2023-05-11,17:00,2023-05-11,17:15,961,3.5,17031010202,,7.5,3.39,10.89,,,POINT (-87.6733337784 42.0160464924)
17031809200,2023-05-11,12:30,2023-05-11,12:30,612,2.9,17031020200,,7.5,3.29,10.79,,,POINT (-87.6996630419 42.0156967498)
17031809200,2023-05-11,12:30,2023-05-11,12:45,780,4,17031010100,,7.5,3.53,11.03,,,POINT (-87.6698247721 42.0212235931)
17031809200,2023-05-10,20:15,2023-05-10,20:30,762,4.4,17031010400,,10,1.68,11.68,,,POINT (-87.659122427 42.004764559)
17031809200,2023-05-10,20:15,2023-05-10,20:45,1923,9.1,17031062800,,,,,,,POINT (-87.6612652184 41.936159071)
17031809200,2023-05-10,20:15,2023-05-10,20:45,1999,10,17031063200,,,,,,,POINT (-87.6385749205 41.9383912577)
17031809200,2023-05-10,14:00,2023-05-10,14:15,675,3.8,17031010300,,10,1.68,13.68,,,POINT (-87.6665362779 42.0159343756)
17031809200,2023-05-10,14:00,2023-05-10,14:15,725,4.4,17031020901,,,,,,,POINT (-87.6860768812 41.9942252345)
17031809200,2023-05-09,16:30,2023-05-09,16:45,900,3.7,17031010202,,7.5,3.52,16.02,,,POINT (-87.6733337784 42.0160464924)
17031809200,2023-05-09,16:30,2023-05-09,16:45,1193,5.3,17031010503,,15,1.68,19.68,,,POINT (-87.6631267998 42.0003203059)
17031809200,2023-05-08,16:45,2023-05-08,17:15,1428,6.5,17031831800,,15,4.3,19.3,,,POINT (-87.7164304157 41.9782942489)
17031809200,2023-05-08,9:30,2023-05-08,9:45,758,3.3,17031010202,,7.5,3.4,11.9,,,POINT (-87.6733337784 42.0160464924)
17031809200,2023-05-08,9:30,2023-05-08,10:00,1394,6.6,17031030703,,15,1.68,16.68,,,POINT (-87.6578712629 41.9788750584)
17031809200,2023-05-08,6:45,2023-05-08,7:15,2613,13.4,17031231500,,20,5.87,25.87,,,POINT (-87.7186707951 41.8917542026)
17031809200,2023-05-08,6:45,2023-05-08,7:15,1805,12.5,17031081401,,32.5,9.4,41.9,,,POINT (-87.6197106717 41.8950334495)
17031809200,2023-05-08,6:45,2023-05-08,7:00,1724,15.8,17031980000,,32.5,13.88,55.38,,,POINT (-87.9030396611 41.9790708201)
17031809200,2023-05-07,0:15,2023-05-07,0:30,986,4.8,17031010600,,10,1.68,11.68,,,POINT (-87.6676836101 42.0062788614)
17031809200,2023-05-07,0:15,2023-05-07,0:45,1833,11.2,17031071200,,30,5.73,35.73,,,POINT (-87.6462109769 41.9218549112)
17031809200,2023-05-07,0:15,2023-05-07,0:30,735,3.6,17031010702,,7.5,3.57,13.07,,,POINT (-87.6727239593 42.0090182269)
17031809200,2023-05-07,0:15,2023-05-07,0:30,904,6.8,17031040202,,12.5,4.34,16.84,,,POINT (-87.6940960217 41.9798553089)
17031809200,2023-05-07,0:00,2023-05-07,0:30,2003,11.4,17031071200,,17.5,5.51,23.01,,,POINT (-87.6462109769 41.9218549112)
17031809200,2023-05-07,0:00,2023-05-07,0:30,1887,11.3,17031071200,,17.5,5.51,23.01,,,POINT (-87.6462109769 41.9218549112)
17031809200,2023-05-07,0:00,2023-05-07,0:30,2002,11.3,17031071200,,17.5,5.5,26,,,POINT (-87.6462109769 41.9218549112)
17031809200,2023-05-07,0:00,2023-05-07,0:30,2089,11.3,17031071200,,30,6.24,36.24,,,POINT (-87.6462109769 41.9218549112)
17031809200,2023-05-07,0:00,2023-05-07,0:30,2049,11.4,17031071200,,30,5.74,35.74,,,POINT (-87.6462109769 41.9218549112)
17031809200,2023-05-07,0:00,2023-05-07,0:30,1876,11.2,17031071200,,17.5,5.51,23.01,,,POINT (-87.6462109769 41.9218549112)
17031809200,2023-05-07,0:00,2023-05-07,0:30,1910,11.3,17031071200,,17.5,5.51,23.01,,,POINT (-87.6462109769 41.9218549112)
17031809200,2023-05-07,0:00,2023-05-07,0:15,908,4.7,17031030300,,10,3.81,16.81,,,POINT (-87.672538401 41.9943810196)
17031809200,2023-05-07,0:00,2023-05-07,0:30,2081,11.2,17031071200,,35,1.68,36.68,,,POINT (-87.6462109769 41.9218549112)
17031809200,2023-05-07,0:00,2023-05-07,0:30,1863,11.3,17031071200,,22.5,5.51,28.01,,,POINT (-87.6462109769 41.9218549112)
17031809200,2023-05-07,0:00,2023-05-07,0:30,1992,11.2,17031071200,,17.5,5.51,23.01,,,POINT (-87.6462109769 41.9218549112)
17031809200,2023-05-06,22:30,2023-05-06,22:45,1602,8.2,17031031400,,15,4.72,19.72,,,POINT (-87.6453787624 41.962178629)
17031809200,2023-05-06,22:30,2023-05-06,22:45,876,4.4,17031020802,,12.5,1.68,14.18,,,POINT (-87.6946307194 41.994059824)
17031809200,2023-05-06,21:45,2023-05-06,22:00,1004,4.3,17031010702,,7.5,3.68,16.18,,,POINT (-87.6727239593 42.0090182269)
17031809200,2023-05-06,21:45,2023-05-06,22:00,1069,5,17031010501,,12.5,1.68,14.18,,,POINT (-87.6639582144 42.0094125471)
17031809200,2023-05-06,21:45,2023-05-06,22:30,2404,19.7,17031261000,,25,6.97,31.97,,,POINT (-87.7289580948 41.8712250372)
17031809200,2023-05-06,20:45,2023-05-06,21:15,1937,10.1,17031062000,,22.5,5.03,27.53,,,POINT (-87.6470785093 41.942577185)
17031809200,2023-05-06,20:45,2023-05-06,21:00,1333,5.9,17031030900,,17.5,1.68,19.18,,,POINT (-87.6714455473 41.9797955506)
17031809200,2023-05-06,20:15,2023-05-06,20:30,1096,7,17031140200,,12.5,1.68,14.18,,,POINT (-87.7134353285 41.9702449819)
17031809200,2023-05-06,20:15,2023-05-06,20:45,1807,9.6,17031063200,,15,5.72,20.72,,,POINT (-87.6385749205 41.9383912577)
17031809200,2023-05-06,17:00,2023-05-06,17:30,1463,5.5,17031030500,,17.5,1.68,24.18,,,POINT (-87.6649377243 41.9872255578)
17031809200,2023-05-06,17:00,2023-05-06,18:00,3449,10.8,17031240300,,40,1.68,52.68,,,POINT (-87.6750627566 41.9123643542)
17031809200,2023-05-06,17:00,2023-05-06,17:15,1128,4.9,17031010600,,12.5,1.68,14.18,,,POINT (-87.6676836101 42.0062788614)
17031809200,2023-05-06,9:00,2023-05-06,10:00,3570,17.8,17031841000,,25,12.23,37.23,,,POINT (-87.6241352979 41.8492467545)
17031809200,2023-05-06,9:00,2023-05-06,9:45,2824,12.4,17031081300,,20,5.81,25.81,,,POINT (-87.6207628651 41.8983317935)
17031809200,2023-05-05,21:45,2023-05-05,22:15,1994,9.3,17031832000,,17.5,4.99,22.49,,,POINT (-87.6542980837 41.9462945357)
17031809200,2023-05-05,21:45,2023-05-05,22:00,1497,6.3,17031030604,,12.5,4.86,17.36,,,POINT (-87.6537935286 41.9854724225)
17031809200,2023-05-05,21:45,2023-05-05,21:45,579,2.9,17031020200,,10,1.68,13.68,,,POINT (-87.6996630419 42.0156967498)
17031809200,2023-05-05,21:45,2023-05-05,22:15,2098,16.6,17031241400,,22.5,5.48,32.98,,,POINT (-87.6753116216 41.906025969)
17031809200,2023-05-05,16:00,2023-05-05,16:30,1567,6,17031130300,,20,4.14,24.14,,,POINT (-87.7133688039 41.9865581808)
17031809200,2023-05-05,16:00,2023-05-05,16:30,1860,5.7,17031030200,,12.5,1.68,14.18,,,POINT (-87.6652247765 41.9944422482)
17031809200,2023-05-05,16:00,2023-05-05,16:45,2316,5.8,17031030800,,17.5,4.22,31.72,,,POINT (-87.6641882421 41.9799124453)
17031809200,2023-05-04,20:00,2023-05-04,20:30,2038,17.8,17031980000,,22.5,12.25,34.75,,,POINT (-87.9030396611 41.9790708201)
17031809200,2023-05-04,20:00,2023-05-04,20:15,1131,4.7,17031010600,,12.5,1.68,14.18,,,POINT (-87.6676836101 42.0062788614)
17031809200,2023-05-04,20:00,2023-05-04,20:15,868,4.2,17031010300,,10,3.68,13.68,,,POINT (-87.6665362779 42.0159343756)
17031809200,2023-05-04,20:00,2023-05-04,20:45,2284,8.3,17031031502,,15,13.68,33.68,,,POINT (-87.6523653588 41.9636331692)
17031809200,2023-05-04,18:15,2023-05-04,18:30,877,5,17031130100,,22.5,3.88,26.38,,,POINT (-87.7239678299 41.9900642527)
17031809200,2023-05-01,20:15,2023-05-01,20:45,1799,10,17031063200,,15,5.3,20.3,,,POINT (-87.6385749205 41.9383912577)
17031809200,2023-05-01,20:15,2023-05-01,20:30,1008,4.7,17031030300,,10,3.8,13.8,,,POINT (-87.672538401 41.9943810196)
17031809200,2023-05-01,17:15,2023-05-01,17:30,1304,4.8,17031010501,,10,3.77,13.77,,,POINT (-87.6639582144 42.0094125471)
17031809200,2023-05-01,17:15,2023-05-01,17:30,1243,4.5,17031020500,,25,3.78,28.78,,,POINT (-87.684198195 42.0013132491)
17031809200,2023-05-01,17:15,2023-05-01,18:00,2201,12.1,17031081201,,25,3.43,28.43,,,POINT (-87.6262105324 41.8991556134)
17031809200,2023-05-01,8:30,2023-05-01,9:30,3260,15.8,17031839100,,37.5,3.43,40.93,,,POINT (-87.6327464887 41.8809944707)
17031809200,2023-05-01,8:30,2023-05-01,9:00,1394,5.6,17031010100,,15,4.06,19.06,,,POINT (-87.6698247721 42.0212235931)
17031809200,2023-04-29,22:45,2023-04-29,23:00,843,4.5,17031030300,,15,3.99,18.99,,,POINT (-87.672538401 41.9943810196)
17031809200,2023-04-29,22:45,2023-04-29,23:00,928,4.8,17031020802,,22.5,1.68,24.18,,,POINT (-87.6946307194 41.994059824)
17031809200,2023-04-29,22:45,2023-04-29,23:15,2207,13.2,17031081700,,25,6.7,31.7,,,POINT (-87.6318639497 41.8920421365)
17031809200,2023-04-29,22:45,2023-04-29,23:15,2463,13.6,17031081700,,37.5,1.68,39.18,,,POINT (-87.6318639497 41.8920421365)
17031809200,2023-04-29,21:00,2023-04-29,21:45,2442,17.1,17031841000,,27.5,1.68,34.18,,,POINT (-87.6241352979 41.8492467545)
17031809200,2023-04-29,21:00,2023-04-29,21:30,1304,6.6,17031831800,,12.5,4.36,16.86,,,POINT (-87.7164304157 41.9782942489)
17031809200,2023-04-29,21:00,2023-04-29,21:30,2042,12.4,17031842200,,17.5,6.08,27.58,,,POINT (-87.6499072264 41.9049353016)
17031809200,2023-04-29,19:15,2023-04-29,19:30,801,3.3,17031010701,,7.5,1.68,14.18,,,POINT (-87.67861897 42.0091500631)
17031809200,2023-04-29,19:15,2023-04-29,19:30,1274,6,17031040700,,17.5,1.68,19.18,,,POINT (-87.6940200973 41.9668063463)
17031809200,2023-04-29,18:30,2023-04-29,19:00,1396,5.6,17031030500,,15,4.04,29.04,,,POINT (-87.6649377243 41.9872255578)
17031809200,2023-04-29,18:30,2023-04-29,19:00,1907,8,17031050800,,27.5,1.68,29.18,,,POINT (-87.6809282247 41.9450101512)
17031809200,2023-04-29,17:30,2023-04-29,18:15,2365,8.7,17031051400,,17.5,4.86,22.36,,,POINT (-87.6809803011 41.9357494591)
17031809200,2023-04-29,17:30,2023-04-29,18:00,1221,5.8,17031040202,,12.5,4.1,16.6,,,POINT (-87.6940960217 41.9798553089)
17031809200,2023-04-29,17:30,2023-04-29,18:00,1040,4.6,17031010501,,12.5,1.68,14.18,,,POINT (-87.6639582144 42.0094125471)
17031809200,2023-04-29,10:30,2023-04-29,11:00,2246,14,17031191000,,20,6.2,26.2,,,POINT (-87.7438056558 41.9192261876)
17031809200,2023-04-29,10:30,2023-04-29,10:30,834,3.8,17031010702,,10,3.6,18.6,,,POINT (-87.6727239593 42.0090182269)
17031809200,2023-04-29,0:00,2023-04-29,0:30,1576,14,17031220902,,17.5,6.08,23.58,,,POINT (-87.7218357934 41.9227117587)
17031809200,2023-04-29,0:00,2023-04-29,0:15,578,2.7,17031020200,,5,3.22,8.22,,,POINT (-87.6996630419 42.0156967498)
17031809200,2023-04-28,23:00,2023-04-28,23:00,716,3.6,17031010201,,10,3.51,13.51,,,POINT (-87.680162272 42.0160105638)
17031809200,2023-04-28,23:00,2023-04-28,23:15,807,4.5,17031020802,,12.5,3.73,16.23,,,POINT (-87.6946307194 41.994059824)
17031809200,2023-04-28,23:00,2023-04-28,23:30,2102,17.7,17031833000,,27.5,1.68,33.18,,,POINT (-87.6572331997 41.8852813201)
17031809200,2023-04-28,20:00,2023-04-28,20:30,1841,9,17031210100,,15,4.81,19.81,,,POINT (-87.701330291 41.9428725376)
17031809200,2023-04-28,20:00,2023-04-28,20:15,1240,6.1,17031040100,,12.5,4.15,16.65,,,POINT (-87.681993542 41.9833308063)
17031809200,2023-04-28,20:00,2023-04-28,20:15,1166,6.2,17031831800,,12.5,4.18,16.68,,,POINT (-87.7164304157 41.9782942489)
17031809200,2023-04-28,20:00,2023-04-28,20:15,376,2.4,17031020200,,5,3.2,8.2,,,POINT (-87.6996630419 42.0156967498)
17031809200,2023-04-28,15:15,2023-04-28,16:00,2060,6.7,17031830700,,15,4.53,19.53,,,POINT (-87.6603894557 41.958055933)
17031809200,2023-04-28,15:15,2023-04-28,15:45,1877,5.6,17031020902,,15,1.68,16.68,,,POINT (-87.6786882109 41.9942660943)
17031809200,2023-04-28,15:15,2023-04-28,15:45,1757,6.1,17031040100,,15,1.68,20.68,,,POINT (-87.681993542 41.9833308063)
17031809200,2023-04-27,18:15,2023-04-27,19:30,3700,24.1,17031691000,,32.5,9.75,42.25,,,POINT (-87.6200146997 41.7619610796)
17031809200,2023-04-27,18:15,2023-04-27,18:30,1386,6,17031040201,,15,4.11,19.11,,,POINT (-87.6940010612 41.9725808001)
17031809200,2023-04-27,18:15,2023-04-27,18:45,1022,4.5,17031020601,,17.5,3.8,24.3,,,POINT (-87.701802904 42.0008748252)
17031809200,2023-04-27,15:15,2023-04-27,15:45,1837,7.5,17031830700,,17.5,4.54,22.04,,,POINT (-87.6603894557 41.958055933)
17031809200,2023-04-27,15:15,2023-04-27,15:30,820,3.2,17031010202,,12.5,3.43,15.93,,,POINT (-87.6733337784 42.0160464924)
17031809200,2023-04-27,15:15,2023-04-27,16:00,2704,10.5,17031063000,,22.5,1.68,24.18,,,POINT (-87.6515625922 41.9363101308)
17031809200,2023-04-27,5:45,2023-04-27,6:15,1985,16.3,17031980000,,32.5,7.13,47.63,,,POINT (-87.9030396611 41.9790708201)
17031809200,2023-04-27,5:45,2023-04-27,6:15,1857,16.8,17031980000,,30,14.14,44.14,,,POINT (-87.9030396611 41.9790708201)
17031809200,2023-04-27,5:45,2023-04-27,6:15,1678,16.7,17031980000,,37.5,7.13,44.63,,,POINT (-87.9030396611 41.9790708201)
17031809200,2023-04-24,20:00,2023-04-24,20:30,1733,9.6,17031063200,,15,5.05,20.05,,,POINT (-87.6385749205 41.9383912577)
17031809200,2023-04-24,20:00,2023-04-24,20:30,1953,17.2,17031241400,,25,7.11,32.11,,,POINT (-87.6753116216 41.906025969)
17031809200,2023-04-23,18:00,2023-04-23,18:15,843,4.5,17031830600,,12.5,3.77,16.27,,,POINT (-87.6735740325 42.0016981937)
17031809200,2023-04-23,18:00,2023-04-23,18:15,869,4.4,17031830600,,12.5,1.68,14.18,,,POINT (-87.6735740325 42.0016981937)
17031809200,2023-04-22,23:00,2023-04-22,23:30,1659,9.4,17031061200,,17.5,4.74,27.24,,,POINT (-87.6616429039 41.9490605256)
17031809200,2023-04-22,23:00,2023-04-22,23:15,532,3.4,17031020100,,15,3.68,18.68,,,POINT (-87.6871159899 42.0157199072)
17031809200,2023-04-22,23:00,2023-04-22,23:00,488,2.6,17031020100,,12.5,3.26,15.76,,,POINT (-87.6871159899 42.0157199072)
17031809200,2023-04-22,0:15,2023-04-22,0:45,1325,7.6,17031031300,,12.5,3.72,16.22,,,POINT (-87.6502900743 41.9729293173)
17031809200,2023-04-22,0:15,2023-04-22,1:00,2631,22.5,17031261000,,22.5,1.79,24.29,,,POINT (-87.7289580948 41.8712250372)
17031809200,2023-04-21,22:45,2023-04-21,23:15,2073,12.8,17031081000,,22.5,8.56,35.06,,,POINT (-87.6321092196 41.9002656868)
17031809200,2023-04-21,22:45,2023-04-21,22:45,587,3.2,17031010201,,10,3.42,13.42,,,POINT (-87.680162272 42.0160105638)
17031809200,2023-04-21,22:30,2023-04-21,23:15,2127,12.9,17031081800,,22.5,5.97,28.47,,,POINT (-87.6378442095 41.8932163595)
17031809200,2023-04-21,22:30,2023-04-21,23:00,1875,9.8,17031062000,,20,4.23,24.23,,,POINT (-87.6470785093 41.942577185)
17031809200,2023-04-21,22:30,2023-04-21,23:00,2270,12.6,17031081401,,22.5,5.85,28.35,,,POINT (-87.6197106717 41.8950334495)
17031809200,2023-04-21,11:45,2023-04-21,12:00,872,4.9,17031130100,,12.5,3.84,16.34,,,POINT (-87.7239678299 41.9900642527)
17031809200,2023-04-21,11:45,2023-04-21,13:00,3940,25.8,17031980100,,72.5,15.09,87.59,,,POINT (-87.7509342894 41.785998518)
17031809200,2023-04-21,11:45,2023-04-21,12:00,1030,4.4,17031830600,,15,1.68,16.68,,,POINT (-87.6735740325 42.0016981937)
17031809200,2023-04-20,13:45,2023-04-20,14:30,2561,15.5,17031841900,,22.5,8.29,30.79,,,POINT (-87.6429586652 41.8679024175)
17031809200,2023-04-19,19:30,2023-04-19,20:15,2170,12.9,17031081700,,20,7.68,27.68,,,POINT (-87.6318639497 41.8920421365)
17031809200,2023-04-19,19:30,2023-04-19,19:45,586,2.6,17031020200,,7.5,3.26,15.76,,,POINT (-87.6996630419 42.0156967498)
17031809200,2023-04-19,19:30,2023-04-19,20:00,1807,11.8,17031080100,,22.5,3.43,25.93,,,POINT (-87.6266589003 41.9075200747)
17031809200,2023-04-18,18:15,2023-04-18,19:00,2268,16.4,17031980000,,25,7.08,32.08,,,POINT (-87.9030396611 41.9790708201)
17031809200,2023-04-18,18:15,2023-04-18,18:45,1440,7.8,17031110501,,17.5,4.64,22.14,,,POINT (-87.7619249793 41.9770023043)
17031809200,2023-04-18,18:15,2023-04-18,18:30,1059,3.9,17031010300,,10,3.62,13.62,,,POINT (-87.6665362779 42.0159343756)
17031809200,2023-04-17,18:15,2023-04-17,18:30,1355,7.8,17031110501,,15,4.62,19.62,,,POINT (-87.7619249793 41.9770023043)
17031809200,2023-04-17,18:15,2023-04-17,18:30,723,3.1,17031010201,,7.5,3.36,10.86,,,POINT (-87.680162272 42.0160105638)
17031809200,2023-04-17,18:15,2023-04-17,18:45,2142,13.1,17031190800,,20,6.02,30.02,,,POINT (-87.7513626916 41.927819073)
17031809200,2023-04-16,14:30,2023-04-16,15:15,2161,13.4,17031081700,,20,6.17,26.17,,,POINT (-87.6318639497 41.8920421365)
17031809200,2023-04-16,14:30,2023-04-16,15:00,1672,7.6,17031031700,,15,4.55,19.55,,,POINT (-87.6631958495 41.9654457842)
17031809200,2023-04-16,14:30,2023-04-16,15:00,2023,14.5,17031320100,,22.5,6.36,28.86,,,POINT (-87.6209929134 41.8849871918)
17031809200,2023-04-15,20:45,2023-04-15,21:00,808,3.5,17031020302,,10,3.5,13.5,,,POINT (-87.6949637498 42.0085407611)
17031809200,2023-04-15,14:15,2023-04-15,14:30,1204,4.2,17031010300,,10,4.06,14.06,,,POINT (-87.6665362779 42.0159343756)
17031809200,2023-04-15,14:15,2023-04-15,15:45,5594,15.5,17031839100,,25,1.68,26.68,,,POINT (-87.6327464887 41.8809944707)
17031809200,2023-04-15,14:15,2023-04-15,15:00,2254,7.5,17031830700,,17.5,1.68,19.18,,,POINT (-87.6603894557 41.958055933)
17031809200,2023-04-15,0:15,2023-04-15,0:30,1047,7.5,17031140100,,12.5,1.68,14.18,,,POINT (-87.7057767012 41.9711428078)
17031809200,2023-04-15,0:15,2023-04-15,0:30,868,4,17031010702,,10,1.68,11.68,,,POINT (-87.6727239593 42.0090182269)
17031809200,2023-04-15,0:15,2023-04-15,0:45,1742,23.2,17031261000,,22.5,8.65,31.15,,,POINT (-87.7289580948 41.8712250372)
17031809200,2023-04-14,21:45,2023-04-14,22:00,1351,6.1,17031031000,,12.5,4.17,16.67,,,POINT (-87.6711095263 41.9724370811)
17031809200,2023-04-14,21:45,2023-04-14,22:00,1047,6.8,17031040202,,12.5,4.34,16.84,,,POINT (-87.6940960217 41.9798553089)
17031809200,2023-04-14,20:30,2023-04-14,20:45,881,4.1,17031010702,,10,3.63,14.63,,,POINT (-87.6727239593 42.0090182269)
17031809200,2023-04-14,20:30,2023-04-14,21:00,1857,19.2,17031839100,,22.5,3.43,25.93,,,POINT (-87.6327464887 41.8809944707)
17031809200,2023-04-14,20:30,2023-04-14,21:15,2350,17,17031833100,,22.5,8.98,31.48,,,POINT (-87.657005027 41.8790669938)
17031809200,2023-04-14,20:00,2023-04-14,20:15,1096,4.8,17031020801,,12.5,1.68,14.18,,,POINT (-87.6944151909 41.9868086263)
17031809200,2023-04-14,20:00,2023-04-14,20:45,2497,7.5,17031020602,,22.5,4.55,27.05,,,POINT (-87.6936374936 42.0013159243)
17031809200,2023-04-14,20:00,2023-04-14,20:30,1795,7,17031040402,,17.5,4.54,22.04,,,POINT (-87.6788459662 41.9725625375)
17031809200,2023-04-14,18:45,2023-04-14,19:00,817,4,17031010300,,15,3.6,18.6,,,POINT (-87.6665362779 42.0159343756)
17031809200,2023-04-14,18:45,2023-04-14,19:30,2644,11.2,17031241400,,25,5.92,30.92,,,POINT (-87.6753116216 41.906025969)
17031809200,2023-04-14,17:30,2023-04-14,17:45,865,3.1,17031010201,,10,3.33,13.33,,,POINT (-87.680162272 42.0160105638)
17031809200,2023-04-14,17:30,2023-04-14,18:00,1562,3.6,17031010100,,15,1.68,16.68,,,POINT (-87.6698247721 42.0212235931)
17031809200,2023-04-14,9:30,2023-04-14,9:45,610,3.2,17031010202,,7.5,3.43,10.93,,,POINT (-87.6733337784 42.0160464924)
17031809200,2023-04-13,19:15,2023-04-13,19:30,1248,5.7,17031030800,,12.5,1.68,14.18,,,POINT (-87.6641882421 41.9799124453)
17031809200,2023-04-13,19:15,2023-04-13,19:30,1518,8.2,17031110501,,20,1.68,21.68,,,POINT (-87.7619249793 41.9770023043)
17031809200,2023-04-13,19:15,2023-04-13,20:00,2459,24.6,17031252202,,20,1.68,21.68,,,POINT (-87.7445755674 41.8767621307)
17031809200,2023-04-13,14:45,2023-04-13,15:00,1085,2.5,17031020902,,12.5,1.05,13.55,,,POINT (-87.6786882109 41.9942660943)
17031809200,2023-04-13,14:45,2023-04-13,15:15,1502,4.7,17031010202,,15,1.68,16.68,,,POINT (-87.6733337784 42.0160464924)
17031809200,2023-04-13,14:45,2023-04-13,15:15,1043,4,17031010701,,7.5,1.68,9.18,,,POINT (-87.67861897 42.0091500631)
17031809200,2023-04-13,14:00,2023-04-13,14:30,1845,7,17031830700,,15,4.41,19.41,,,POINT (-87.6603894557 41.958055933)
17031809200,2023-04-13,11:15,2023-04-13,12:00,2814,15.3,17031281900,,22.5,8.29,30.79,,,POINT (-87.642648998 41.8792550844)
17031809200,2023-04-12,21:30,2023-04-12,21:45,494,2.7,17031020100,,7.5,3.26,10.76,,,POINT (-87.6871159899 42.0157199072)
17031809200,2023-04-12,21:30,2023-04-12,22:00,2413,13.8,17031081800,,20,6.67,30.67,,,POINT (-87.6378442095 41.8932163595)
17031809200,2023-04-12,21:30,2023-04-12,21:45,1244,4.6,17031010100,,15,3.81,26.81,,,POINT (-87.6698247721 42.0212235931)
17031809200,2023-04-12,12:45,2023-04-12,13:00,838,4.6,17031010300,,10,1.68,13.68,,,POINT (-87.6665362779 42.0159343756)
17031809200,2023-04-12,12:45,2023-04-12,13:30,2285,13.8,17031081401,,25,9.64,41.64,,,POINT (-87.6197106717 41.8950334495)
17031809200,2023-04-10,16:15,2023-04-10,17:00,2755,13.9,17031281900,,22.5,7.97,30.47,,,POINT (-87.642648998 41.8792550844)
17031809200,2023-04-10,16:15,2023-04-10,17:00,3063,14.6,17031980000,,30,7.03,43.03,,,POINT (-87.9030396611 41.9790708201)
17031809200,2023-04-10,16:15,2023-04-10,17:15,3658,20.3,17031292400,,42.5,7.52,50.02,,,POINT (-87.7224042748 41.855238198)
17031809200,2023-04-09,19:15,2023-04-09,20:00,1914,9.9,17031070700,,17.5,5.17,22.67,,,POINT (-87.6738072384 41.9292725315)
17031809200,2023-04-09,11:15,2023-04-09,11:45,2436,15.6,17031839100,,22.5,6.49,28.99,,,POINT (-87.6327464887 41.8809944707)
17031809200,2023-04-09,11:15,2023-04-09,12:00,2760,12.7,17031838100,,35,1.68,36.68,,,POINT (-87.6716536214 41.8786674201)
17031809200,2023-04-08,21:45,2023-04-08,22:00,872,4.6,17031020500,,10,3.78,14.78,,,POINT (-87.684198195 42.0013132491)
17031809200,2023-04-08,21:45,2023-04-08,22:00,923,4.8,17031020500,,10,3.83,13.83,,,POINT (-87.684198195 42.0013132491)
17031809200,2023-04-08,21:45,2023-04-08,22:00,844,4.3,17031010702,,10,3.68,13.68,,,POINT (-87.6727239593 42.0090182269)
17031809200,2023-04-08,21:45,2023-04-08,22:00,681,3.9,17031010300,,10,1.68,11.68,,,POINT (-87.6665362779 42.0159343756)
17031809200,2023-04-08,21:15,2023-04-08,21:30,791,4,17031010201,,7.5,3.48,10.98,,,POINT (-87.680162272 42.0160105638)
17031809200,2023-04-08,21:15,2023-04-08,21:30,928,4.1,17031010300,,10,3.65,13.65,,,POINT (-87.6665362779 42.0159343756)
17031809200,2023-04-08,21:15,2023-04-08,21:45,2042,23.4,17031261000,,27.5,8.85,36.35,,,POINT (-87.7289580948 41.8712250372)
17031809200,2023-04-08,15:30,2023-04-08,16:00,1579,6.2,17031030800,,12.5,4.15,16.65,,,POINT (-87.6641882421 41.9799124453)
17031809200,2023-04-07,22:45,2023-04-07,23:15,1803,8.1,17031832000,,35,4.97,39.97,,,POINT (-87.6542980837 41.9462945357)
17031809200,2023-04-07,22:45,2023-04-07,23:15,1630,8.4,17031832000,,22.5,4.73,34.23,,,POINT (-87.6542980837 41.9462945357)
17031809200,2023-04-07,22:45,2023-04-07,23:15,1958,16.9,17031241400,,22.5,6.93,36.43,,,POINT (-87.6753116216 41.906025969)
17031809200,2023-04-07,22:45,2023-04-07,23:15,1837,8.4,17031832000,,35,1.68,36.68,,,POINT (-87.6542980837 41.9462945357)
17031809200,2023-04-07,22:45,2023-04-07,23:00,919,4.6,17031010702,,15,1.68,16.68,,,POINT (-87.6727239593 42.0090182269)
17031809200,2023-04-07,22:45,2023-04-07,23:30,2461,10.8,17031832000,,27.5,7.92,35.42,,,POINT (-87.6542980837 41.9462945357)
17031809200,2023-04-07,15:00,2023-04-07,15:30,1297,6.1,17031040100,,15,1.68,21.68,,,POINT (-87.681993542 41.9833308063)
17031809200,2023-04-07,15:00,2023-04-07,15:30,1602,7.7,17031160800,,52.5,1.68,54.18,,,POINT (-87.7128142315 41.9502120955)
17031809200,2023-04-07,15:00,2023-04-07,15:15,607,3.2,17031010201,,10,1.68,11.68,,,POINT (-87.680162272 42.0160105638)
17031809200,2023-04-06,19:45,2023-04-06,20:15,2281,15.2,17031980000,,22.5,7.07,29.57,,,POINT (-87.9030396611 41.9790708201)
17031809200,2023-04-06,18:00,2023-04-06,18:15,1645,7.4,17031140601,,15,4.51,19.51,,,POINT (-87.7258910154 41.9646477329)
17031809200,2023-04-06,18:00,2023-04-06,18:30,1817,8.7,17031032100,,22.5,5.45,30.95,,,POINT (-87.6530217894 41.9581548757)
17031809200,2023-04-06,17:15,2023-04-06,17:45,1189,4.1,17031020500,,12.5,1.68,16.18,,,POINT (-87.684198195 42.0013132491)
17031809200,2023-04-06,17:15,2023-04-06,18:00,2779,13.2,17031081800,,25,7.7,32.7,,,POINT (-87.6378442095 41.8932163595)
17031809200,2023-04-06,17:15,2023-04-06,18:00,2586,14.5,17031320400,,37.5,3.43,48.93,,,POINT (-87.6219716519 41.8774061234)
17031809200,2023-04-06,15:00,2023-04-06,15:15,743,3.5,17031010201,,10,1.68,11.68,,,POINT (-87.680162272 42.0160105638)
17031809200,2023-04-06,15:00,2023-04-06,15:45,2412,15.8,17031980000,,35,7.03,42.03,,,POINT (-87.9030396611 41.9790708201)
17031809200,2023-04-06,14:45,2023-04-06,15:15,1490,6.1,17031040100,,15,1.68,21.68,,,POINT (-87.681993542 41.9833308063)
17031809200,2023-04-06,9:30,2023-04-06,10:00,1884,14.9,17031980000,,27.5,11.95,39.45,,,POINT (-87.9030396611 41.9790708201)
17031809200,2023-04-06,9:30,2023-04-06,9:45,934,3.9,17031010702,,10,3.9,13.9,,,POINT (-87.6727239593 42.0090182269)
17031809200,2023-04-05,19:30,2023-04-05,20:15,2146,13.6,17031081500,,22.5,7.88,36.38,,,POINT (-87.6262149064 41.8925077809)
17031809200,2023-04-05,19:30,2023-04-05,19:45,919,4.4,17031010501,,10,3.72,13.72,,,POINT (-87.6639582144 42.0094125471)
17031809200,2023-04-05,19:30,2023-04-05,19:45,1171,6.8,17031831800,,22.5,4.36,26.86,,,POINT (-87.7164304157 41.9782942489)
17031809200,2023-04-04,18:30,2023-04-04,19:00,2212,14.1,17031320100,,70,3.43,86.43,,,POINT (-87.6209929134 41.8849871918)
17031809200,2023-04-03,23:30,2023-04-04,0:00,1880,14.3,17031081403,,20,1.68,26.68,,,POINT (-87.6188683546 41.8909220259)
17031809200,2023-04-03,23:30,2023-04-04,0:00,1756,13,17031081300,,22.5,5.98,28.48,,,POINT (-87.6207628651 41.8983317935)
17031809200,2023-04-03,21:45,2023-04-03,22:15,1501,17.3,17031241400,,22.5,7.08,35.58,,,POINT (-87.6753116216 41.906025969)
17031809200,2023-04-03,11:30,2023-04-03,12:00,2011,13.3,17031081401,,15,7.63,22.63,,,POINT (-87.6197106717 41.8950334495)
17031809200,2023-04-03,11:30,2023-04-03,12:00,2112,13.8,17031081300,,25,8.21,33.21,,,POINT (-87.6207628651 41.8983317935)
17031809200,2023-04-03,6:30,2023-04-03,7:00,1749,15,17031980000,,30,7.15,44.15,,,POINT (-87.9030396611 41.9790708201)
17031809200,2023-04-03,6:30,2023-04-03,7:00,1779,15.8,17031980000,,25,31.24,67.24,,,POINT (-87.9030396611 41.9790708201)
17031809200,2023-04-01,21:45,2023-04-01,22:00,797,4.2,17031010702,,10,3.66,13.66,,,POINT (-87.6727239593 42.0090182269)
17031809200,2023-04-01,21:45,2023-04-01,22:15,2039,16.6,17031241400,,22.5,6.92,35.42,,,POINT (-87.6753116216 41.906025969)
17031809200,2023-04-01,19:00,2023-04-01,19:45,1999,18.1,17031980000,,42.5,7.05,49.55,,,POINT (-87.9030396611 41.9790708201)
17031809200,2023-04-01,19:00,2023-04-01,19:15,935,4.4,17031010600,,22.5,3.72,26.22,,,POINT (-87.6676836101 42.0062788614)
17031809200,2023-04-01,19:00,2023-04-01,19:15,1166,4.8,17031020500,,10,1.68,11.68,,,POINT (-87.684198195 42.0013132491)
17031809200,2023-04-01,18:30,2023-04-01,19:00,1510,7.1,17031031800,,15,1.68,16.68,,,POINT (-87.6706210432 41.9670117607)
17031809200,2023-04-01,18:30,2023-04-01,19:00,1157,10.5,17031110502,,17.5,1.68,19.18,,,POINT (-87.759857019 41.970288894)
17031809200,2023-04-01,18:30,2023-04-01,19:00,1872,8.9,17031061100,,20,18.66,45.66,,,POINT (-87.6568039088 41.9491397709)
17031809200,2023-04-01,15:45,2023-04-01,16:15,1983,19.9,17031320600,,27.5,1.68,29.18,,,POINT (-87.6221729369 41.8706073724)
17031809200,2023-04-01,15:45,2023-04-01,16:15,1363,6.1,17031040100,,15,1.68,16.68,,,POINT (-87.681993542 41.9833308063)
17031809200,2023-04-01,9:15,2023-04-01,9:30,835,4,17031010702,,10,1.68,11.68,,,POINT (-87.6727239593 42.0090182269)
17031809200,2023-04-01,9:15,2023-04-01,9:45,1675,7.6,17031050600,,15,4.57,19.57,,,POINT (-87.6761824959 41.9505456965)
17031809200,2023-03-31,17:15,2023-03-31,18:00,2341,7.7,17031031900,,17.5,4.42,27.92,,,POINT (-87.6701845504 41.9633743823)
17031809200,2023-03-31,17:15,2023-03-31,18:45,5429,25.3,17031710800,,115,1.68,116.68,,,POINT (-87.6488131191 41.7478369814)
17031809200,2023-03-31,17:15,2023-03-31,17:45,1895,16.2,17031980000,,25,27.89,65.89,,,POINT (-87.9030396611 41.9790708201)
17031809200,2023-03-31,13:15,2023-03-31,14:15,4356,26.3,17031980100,,40,6.68,53.68,,,POINT (-87.7509342894 41.785998518)
17031809200,2023-03-31,13:15,2023-03-31,14:00,3060,15.7,17031281900,,27.5,3.43,30.93,,,POINT (-87.642648998 41.8792550844)
17031809200,2023-03-31,13:15,2023-03-31,13:30,815,4.8,17031130100,,10,4,14,,,POINT (-87.7239678299 41.9900642527)
17031809200,2023-03-30,10:30,2023-03-30,11:15,2297,8.4,17031061100,,52.5,1.68,54.18,,,POINT (-87.6568039088 41.9491397709)
17031809200,2023-03-30,10:30,2023-03-30,11:00,1865,9,17031061100,,25,5.29,30.29,,,POINT (-87.6568039088 41.9491397709)
17031809200,2023-03-30,8:30,2023-03-30,9:00,1957,10.8,17031190300,,15,4.55,19.55,,,POINT (-87.761463375 41.9349868535)
17031809200,2023-03-30,8:30,2023-03-30,9:15,2039,8.7,17031832100,,15,4.94,19.94,,,POINT (-87.6532439924 41.9528229157)
17031809200,2023-03-30,8:30,2023-03-30,8:45,825,3.6,17031010201,,7.5,4.11,14.61,,,POINT (-87.680162272 42.0160105638)
17031809200,2023-03-30,8:30,2023-03-30,9:00,2181,15,17031980000,,30,12.1,42.1,,,POINT (-87.9030396611 41.9790708201)
17031809200,2023-03-30,5:30,2023-03-30,6:00,1787,19.3,17031839100,,25,1.68,29.68,,,POINT (-87.6327464887 41.8809944707)
17031809200,2023-03-30,5:30,2023-03-30,6:15,1826,14.8,17031980000,,22.5,30.13,57.63,,,POINT (-87.9030396611 41.9790708201)
17031809200,2023-03-29,16:30,2023-03-29,17:00,2374,14.3,17031980000,,25,22.32,54.32,,,POINT (-87.9030396611 41.9790708201)
17031809200,2023-03-29,16:30,2023-03-29,17:15,2415,15.3,17031980000,,32.5,7.03,39.53,,,POINT (-87.9030396611 41.9790708201)
17031809200,2023-03-28,14:30,2023-03-28,14:45,943,4.9,17031130100,,10,3.86,13.86,,,POINT (-87.7239678299 41.9900642527)
17031809200,2023-03-27,17:45,2023-03-27,17:45,752,3,17031020100,,7.5,0.83,8.33,,,POINT (-87.6871159899 42.0157199072)
17031809200,2023-03-27,17:45,2023-03-27,18:30,2039,11.1,17031071400,,12.5,7.36,19.86,,,POINT (-87.6341560931 41.922082541)
17031809200,2023-03-27,17:15,2023-03-27,17:30,1080,4,17031020901,,7.5,3.58,11.08,,,POINT (-87.6860768812 41.9942252345)
17031809200,2023-03-27,17:15,2023-03-27,18:00,2269,13.8,17031081800,,20,7.85,27.85,,,POINT (-87.6378442095 41.8932163595)
17031809200,2023-03-26,21:15,2023-03-26,22:00,2170,15.9,17031330100,,22.5,6.55,29.05,,,POINT (-87.6173580061 41.859349715)
17031809200,2023-03-26,21:15,2023-03-26,21:45,1983,13.8,17031320100,,22.5,6.18,34.68,,,POINT (-87.6209929134 41.8849871918)
17031809200,2023-03-26,21:15,2023-03-26,21:30,1050,4.3,17031010702,,7.5,0.83,8.33,,,POINT (-87.6727239593 42.0090182269)
17031809200,2023-03-26,21:15,2023-03-26,21:30,783,4.5,17031010300,,10,3.68,13.68,,,POINT (-87.6665362779 42.0159343756)
17031809200,2023-03-26,10:00,2023-03-26,10:15,877,3.7,17031010202,,10,1.68,11.68,,,POINT (-87.6733337784 42.0160464924)
17031809200,2023-03-26,10:00,2023-03-26,10:45,2242,12.9,17031081500,,22.5,1.68,24.18,,,POINT (-87.6262149064 41.8925077809)
17031809200,2023-03-25,18:15,2023-03-25,19:00,2806,15.6,17031281900,,30,7.58,37.58,,,POINT (-87.642648998 41.8792550844)
17031809200,2023-03-25,18:15,2023-03-25,19:00,2855,12.3,17031070103,,15,0.83,15.83,,,POINT (-87.6426052473 41.9268111821)
17031809200,2023-03-25,18:15,2023-03-25,19:30,3870,19.1,17031833300,,32.5,1.68,34.18,,,POINT (-87.6540926517 41.8716894745)
17031809200,2023-03-25,17:30,2023-03-25,17:45,1656,13,17031190800,,25,1.68,26.68,,,POINT (-87.7513626916 41.927819073)
17031809200,2023-03-25,17:30,2023-03-25,18:15,2984,18.9,17031831100,,32.5,7.49,39.99,,,POINT (-87.717503858 41.942859303)
17031809200,2023-03-25,14:15,2023-03-25,15:00,2744,13.9,17031081500,,22.5,6.21,28.71,,,POINT (-87.6262149064 41.8925077809)
17031809200,2023-03-25,7:45,2023-03-25,8:15,1990,16.7,17031231500,,20,6.85,26.85,,,POINT (-87.7186707951 41.8917542026)
17031809200,2023-03-25,7:45,2023-03-25,8:00,1020,5.7,17031831800,,7.5,4.16,12.66,,,POINT (-87.7164304157 41.9782942489)
17031809200,2023-03-25,7:45,2023-03-25,8:00,1054,5.8,17031830600,,7.5,0.83,8.33,,,POINT (-87.6735740325 42.0016981937)
17031809200,2023-03-25,7:30,2023-03-25,8:15,2065,13.1,17031081800,,20,6.24,26.24,,,POINT (-87.6378442095 41.8932163595)
17031809200,2023-03-24,23:00,2023-03-24,23:30,1656,10.6,17031062100,,17.5,5.18,22.68,,,POINT (-87.6517705068 41.9426918444)
17031809200,2023-03-24,23:00,2023-03-24,23:30,2289,9.5,17031062100,,35,1.68,45.68,,,POINT (-87.6517705068 41.9426918444)
17031809200,2023-03-24,23:00,2023-03-24,23:30,2141,12.5,17031081201,,25,1.68,26.68,,,POINT (-87.6262105324 41.8991556134)
17031809200,2023-03-24,23:00,2023-03-24,23:30,1680,10,17031062000,,32.5,5.42,37.92,,,POINT (-87.6470785093 41.942577185)
17031809200,2023-03-24,22:15,2023-03-24,23:00,2131,11.9,17031070200,,20,1.68,21.68,,,POINT (-87.6462934762 41.9290776551)
17031809200,2023-03-24,22:15,2023-03-24,22:45,1240,4.8,17031831800,,12.5,2.07,14.57,,,POINT (-87.7164304157 41.9782942489)
17031809200,2023-03-24,22:15,2023-03-24,22:30,1238,5.6,17031030104,,20,4.24,24.24,,,POINT (-87.6574987907 41.9971539428)
17031809200,2023-03-24,22:00,2023-03-24,22:15,1301,5.1,17031010501,,7.5,0.83,8.33,,,POINT (-87.6639582144 42.0094125471)
17031809200,2023-03-24,22:00,2023-03-24,22:30,1524,7,17031030101,,17.5,4.31,21.81,,,POINT (-87.6573042698 41.9912345323)
17031809200,2023-03-24,22:00,2023-03-24,22:15,1259,5.6,17031030102,,12.5,4.07,19.57,,,POINT (-87.6574177422 41.9934409461)
17031809200,2023-03-24,22:00,2023-03-24,22:15,891,4.3,17031010300,,10,1.68,13.68,,,POINT (-87.6665362779 42.0159343756)
17031809200,2023-03-24,19:45,2023-03-24,20:00,1147,4.8,17031020801,,12.5,1.68,14.18,,,POINT (-87.6944151909 41.9868086263)
17031809200,2023-03-24,19:45,2023-03-24,20:15,2096,19.3,17031833100,,20,8,28,,,POINT (-87.657005027 41.8790669938)
17031809200,2023-03-24,18:30,2023-03-24,18:45,1020,6.2,17031831800,,15,4.89,19.89,,,POINT (-87.7164304157 41.9782942489)
17031809200,2023-03-24,18:30,2023-03-24,19:00,1780,6.4,17031830700,,17.5,4.23,21.73,,,POINT (-87.6603894557 41.958055933)
17031809200,2023-03-24,15:30,2023-03-24,16:15,2875,13,17031081100,,20,7.94,27.94,,,POINT (-87.6291051864 41.9002212967)
17031809200,2023-03-24,15:30,2023-03-24,16:00,1891,7.7,17031160800,,55,1.68,67.68,,,POINT (-87.7128142315 41.9502120955)
17031809200,2023-03-24,15:30,2023-03-24,16:15,2555,14.1,17031980000,,22.5,7.09,29.59,,,POINT (-87.9030396611 41.9790708201)
17031809200,2023-03-24,11:45,2023-03-24,12:00,859,4.1,17031830600,,7.5,0.83,8.33,,,POINT (-87.6735740325 42.0016981937)
17031809200,2023-03-23,9:00,2023-03-23,9:15,681,3.1,17031010201,,10,3.38,13.38,,,POINT (-87.680162272 42.0160105638)
17031809200,2023-03-22,16:00,2023-03-22,16:15,1039,5.1,17031020602,,10,3.66,13.66,,,POINT (-87.6936374936 42.0013159243)
17031809200,2023-03-22,16:00,2023-03-22,16:15,1032,4,17031010701,,10,2.68,12.68,,,POINT (-87.67861897 42.0091500631)
17031809200,2023-03-22,16:00,2023-03-22,16:30,1755,6.7,17031031000,,17.5,1.68,22.18,,,POINT (-87.6711095263 41.9724370811)
17031809200,2023-03-20,17:15,2023-03-20,17:45,2466,15.4,17031980000,,37.5,7.06,44.56,,,POINT (-87.9030396611 41.9790708201)
17031809200,2023-03-20,17:15,2023-03-20,17:30,1165,4.3,17031020100,,10,4.24,14.24,,,POINT (-87.6871159899 42.0157199072)
17031809200,2023-03-20,17:15,2023-03-20,17:30,1094,4.6,17031020500,,10,3.77,13.77,,,POINT (-87.684198195 42.0013132491)
17031809200,2023-03-20,11:15,2023-03-20,11:30,847,3.6,17031010202,,7.5,3.53,14.03,,,POINT (-87.6733337784 42.0160464924)
17031809200,2023-03-20,11:15,2023-03-20,11:45,1675,16.3,17031980000,,52.5,7.03,59.53,,,POINT (-87.9030396611 41.9790708201)
17031809200,2023-03-19,14:00,2023-03-19,14:45,2080,8.9,17031832100,,15,4.71,19.71,,,POINT (-87.6532439924 41.9528229157)
17031809200,2023-03-19,14:00,2023-03-19,15:00,3237,13,17031833000,,22.5,6.51,29.01,,,POINT (-87.6572331997 41.8852813201)
17031809200,2023-03-19,10:15,2023-03-19,10:15,794,5.3,17031130100,,10,3.96,13.96,,,POINT (-87.7239678299 41.9900642527)
17031809200,2023-03-19,10:15,2023-03-19,10:45,1472,6.9,17031830700,,15,4.38,19.38,,,POINT (-87.6603894557 41.958055933)
17031809200,2023-03-18,22:45,2023-03-18,23:00,1317,7,17031031000,,12.5,4.41,19.91,,,POINT (-87.6711095263 41.9724370811)
17031809200,2023-03-18,22:45,2023-03-18,23:00,480,3.1,17031010100,,10,1.68,11.68,,,POINT (-87.6698247721 42.0212235931)
17031809200,2023-03-18,22:45,2023-03-18,23:30,2030,10.3,17031063302,,37.5,1.68,49.18,,,POINT (-87.6398538587 41.9347624564)
17031809200,2023-03-18,22:45,2023-03-18,23:00,742,3.4,17031010300,,7.5,1.68,9.18,,,POINT (-87.6665362779 42.0159343756)
17031809200,2023-03-18,22:45,2023-03-18,23:15,1589,18.8,17031838100,,22.5,7.43,29.93,,,POINT (-87.6716536214 41.8786674201)
17031809200,2023-03-18,22:15,2023-03-18,22:30,662,2.8,17031010201,,17.5,3.3,20.8,,,POINT (-87.680162272 42.0160105638)
17031809200,2023-03-18,22:15,2023-03-18,22:30,880,5.3,17031040202,,20,4.29,24.29,,,POINT (-87.6940960217 41.9798553089)
17031809200,2023-03-18,22:15,2023-03-18,22:45,1803,12.7,17031081100,,32.5,5.87,38.37,,,POINT (-87.6291051864 41.9002212967)
17031809200,2023-03-18,0:15,2023-03-18,1:15,3878,25.6,17031450300,,37.5,1.99,40.49,,,POINT (-87.5790888158 41.7419428604)
17031809200,2023-03-18,0:15,2023-03-18,0:30,1022,6.9,17031140200,,10,0.83,10.83,,,POINT (-87.7134353285 41.9702449819)
17031809200,2023-03-17,19:15,2023-03-17,19:30,1085,5.8,17031040202,,15,4.09,19.09,,,POINT (-87.6940960217 41.9798553089)
17031809200,2023-03-17,19:15,2023-03-17,19:45,1680,7.4,17031031700,,17.5,4.51,22.01,,,POINT (-87.6631958495 41.9654457842)
17031809200,2023-03-17,19:15,2023-03-17,19:45,1783,13,17031210602,,20,1.68,27.68,,,POINT (-87.7123574755 41.9336759885)
17031809200,2023-03-17,7:00,2023-03-17,7:45,2158,11.9,17031071200,,27.5,5.66,33.16,,,POINT (-87.6462109769 41.9218549112)
17031809200,2023-03-17,7:00,2023-03-17,7:30,2265,18.8,17031281900,,30,20.42,50.42,,,POINT (-87.642648998 41.8792550844)
17031809200,2023-03-17,7:00,2023-03-17,7:45,2508,17.8,17031243500,,30,6.36,36.36,,,POINT (-87.6525344838 41.8926581076)
17031809200,2023-03-16,20:45,2023-03-16,21:15,1521,7,17031031300,,20,1.68,24.68,,,POINT (-87.6502900743 41.9729293173)
17031809200,2023-03-16,20:45,2023-03-16,21:15,1661,10.1,17031061901,,20,1.68,21.68,,,POINT (-87.6434709559 41.9432371225)
17031809200,2023-03-16,20:45,2023-03-16,21:15,2374,14,17031241600,,22.5,6.3,28.8,,,POINT (-87.6653376596 41.9066507664)
17031809200,2023-03-16,20:45,2023-03-16,21:00,598,3.1,17031010201,,10,3.4,13.4,,,POINT (-87.680162272 42.0160105638)
17031809200,2023-03-16,18:30,2023-03-16,18:45,768,3.1,17031010201,,7.5,3.4,10.9,,,POINT (-87.680162272 42.0160105638)
17031809200,2023-03-16,18:30,2023-03-16,18:45,820,4.2,17031010300,,12.5,1.68,14.18,,,POINT (-87.6665362779 42.0159343756)
17031809200,2023-03-16,18:30,2023-03-16,18:45,993,5.2,17031020702,,17.5,1.68,19.18,,,POINT (-87.7048934862 41.9941436461)
17031809200,2023-03-16,7:15,2023-03-16,8:15,3449,26.2,17031980100,,37.5,6.68,44.18,,,POINT (-87.7509342894 41.785998518)
17031809200,2023-03-16,7:15,2023-03-16,8:30,4444,13.9,17031842300,,,,,,,POINT (-87.6536139825 41.8983058696)
17031809200,2023-03-16,7:15,2023-03-16,8:00,2415,12,17031071200,,25,5.66,30.66,,,POINT (-87.6462109769 41.9218549112)
17031809200,2023-03-15,9:45,2023-03-15,10:15,1960,9.6,17031832300,,22.5,1.68,29.18,,,POINT (-87.671445766 41.9192250505)
17031809200,2023-03-15,9:45,2023-03-15,10:00,812,3.7,17031010202,,10,1.68,11.68,,,POINT (-87.6733337784 42.0160464924)
17031809200,2023-03-13,21:00,2023-03-13,21:30,1663,18.4,17031081600,,20,9.12,29.12,,,POINT (-87.6288741572 41.8920726347)
17031809200,2023-03-13,21:00,2023-03-13,21:00,717,4.1,17031010300,,10,1.68,11.68,,,POINT (-87.6665362779 42.0159343756)
17031809200,2023-03-13,20:30,2023-03-13,20:45,924,4.7,17031010600,,10,1.68,12.68,,,POINT (-87.6676836101 42.0062788614)
17031809200,2023-03-13,20:30,2023-03-13,21:00,1690,8.9,17031032100,,12.5,4.56,17.06,,,POINT (-87.6530217894 41.9581548757)
17031809200,2023-03-13,19:30,2023-03-13,20:00,2345,25.6,17031251900,,27.5,9.27,36.77,,,POINT (-87.7600980476 41.8837934871)
17031809200,2023-03-13,19:30,2023-03-13,20:00,1248,6.7,17031040201,,12.5,4.43,16.93,,,POINT (-87.6940010612 41.9725808001)
17031809200,2023-03-13,17:45,2023-03-13,18:00,768,4.2,17031010501,,15,1.68,18.68,,,POINT (-87.6639582144 42.0094125471)
17031809200,2023-03-13,17:45,2023-03-13,18:30,2331,15.2,17031281900,,27.5,3.43,30.93,,,POINT (-87.642648998 41.8792550844)
17031809200,2023-03-13,17:45,2023-03-13,18:15,1747,7.5,17031031501,,20,4.53,24.53,,,POINT (-87.6524349997 41.9672886138)
17031809200,2023-03-12,19:00,2023-03-12,19:30,2008,11.2,17031241400,,25,1.68,26.68,,,POINT (-87.6753116216 41.906025969)
17031809200,2023-03-12,19:00,2023-03-12,19:30,2300,15.5,17031980000,,25,12.15,37.15,,,POINT (-87.9030396611 41.9790708201)
17031809200,2023-03-11,20:00,2023-03-11,20:30,1864,12.2,17031150402,,20,4.85,24.85,,,POINT (-87.7720438223 41.9567980899)
17031809200,2023-03-11,20:00,2023-03-11,20:30,1483,6.5,17031030101,,15,4.73,19.73,,,POINT (-87.6573042698 41.9912345323)
17031809200,2023-03-11,15:00,2023-03-11,16:00,3022,15.9,17031330100,,20,6.82,32.82,,,POINT (-87.6173580061 41.859349715)
17031809200,2023-03-11,15:00,2023-03-11,15:15,966,3.7,17031010100,,10,1.68,16.68,,,POINT (-87.6698247721 42.0212235931)
17031809200,2023-03-11,10:30,2023-03-11,10:45,863,4,17031010702,,12.5,3.6,16.1,,,POINT (-87.6727239593 42.0090182269)
17031809200,2023-03-10,21:45,2023-03-10,22:15,1540,8.1,17031160400,,12.5,5.32,22.82,,,POINT (-87.7228222513 41.9573606908)
17031809200,2023-03-10,21:45,2023-03-10,22:30,3078,22.1,17031843900,,32.5,9.7,42.2,,,POINT (-87.5799482481 41.7761636931)
17031809200,2023-03-10,21:45,2023-03-10,22:15,1988,12.5,17031081201,,20,1.68,21.68,,,POINT (-87.6262105324 41.8991556134)
17031809200,2023-03-10,19:15,2023-03-10,19:30,1220,3.5,17031010201,,10,3.49,18.49,,,POINT (-87.680162272 42.0160105638)
17031809200,2023-03-10,19:15,2023-03-10,19:45,2107,16.9,17031842200,,22.5,8.74,37.24,,,POINT (-87.6499072264 41.9049353016)
17031809200,2023-03-10,19:15,2023-03-10,19:30,824,3.6,17031010100,,7.5,3.41,10.91,,,POINT (-87.6698247721 42.0212235931)
17031809200,2023-03-10,19:00,2023-03-10,19:30,1718,16.2,17031241600,,20,6.87,26.87,,,POINT (-87.6653376596 41.9066507664)
17031809200,2023-03-10,19:00,2023-03-10,19:00,799,4.4,17031010600,,17.5,3.96,26.46,,,POINT (-87.6676836101 42.0062788614)
17031809200,2023-03-10,19:00,2023-03-10,19:15,816,4.4,17031010600,,12.5,3.73,17.23,,,POINT (-87.6676836101 42.0062788614)
17031809200,2023-03-10,18:30,2023-03-10,18:45,800,3.3,17031010201,,10,1.68,11.68,,,POINT (-87.680162272 42.0160105638)
17031809200,2023-03-10,18:30,2023-03-10,19:15,2690,15.5,17031842100,,27.5,7.06,34.56,,,POINT (-87.7335180512 41.8952576428)
17031809200,2023-03-10,18:30,2023-03-10,19:00,1182,4.4,17031010600,,12.5,4.81,17.31,,,POINT (-87.6676836101 42.0062788614)
17031809200,2023-03-10,18:30,2023-03-10,18:45,1220,5.5,17031030900,,15,4.56,20.56,,,POINT (-87.6714455473 41.9797955506)
17031809200,2023-03-10,18:15,2023-03-10,18:45,1929,7.6,17031050600,,17.5,4.68,22.18,,,POINT (-87.6761824959 41.9505456965)
17031809200,2023-03-10,18:15,2023-03-10,18:30,932,4.2,17031010300,,12.5,3.62,16.12,,,POINT (-87.6665362779 42.0159343756)
17031809200,2023-03-10,17:30,2023-03-10,17:45,695,3,17031010201,,12.5,3.39,15.89,,,POINT (-87.680162272 42.0160105638)
17031809200,2023-03-10,17:30,2023-03-10,17:45,1286,5.4,17031020801,,12.5,3.13,15.63,,,POINT (-87.6944151909 41.9868086263)
17031809200,2023-03-10,17:30,2023-03-10,18:00,1678,13.7,17031040401,,12.5,0.83,13.33,,,POINT (-87.6860998978 41.972035672)
17031809200,2023-03-09,9:00,2023-03-09,9:15,943,3.2,17031010202,,7.5,3.49,10.99,,,POINT (-87.6733337784 42.0160464924)
17031809200,2023-03-09,9:00,2023-03-09,9:00,715,8.9,17031130100,,7.5,0.83,8.33,,,POINT (-87.7239678299 41.9900642527)
17031809200,2023-03-08,16:15,2023-03-08,16:30,1186,4.8,17031830600,,12.5,3.83,16.33,,,POINT (-87.6735740325 42.0016981937)
17031809200,2023-03-08,16:15,2023-03-08,17:00,2150,8.3,17031832000,,17.5,1.68,20.18,,,POINT (-87.6542980837 41.9462945357)
17031809200,2023-03-08,10:45,2023-03-08,11:15,2003,20,17031281900,,27.5,9.53,37.03,,,POINT (-87.642648998 41.8792550844)
17031809200,2023-03-08,10:45,2023-03-08,11:45,3130,28.7,17031980100,,37.5,16.61,54.11,,,POINT (-87.7509342894 41.785998518)
17031809200,2023-03-08,10:45,2023-03-08,11:15,1975,16.4,17031980000,,27.5,12.25,39.75,,,POINT (-87.9030396611 41.9790708201)
17031809200,2023-03-08,8:45,2023-03-08,9:30,2895,23.7,17031431302,,30,8.75,38.75,,,POINT (-87.5628473838 41.7584079022)
17031809200,2023-03-08,8:45,2023-03-08,9:15,2224,9.4,17031830700,,20,5.13,25.13,,,POINT (-87.6603894557 41.958055933)
17031809200,2023-03-08,8:45,2023-03-08,9:00,730,3,17031010202,,7.5,3.38,10.88,,,POINT (-87.6733337784 42.0160464924)
17031809200,2023-03-07,9:45,2023-03-07,10:00,657,3.6,17031010100,,10,1.68,11.68,,,POINT (-87.6698247721 42.0212235931)
17031809200,2023-03-07,9:00,2023-03-07,9:00,790,13.1,17031130100,,7.5,0.83,8.33,,,POINT (-87.7239678299 41.9900642527)
17031809200,2023-03-06,8:30,2023-03-06,9:00,1760,8.3,17031210100,,25,5.73,30.73,,,POINT (-87.701330291 41.9428725376)
17031809200,2023-03-05,17:45,2023-03-05,18:15,2075,12.2,17031071500,,20,5.76,31.76,,,POINT (-87.6317173661 41.9146162864)
17031809200,2023-03-05,16:15,2023-03-05,17:15,2921,23.4,17031430300,,30,8.53,38.53,,,POINT (-87.5893233661 41.7696482642)
17031809200,2023-03-05,16:15,2023-03-05,16:45,1671,7.5,17031031100,,15,1.68,16.68,,,POINT (-87.6638654956 41.9726679555)
17031809200,2023-03-05,3:45,2023-03-05,4:00,932,7,17031140702,,12.5,4.4,16.9,,,POINT (-87.7132293348 41.9631157548)
17031809200,2023-03-04,22:45,2023-03-04,23:00,1297,7.7,17031050200,,17.5,1.68,23.18,,,POINT (-87.683718102 41.957735565)
17031809200,2023-03-04,22:45,2023-03-04,23:00,821,4.1,17031010300,,10,1.68,11.68,,,POINT (-87.6665362779 42.0159343756)
17031809200,2023-03-04,22:45,2023-03-04,23:15,1687,18.6,17031833000,,30,8.42,38.42,,,POINT (-87.6572331997 41.8852813201)
17031809200,2023-03-04,16:00,2023-03-04,16:30,1463,9.3,17031030104,,12.5,0.83,13.33,,,POINT (-87.6574987907 41.9971539428)
17031809200,2023-03-04,16:00,2023-03-04,17:00,3056,13,17031231500,,27.5,1.68,29.18,,,POINT (-87.7186707951 41.8917542026)
17031809200,2023-03-03,21:00,2023-03-03,21:15,1162,3.5,17031010201,,12.5,8.69,21.19,,,POINT (-87.680162272 42.0160105638)
17031809200,2023-03-03,21:00,2023-03-03,21:30,1675,8.7,17031061000,,15,4.84,23.84,,,POINT (-87.6519703953 41.9492209135)
17031809200,2023-03-03,21:00,2023-03-03,21:30,1367,6.4,17031040402,,20,4.35,29.35,,,POINT (-87.6788459662 41.9725625375)
17031809200,2023-03-02,18:15,2023-03-02,18:30,761,4,17031010300,,15,3.6,18.6,,,POINT (-87.6665362779 42.0159343756)
17031809200,2023-03-02,18:15,2023-03-02,18:30,884,4,17031010300,,12.5,3.65,16.15,,,POINT (-87.6665362779 42.0159343756)
17031809200,2023-03-02,18:00,2023-03-02,18:15,1232,4.7,17031010600,,12.5,8.13,20.63,,,POINT (-87.6676836101 42.0062788614)
17031809200,2023-03-02,18:00,2023-03-02,18:15,1668,9,17031090200,,27.5,1.68,29.18,,,POINT (-87.8130981301 42.0056080233)
17031809200,2023-03-02,9:30,2023-03-02,10:00,1776,15.9,17031770700,,20,1.34,21.34,,,POINT (-87.8773053996 41.9827750091)
17031809200,2023-03-02,9:00,2023-03-02,9:00,709,4.4,17031130100,,10,0.83,10.83,,,POINT (-87.7239678299 41.9900642527)
17031809200,2023-03-01,19:15,2023-03-01,19:30,742,3.5,17031010201,,10,1.68,11.68,,,POINT (-87.680162272 42.0160105638)
17031809200,2023-02-28,8:45,2023-02-28,9:30,2363,14.9,17031839100,,30,8.11,38.11,,,POINT (-87.6327464887 41.8809944707)
17031809200,2023-02-28,8:45,2023-02-28,9:00,677,3.3,17031010201,,7.5,3.44,10.94,,,POINT (-87.680162272 42.0160105638)
17031809200,2023-02-28,8:45,2023-02-28,9:15,1992,10.8,17031171100,,20,5.39,25.39,,,POINT (-87.7812865619 41.9420534671)
17031809200,2023-02-27,16:30,2023-02-27,16:45,790,3.1,17031010201,,10,3.39,13.39,,,POINT (-87.680162272 42.0160105638)
17031809200,2023-02-27,16:30,2023-02-27,17:00,1856,7.1,17031830700,,17.5,3.57,21.07,,,POINT (-87.6603894557 41.958055933)
17031809200,2023-02-26,13:30,2023-02-26,14:45,4726,24.7,17031837800,,45,9,54,,,POINT (-87.6841474493 41.8847677845)
17031809200,2023-02-26,13:30,2023-02-26,14:45,4174,30.2,17031611100,,27.5,3.93,31.43,,,POINT (-87.6575817151 41.8050592655)
17031809200,2023-02-26,13:30,2023-02-26,14:00,1589,7,17031030101,,15,4.21,19.21,,,POINT (-87.6573042698 41.9912345323)
17031809200,2023-02-26,9:45,2023-02-26,10:15,1832,10,17031061100,,17.5,5.06,22.56,,,POINT (-87.6568039088 41.9491397709)
17031809200,2023-02-26,9:45,2023-02-26,10:15,1892,16.4,17031980000,,35,6.8,46.8,,,POINT (-87.9030396611 41.9790708201)
17031809200,2023-02-26,9:45,2023-02-26,10:15,1772,11.8,17031071500,,22.5,1.29,23.79,,,POINT (-87.6317173661 41.9146162864)
17031809200,2023-02-25,21:30,2023-02-25,21:45,1629,12.9,17031190800,,22.5,1.29,23.79,,,POINT (-87.7513626916 41.927819073)
17031809200,2023-02-25,21:30,2023-02-25,22:00,1088,4.7,17031010600,,12.5,1.29,13.79,,,POINT (-87.6676836101 42.0062788614)
17031809200,2023-02-25,21:00,2023-02-25,21:30,1691,18.4,17031081700,,22.5,7.41,29.91,,,POINT (-87.6318639497 41.8920421365)
17031809200,2023-02-25,21:00,2023-02-25,21:30,988,4.6,17031010501,,12.5,1.29,16.79,,,POINT (-87.6639582144 42.0094125471)
17031809200,2023-02-25,21:00,2023-02-25,21:15,825,4.2,17031010702,,10,3.66,13.66,,,POINT (-87.6727239593 42.0090182269)
17031809200,2023-02-25,18:30,2023-02-25,18:30,633,3.3,17031010201,,20,1.29,21.29,,,POINT (-87.680162272 42.0160105638)
17031809200,2023-02-25,18:30,2023-02-25,18:45,855,3.2,17031010201,,17.5,3.44,20.94,,,POINT (-87.680162272 42.0160105638)
17031809200,2023-02-23,18:00,2023-02-23,18:15,877,3.6,17031010201,,12.5,1.29,13.79,,,POINT (-87.680162272 42.0160105638)
17031809200,2023-02-23,18:00,2023-02-23,18:45,1969,8,17031060500,,15,0.64,15.64,,,POINT (-87.6605035019 41.952719111)
17031809200,2023-02-23,17:45,2023-02-23,18:30,2655,17.7,17031980000,,25,14.13,39.13,,,POINT (-87.9030396611 41.9790708201)
17031809200,2023-02-23,17:45,2023-02-23,18:45,3419,23.9,17031681200,,32.5,9.74,42.24,,,POINT (-87.6384969156 41.7691898164)
17031809200,2023-02-23,17:45,2023-02-23,18:00,738,3.5,17031010201,,10,3.48,13.48,,,POINT (-87.680162272 42.0160105638)
17031809200,2023-02-23,9:00,2023-02-23,9:00,719,3.2,17031010202,,12.5,3.36,15.86,,,POINT (-87.6733337784 42.0160464924)
17031809200,2023-02-23,9:00,2023-02-23,9:15,883,4.1,17031010300,,10,2.63,12.63,,,POINT (-87.6665362779 42.0159343756)
17031809200,2023-02-23,9:00,2023-02-23,9:30,1298,7.4,17031130100,,10,0.64,10.64,,,POINT (-87.7239678299 41.9900642527)
17031809200,2023-02-23,8:45,2023-02-23,8:45,781,3.3,17031010201,,7.5,3.44,13.94,,,POINT (-87.680162272 42.0160105638)
17031809200,2023-02-23,8:45,2023-02-23,9:30,2962,17.1,17031838200,,40,1.29,41.29,,,POINT (-87.6750856208 41.8704150003)
17031809200,2023-02-23,8:45,2023-02-23,9:30,2331,16.5,17031980000,,25,11.38,36.38,,,POINT (-87.9030396611 41.9790708201)
17031809200,2023-02-20,17:30,2023-02-20,18:00,2663,12,17031243400,,42.5,1.29,43.79,,,POINT (-87.6598643178 41.8925368719)
17031809200,2023-02-19,15:15,2023-02-19,15:30,806,3.7,17031010202,,10,2.7,12.7,,,POINT (-87.6733337784 42.0160464924)
17031809200,2023-02-19,15:15,2023-02-19,15:30,842,5,17031130100,,10,3.89,13.89,,,POINT (-87.7239678299 41.9900642527)
17031809200,2023-02-19,15:15,2023-02-19,15:30,876,3.7,17031010701,,10,3.6,13.6,,,POINT (-87.67861897 42.0091500631)
17031809200,2023-02-19,10:30,2023-02-19,11:00,1799,18.6,17031081403,,20,6.02,31.02,,,POINT (-87.6188683546 41.8909220259)
17031809200,2023-02-19,10:30,2023-02-19,10:45,1490,7.6,17031050600,,15,4.57,19.57,,,POINT (-87.6761824959 41.9505456965)
17031809200,2023-02-18,19:30,2023-02-18,20:00,1346,5.1,17031020602,,15,3.82,18.82,,,POINT (-87.6936374936 42.0013159243)
17031809200,2023-02-18,19:30,2023-02-18,20:00,1481,6.6,17031031200,,25,4.18,29.18,,,POINT (-87.6573411073 41.9727095466)
17031809200,2023-02-18,19:30,2023-02-18,19:45,852,3.6,17031010701,,15,1.29,16.29,,,POINT (-87.67861897 42.0091500631)
17031809200,2023-02-18,18:15,2023-02-18,18:30,675,3.2,17031010202,,17.5,4.11,21.61,,,POINT (-87.6733337784 42.0160464924)
17031809200,2023-02-18,18:15,2023-02-18,18:30,1305,6.1,17031020802,,15,1.29,16.29,,,POINT (-87.6946307194 41.994059824)
17031809200,2023-02-18,18:00,2023-02-18,18:30,1586,8.4,17031031501,,15,4.62,19.62,,,POINT (-87.6524349997 41.9672886138)
17031809200,2023-02-18,18:00,2023-02-18,18:30,1471,6.7,17031030900,,15,4.2,19.2,,,POINT (-87.6714455473 41.9797955506)
17031809200,2023-02-18,18:00,2023-02-18,18:15,881,4.3,17031010100,,20,1.29,21.29,,,POINT (-87.6698247721 42.0212235931)
17031809200,2023-02-16,19:00,2023-02-16,19:45,3080,8.4,17031010400,,15,0.64,17.64,,,POINT (-87.659122427 42.004764559)
17031809200,2023-02-16,19:00,2023-02-16,19:15,1181,6.2,17031831800,,15,0.64,15.64,,,POINT (-87.7164304157 41.9782942489)
17031809200,2023-02-16,19:00,2023-02-16,19:30,1390,6.2,17031040201,,12.5,4.31,16.81,,,POINT (-87.6940010612 41.9725808001)
17031809200,2023-02-15,16:45,2023-02-15,17:30,3141,15.2,17031839000,,32.5,1.29,33.79,,,POINT (-87.6314065252 41.8710158803)
17031809200,2023-02-15,16:45,2023-02-15,17:00,1124,4.7,17031020500,,10,3.98,13.98,,,POINT (-87.684198195 42.0013132491)
17031809200,2023-02-14,15:00,2023-02-14,15:30,1366,6,17031040100,,17.5,1.29,23.79,,,POINT (-87.681993542 41.9833308063)
17031809200,2023-02-14,15:00,2023-02-14,15:15,677,3.3,17031010201,,7.5,3.41,10.91,,,POINT (-87.680162272 42.0160105638)
17031809200,2023-02-12,10:45,2023-02-12,11:00,1186,6.7,17031140800,,12.5,4.01,19.51,,,POINT (-87.7027334697 41.9645069548)
17031809200,2023-02-11,23:00,2023-02-11,23:15,1059,4.6,17031010600,,12.5,1.29,13.79,,,POINT (-87.6676836101 42.0062788614)
17031809200,2023-02-11,23:00,2023-02-11,23:30,1610,18.7,17031081800,,,,,,,POINT (-87.6378442095 41.8932163595)
17031809200,2023-02-11,19:45,2023-02-11,20:00,903,5.1,17031020702,,10,3.61,13.61,,,POINT (-87.7048934862 41.9941436461)
17031809200,2023-02-11,19:45,2023-02-11,20:15,2260,20.1,17031320600,,20,8.74,28.74,,,POINT (-87.6221729369 41.8706073724)
17031809200,2023-02-11,19:45,2023-02-11,20:00,760,3.9,17031020602,,7.5,3.41,10.91,,,POINT (-87.6936374936 42.0013159243)
17031809200,2023-02-11,18:00,2023-02-11,18:45,2438,20.3,17031320600,,25,7.43,32.43,,,POINT (-87.6221729369 41.8706073724)
17031809200,2023-02-11,18:00,2023-02-11,18:30,1248,5.8,17031030900,,10,3.86,13.86,,,POINT (-87.6714455473 41.9797955506)
17031809200,2023-02-11,18:00,2023-02-11,18:00,863,4,17031010300,,15,1.29,16.29,,,POINT (-87.6665362779 42.0159343756)
17031809200,2023-02-11,18:00,2023-02-11,18:15,1073,4.9,17031830600,,12.5,3.55,16.05,,,POINT (-87.6735740325 42.0016981937)
17031809200,2023-02-11,17:15,2023-02-11,17:45,2037,18.9,17031833000,,22.5,7.05,29.55,,,POINT (-87.6572331997 41.8852813201)
17031809200,2023-02-11,17:15,2023-02-11,17:45,1949,17.7,17031243500,,25,6.83,31.83,,,POINT (-87.6525344838 41.8926581076)
17031809200,2023-02-07,18:45,2023-02-07,19:15,1979,8.7,17031210900,,17.5,4.82,22.32,,,POINT (-87.693325868 41.9354389148)
17031809200,2023-02-07,18:45,2023-02-07,18:45,629,3.1,17031020200,,5,2.98,7.98,,,POINT (-87.6996630419 42.0156967498)
17031809200,2023-02-07,18:45,2023-02-07,19:00,1313,6.1,17031040100,,12.5,3.84,16.34,,,POINT (-87.681993542 41.9833308063)
17031809200,2023-02-07,15:45,2023-02-07,16:15,1834,12.7,17031831100,,17.5,5.45,22.95,,,POINT (-87.717503858 41.942859303)
17031809200,2023-02-07,15:45,2023-02-07,16:15,1664,5.9,17031030800,,12.5,7.8,20.3,,,POINT (-87.6641882421 41.9799124453)
17031809200,2023-02-07,15:45,2023-02-07,16:30,2181,11,17031832000,,15,4.73,19.73,,,POINT (-87.6542980837 41.9462945357)
17031809200,2023-02-07,6:00,2023-02-07,6:30,1760,15.9,17031980000,,27.5,13.94,41.44,,,POINT (-87.9030396611 41.9790708201)
17031809200,2023-02-06,18:15,2023-02-06,18:30,596,3.1,17031010201,,7.5,3.1,10.6,,,POINT (-87.680162272 42.0160105638)
17031809200,2023-02-06,18:15,2023-02-06,18:30,1038,4.9,17031830600,,10,3.51,13.51,,,POINT (-87.6735740325 42.0016981937)
17031809200,2023-02-06,18:15,2023-02-06,18:30,1294,6.8,17031040201,,12.5,3.88,16.38,,,POINT (-87.6940010612 41.9725808001)
17031809200,2023-02-06,15:15,2023-02-06,15:30,1186,4.6,17031020500,,10,3.29,13.29,,,POINT (-87.684198195 42.0013132491)
17031809200,2023-02-06,15:15,2023-02-06,15:30,676,3.2,17031010202,,15,1.29,16.29,,,POINT (-87.6733337784 42.0160464924)
17031809200,2023-02-06,15:15,2023-02-06,15:45,1640,9,17031832000,,15,4.56,19.56,,,POINT (-87.6542980837 41.9462945357)
17031809200,2023-02-05,14:45,2023-02-05,15:00,685,3,17031020200,,10,2.2,12.2,,,POINT (-87.6996630419 42.0156967498)
17031809200,2023-02-04,23:15,2023-02-04,23:30,910,13.9,17031010501,,15,0.64,15.64,,,POINT (-87.6639582144 42.0094125471)
17031809200,2023-02-04,23:15,2023-02-04,23:30,1094,7.3,17031140800,,12.5,4.08,16.58,,,POINT (-87.7027334697 41.9645069548)
17031809200,2023-02-04,21:45,2023-02-04,22:00,1421,18.4,17031081800,,37.5,7.42,44.92,,,POINT (-87.6378442095 41.8932163595)
17031809200,2023-02-04,21:45,2023-02-04,22:00,891,5.2,17031030300,,12.5,3.69,17.19,,,POINT (-87.672538401 41.9943810196)
17031809200,2023-02-04,21:45,2023-02-04,22:00,1575,6.2,17031030601,,22.5,1.29,26.79,,,POINT (-87.6572348282 41.9887040216)
17031809200,2023-02-04,20:30,2023-02-04,21:00,1479,6.8,17031031800,,12.5,4.02,17.52,,,POINT (-87.6706210432 41.9670117607)
17031809200,2023-02-04,20:30,2023-02-04,21:00,1475,7.4,17031031200,,10,3.3,13.3,,,POINT (-87.6573411073 41.9727095466)
17031809200,2023-02-04,20:30,2023-02-04,21:00,1775,9.4,17031062100,,22.5,1.29,23.79,,,POINT (-87.6517705068 41.9426918444)
17031809200,2023-02-04,16:45,2023-02-04,17:30,3142,19.3,17031839500,,17.5,6.87,24.37,,,POINT (-87.6192895188 41.8340973906)
17031809200,2023-02-04,16:45,2023-02-04,17:00,844,3.1,17031020200,,10,1.29,11.29,,,POINT (-87.6996630419 42.0156967498)
17031809200,2023-02-04,16:45,2023-02-04,17:15,1367,7.3,17031140702,,12.5,4.19,16.69,,,POINT (-87.7132293348 41.9631157548)
17031809200,2023-02-04,0:15,2023-02-04,0:45,1764,10.2,17031061100,,17.5,0.64,18.14,,,POINT (-87.6568039088 41.9491397709)
17031809200,2023-02-04,0:15,2023-02-04,0:30,862,6.7,17031140200,,15,0.64,15.64,,,POINT (-87.7134353285 41.9702449819)
17031809200,2023-02-04,0:15,2023-02-04,0:30,537,10.2,17031020100,,10,0.64,10.64,,,POINT (-87.6871159899 42.0157199072)
17031809200,2023-02-04,0:00,2023-02-04,0:15,835,4.2,17031020500,,15,1.29,17.29,,,POINT (-87.684198195 42.0013132491)
17031809200,2023-02-04,0:00,2023-02-04,0:15,951,5.1,17031010502,,10,3.59,13.59,,,POINT (-87.6633278588 42.0045174875)
17031809200,2023-02-04,0:00,2023-02-04,0:15,484,2.7,17031020100,,5,2.91,7.91,,,POINT (-87.6871159899 42.0157199072)
17031809200,2023-02-03,23:15,2023-02-03,23:45,1637,12.5,17031161200,,17.5,5.42,22.92,,,POINT (-87.7385692263 41.9425542279)
17031809200,2023-02-03,23:15,2023-02-03,23:30,1648,17.5,17031241400,,27.5,6.65,41.15,,,POINT (-87.6753116216 41.906025969)
17031809200,2023-02-03,23:15,2023-02-03,23:45,1613,19.5,17031839100,,32.5,7.2,39.7,,,POINT (-87.6327464887 41.8809944707)
17031809200,2023-02-03,18:15,2023-02-03,18:30,927,4,17031010300,,12.5,3.33,15.83,,,POINT (-87.6665362779 42.0159343756)
17031809200,2023-02-03,18:15,2023-02-03,18:45,2303,16.9,17031980000,,40,6.82,46.82,,,POINT (-87.9030396611 41.9790708201)
17031809200,2023-02-03,18:15,2023-02-03,18:30,972,4,17031010300,,10,3.32,13.32,,,POINT (-87.6665362779 42.0159343756)
17031809200,2023-02-03,17:45,2023-02-03,18:15,2405,9.6,17031220400,,32.5,5.7,38.2,,,POINT (-87.6999685912 41.9284315635)
17031809200,2023-02-03,17:45,2023-02-03,18:30,2881,15.4,17031833100,,32.5,8.74,41.24,,,POINT (-87.657005027 41.8790669938)
17031809200,2023-02-03,17:45,2023-02-03,18:00,1362,5.5,17031030104,,20,3.67,23.67,,,POINT (-87.6574987907 41.9971539428)
17031809200,2023-02-03,17:45,2023-02-03,18:30,2581,13.8,17031081403,,27.5,7.51,35.01,,,POINT (-87.6188683546 41.8909220259)
17031809200,2023-02-03,17:15,2023-02-03,17:45,1522,7.8,17031140702,,22.5,4.19,26.69,,,POINT (-87.7132293348 41.9631157548)
17031809200,2023-02-03,17:15,2023-02-03,17:45,2386,15.3,17031980000,,30,11,47,,,POINT (-87.9030396611 41.9790708201)
17031809200,2023-02-03,17:15,2023-02-03,17:30,1038,3.3,17031010100,,12.5,3.16,15.66,,,POINT (-87.6698247721 42.0212235931)
17031809200,2023-02-03,17:15,2023-02-03,17:30,1485,4.9,17031010600,,12.5,3.54,21.04,,,POINT (-87.6676836101 42.0062788614)
17031809200,2023-02-03,9:30,2023-02-03,9:45,683,3.6,17031010202,,12.5,1.29,15.79,,,POINT (-87.6733337784 42.0160464924)
17031809200,2023-02-02,17:30,2023-02-02,18:00,1215,4.6,17031020500,,7.5,2.59,10.09,,,POINT (-87.684198195 42.0013132491)
17031809200,2023-02-02,17:30,2023-02-02,17:45,1051,4.2,17031020802,,12.5,3.43,18.93,,,POINT (-87.6946307194 41.994059824)
17031809200,2023-02-02,17:30,2023-02-02,17:45,806,3.5,17031010201,,7.5,3.2,10.7,,,POINT (-87.680162272 42.0160105638)
17031809200,2023-02-02,8:45,2023-02-02,9:00,771,4.4,17031130100,,12.5,1.29,13.79,,,POINT (-87.7239678299 41.9900642527)
17031809200,2023-02-01,13:30,2023-02-01,13:45,1221,10.4,17031110100,,15,4.89,19.89,,,POINT (-87.7689702414 41.985916382)
17031809200,2023-02-01,13:30,2023-02-01,13:45,834,4.2,17031830600,,10,0.64,10.64,,,POINT (-87.6735740325 42.0016981937)
17031809200,2023-02-01,8:15,2023-02-01,9:15,3912,15.9,17031841900,,27.5,8.02,35.52,,,POINT (-87.6429586652 41.8679024175)
17031809200,2023-02-01,8:15,2023-02-01,8:30,1053,4.3,17031830600,,15,1.29,16.29,,,POINT (-87.6735740325 42.0016981937)
17031809200,2023-01-31,8:30,2023-01-31,8:45,981,4.2,17031830600,,15,1.26,16.26,,,POINT (-87.6735740325 42.0016981937)
17031809200,2023-01-31,8:30,2023-01-31,9:15,2054,14.6,17031980000,,17.5,11.03,28.53,,,POINT (-87.9030396611 41.9790708201)
17031809200,2023-01-31,8:30,2023-01-31,9:30,3419,15.8,17031839100,,30,7.78,37.78,,,POINT (-87.6327464887 41.8809944707)
17031809200,2023-01-31,8:30,2023-01-31,8:45,889,3.6,17031010201,,10,3.21,16.21,,,POINT (-87.680162272 42.0160105638)
17031809200,2023-01-30,9:15,2023-01-30,9:45,2006,15.8,17031980000,,30,6.76,40.76,,,POINT (-87.9030396611 41.9790708201)
17031809200,2023-01-30,8:30,2023-01-30,8:45,1028,4.1,17031830600,,12.5,1.26,13.76,,,POINT (-87.6735740325 42.0016981937)
17031809200,2023-01-30,8:30,2023-01-30,8:45,958,3.8,17031010201,,10,3.21,16.21,,,POINT (-87.680162272 42.0160105638)
17031809200,2023-01-30,8:30,2023-01-30,9:00,2141,15.1,17031980000,,25,11.22,36.22,,,POINT (-87.9030396611 41.9790708201)
17031809200,2023-01-29,0:00,2023-01-29,0:45,2482,21.8,17031081403,,27.5,7.55,35.05,,,POINT (-87.6188683546 41.8909220259)
17031809200,2023-01-29,0:00,2023-01-29,0:45,2261,19.7,17031081403,,55,7.55,62.55,,,POINT (-87.6188683546 41.8909220259)
17031809200,2023-01-29,0:00,2023-01-29,0:30,1753,13.4,17031081403,,17.5,5.69,23.19,,,POINT (-87.6188683546 41.8909220259)
17031809200,2023-01-29,0:00,2023-01-29,0:30,1602,7.7,17031060300,,12.5,4.73,17.23,,,POINT (-87.671332488 41.9506052324)
17031809200,2023-01-29,0:00,2023-01-29,0:30,1803,11.8,17031200100,,20,6.15,30.15,,,POINT (-87.7376199977 41.9350581526)
17031809200,2023-01-29,0:00,2023-01-29,0:15,1105,5.1,17031010400,,10,3.6,13.6,,,POINT (-87.659122427 42.004764559)
17031809200,2023-01-29,0:00,2023-01-29,0:15,950,4.4,17031010400,,12.5,0.64,15.14,,,POINT (-87.659122427 42.004764559)
17031809200,2023-01-28,23:00,2023-01-28,23:15,1181,5.4,17031030500,,12.5,3.69,16.19,,,POINT (-87.6649377243 41.9872255578)
17031809200,2023-01-28,23:00,2023-01-29,0:00,2947,18,17031242300,,30,6.81,36.81,,,POINT (-87.6796002867 41.8995065476)
17031809200,2023-01-28,23:00,2023-01-28,23:45,2521,12.3,17031080100,,32.5,5.44,37.94,,,POINT (-87.6266589003 41.9075200747)
17031809200,2023-01-28,23:00,2023-01-28,23:15,1525,8.1,17031031400,,12.5,4.3,19.8,,,POINT (-87.6453787624 41.962178629)
17031809200,2023-01-28,22:15,2023-01-28,22:45,2432,13,17031071500,,22.5,6.79,29.29,,,POINT (-87.6317173661 41.9146162864)
17031809200,2023-01-28,22:15,2023-01-28,22:45,1828,18.4,17031833000,,20,7.02,27.02,,,POINT (-87.6572331997 41.8852813201)
17031809200,2023-01-28,22:15,2023-01-28,22:45,1621,7.5,17031031200,,17.5,3.17,20.67,,,POINT (-87.6573411073 41.9727095466)
17031809200,2023-01-28,22:15,2023-01-28,22:30,643,3.3,17031020100,,10,3.08,13.08,,,POINT (-87.6871159899 42.0157199072)
17031809200,2023-01-28,0:00,2023-01-28,0:15,938,6.7,17031140200,,10,4.01,14.01,,,POINT (-87.7134353285 41.9702449819)
17031809200,2023-01-28,0:00,2023-01-28,0:15,904,5,17031010702,,10,1.26,14.26,,,POINT (-87.6727239593 42.0090182269)
17031809200,2023-01-28,0:00,2023-01-28,0:30,996,4.5,17031010702,,12.5,1.26,13.76,,,POINT (-87.6727239593 42.0090182269)
17031809200,2023-01-27,23:00,2023-01-27,23:15,877,4,17031010600,,7.5,3.32,12.82,,,POINT (-87.6676836101 42.0062788614)
17031809200,2023-01-27,23:00,2023-01-27,23:30,1910,21.6,17031310600,,37.5,8.04,56.54,,,POINT (-87.6595642391 41.8563332167)
17031809200,2023-01-27,23:00,2023-01-27,23:45,2962,16.2,17031831300,,27.5,1.26,28.76,,,POINT (-87.7441731843 41.9076884994)
17031809200,2023-01-27,11:45,2023-01-27,12:15,2586,14.2,17031081403,,22.5,2.54,25.04,,,POINT (-87.6188683546 41.8909220259)
17031809200,2023-01-27,11:45,2023-01-27,12:00,1324,6.9,17031030900,,12.5,4.29,16.79,,,POINT (-87.6714455473 41.9797955506)
17031809200,2023-01-27,7:00,2023-01-27,7:30,2017,16.7,17031980000,,32.5,6.81,39.31,,,POINT (-87.9030396611 41.9790708201)
17031809200,2023-01-27,7:00,2023-01-27,7:45,2133,13.2,17031071200,,20,5.86,25.86,,,POINT (-87.6462109769 41.9218549112)
17031809200,2023-01-26,20:45,2023-01-26,21:00,993,4.1,17031010300,,10,1.26,11.26,,,POINT (-87.6665362779 42.0159343756)
17031809200,2023-01-26,20:45,2023-01-26,21:15,1499,9.6,17031831800,,10,0.64,10.64,,,POINT (-87.7164304157 41.9782942489)
17031809200,2023-01-26,20:45,2023-01-26,21:00,523,2.5,17031020100,,5,2.97,7.97,,,POINT (-87.6871159899 42.0157199072)
17031809200,2023-01-26,20:45,2023-01-26,21:00,1544,7.5,17031050200,,20,1.26,25.26,,,POINT (-87.683718102 41.957735565)
17031809200,2023-01-26,20:30,2023-01-26,20:45,945,4.3,17031010100,,12.5,1.26,13.76,,,POINT (-87.6698247721 42.0212235931)
17031809200,2023-01-26,20:30,2023-01-26,21:00,1516,7.1,17031031300,,17.5,1.26,21.76,,,POINT (-87.6502900743 41.9729293173)
17031809200,2023-01-26,20:30,2023-01-26,20:45,955,4.4,17031010600,,10,3.08,13.08,,,POINT (-87.6676836101 42.0062788614)
17031809200,2023-01-26,9:00,2023-01-26,9:00,610,3.1,17031010202,,12.5,3.36,15.86,,,POINT (-87.6733337784 42.0160464924)
17031809200,2023-01-26,9:00,2023-01-26,9:15,976,4.4,17031130100,,10,1.26,11.26,,,POINT (-87.7239678299 41.9900642527)
17031809200,2023-01-26,9:00,2023-01-26,9:15,656,4.4,17031130100,,12.5,1.26,13.76,,,POINT (-87.7239678299 41.9900642527)
17031809200,2023-01-24,18:00,2023-01-24,18:15,668,3.2,17031010201,,10,3.14,13.14,,,POINT (-87.680162272 42.0160105638)
17031809200,2023-01-24,18:00,2023-01-24,18:30,1023,3.9,17031010300,,10,3.3,13.3,,,POINT (-87.6665362779 42.0159343756)
17031809200,2023-01-24,18:00,2023-01-24,18:45,2989,12.2,17031243400,,25,1.26,26.26,,,POINT (-87.6598643178 41.8925368719)
17031809200,2023-01-22,20:45,2023-01-22,21:00,900,4.4,17031010400,,10,0.64,12.64,,,POINT (-87.659122427 42.004764559)
17031809200,2023-01-22,12:00,2023-01-22,12:30,2164,16,17031980000,,27.5,6.78,40.28,,,POINT (-87.9030396611 41.9790708201)
17031809200,2023-01-22,12:00,2023-01-22,12:45,2358,15.1,17031839100,,27.5,1.26,32.76,,,POINT (-87.6327464887 41.8809944707)
17031809200,2023-01-21,22:30,2023-01-21,22:45,1171,6.6,17031040700,,12.5,3.98,16.48,,,POINT (-87.6940200973 41.9668063463)
17031809200,2023-01-21,22:30,2023-01-21,22:45,1143,6.6,17031040700,,12.5,3.98,24.48,,,POINT (-87.6940200973 41.9668063463)
17031809200,2023-01-21,22:15,2023-01-21,22:45,2457,13.9,17031081700,,35,6.47,41.47,,,POINT (-87.6318639497 41.8920421365)
17031809200,2023-01-21,22:15,2023-01-21,22:45,2467,14.8,17031839100,,27.5,1.26,34.76,,,POINT (-87.6327464887 41.8809944707)
17031809200,2023-01-21,22:15,2023-01-21,22:45,1830,12.3,17031081300,,17.5,5.4,22.9,,,POINT (-87.6207628651 41.8983317935)
17031809200,2023-01-21,21:00,2023-01-21,21:15,974,4.2,17031010702,,10,3.36,13.36,,,POINT (-87.6727239593 42.0090182269)
17031809200,2023-01-21,21:00,2023-01-21,22:00,2879,34.2,17031700402,,47.5,1.26,48.76,,,POINT (-87.7118213953 41.7382280867)
17031809200,2023-01-21,21:00,2023-01-21,21:15,962,5.1,17031010503,,10,3.59,13.59,,,POINT (-87.6631267998 42.0003203059)
17031809200,2023-01-21,20:30,2023-01-21,21:15,2338,29.9,17031440800,,37.5,10.65,48.15,,,POINT (-87.6032655099 41.7317897369)
17031809200,2023-01-21,20:30,2023-01-21,21:15,2523,12,17031071500,,42.5,1.26,43.76,,,POINT (-87.6317173661 41.9146162864)
17031809200,2023-01-21,18:15,2023-01-21,19:00,2466,9.1,17031062900,,25,4.49,29.49,,,POINT (-87.6564115308 41.9362371791)
17031809200,2023-01-21,18:15,2023-01-21,18:30,1001,4.5,17031010501,,12.5,1.26,13.76,,,POINT (-87.6639582144 42.0094125471)
17031809200,2023-01-21,18:15,2023-01-21,18:30,1483,6.8,17031040600,,30,5.04,40.04,,,POINT (-87.6840183712 41.9668340674)
17031809200,2023-01-21,18:00,2023-01-21,18:30,1918,7.2,17031060100,,17.5,1.26,18.76,,,POINT (-87.6666114405 41.957530922)
17031809200,2023-01-21,18:00,2023-01-21,18:15,842,3.4,17031020100,,12.5,3.16,15.66,,,POINT (-87.6871159899 42.0157199072)
17031809200,2023-01-21,16:15,2023-01-21,16:45,1765,8.7,17031010201,,15,4.55,19.55,,,POINT (-87.680162272 42.0160105638)
17031809200,2023-01-21,16:15,2023-01-21,16:30,1324,5.3,17031030400,,10,1.04,11.04,,,POINT (-87.6720809941 41.9869530579)
17031809200,2023-01-21,16:00,2023-01-21,16:15,1003,4.5,17031010501,,10,3.48,13.48,,,POINT (-87.6639582144 42.0094125471)
17031809200,2023-01-21,16:00,2023-01-21,17:00,3376,12.6,17031241400,,27.5,1.26,28.76,,,POINT (-87.6753116216 41.906025969)
17031809200,2023-01-21,16:00,2023-01-21,16:15,883,3.8,17031020302,,10,3.26,14.26,,,POINT (-87.6949637498 42.0085407611)
17031809200,2023-01-21,14:15,2023-01-21,14:45,1756,7.6,17031050600,,17.5,4.23,21.73,,,POINT (-87.6761824959 41.9505456965)
17031809200,2023-01-21,14:15,2023-01-21,14:45,2054,16.7,17031980000,,25,13.89,46.89,,,POINT (-87.9030396611 41.9790708201)
17031809200,2023-01-19,20:00,2023-01-19,20:45,2774,19.2,17031390300,,30,7.16,37.16,,,POINT (-87.6042092221 41.813200941)
17031809200,2023-01-19,18:00,2023-01-19,18:15,838,3.1,17031010201,,7.5,3.1,10.6,,,POINT (-87.680162272 42.0160105638)
17031809200,2023-01-19,18:00,2023-01-19,18:30,1212,4.8,17031830600,,20,1.26,26.26,,,POINT (-87.6735740325 42.0016981937)
17031809200,2023-01-19,18:00,2023-01-19,18:15,751,3.3,17031010201,,17.5,1.26,18.76,,,POINT (-87.680162272 42.0160105638)
17031809200,2023-01-19,18:00,2023-01-19,18:15,866,4,17031010300,,10,3.3,13.3,,,POINT (-87.6665362779 42.0159343756)
17031809200,2023-01-19,7:15,2023-01-19,8:15,2978,15.1,17031320400,,37.5,7.88,54.38,,,POINT (-87.6219716519 41.8774061234)
17031809200,2023-01-19,7:15,2023-01-19,8:15,3076,13,17031081800,,22.5,8.05,30.55,,,POINT (-87.6378442095 41.8932163595)
17031809200,2023-01-18,17:45,2023-01-18,18:15,1713,7.5,17031140702,,12.5,3.34,15.84,,,POINT (-87.7132293348 41.9631157548)
17031809200,2023-01-18,17:45,2023-01-18,18:00,775,3.3,17031020200,,17.5,1.26,18.76,,,POINT (-87.6996630419 42.0156967498)
17031809200,2023-01-18,17:45,2023-01-18,18:00,985,5,17031010502,,10,3.57,13.57,,,POINT (-87.6633278588 42.0045174875)
17031809200,2023-01-18,14:30,2023-01-18,15:00,1301,5,17031020902,,12.5,3.59,16.09,,,POINT (-87.6786882109 41.9942660943)
17031809200,2023-01-18,14:30,2023-01-18,15:15,2210,8.6,17031051000,,15,4.6,19.6,,,POINT (-87.6856158172 41.9413116172)
17031809200,2023-01-17,19:15,2023-01-17,19:45,1814,18.6,17031833000,,22.5,8.96,31.46,,,POINT (-87.6572331997 41.8852813201)
17031809200,2023-01-17,19:15,2023-01-17,19:15,511,2.7,17031020200,,5,2.99,7.99,,,POINT (-87.6996630419 42.0156967498)
17031809200,2023-01-17,19:15,2023-01-17,19:30,1286,11.2,17031140400,,12.5,4.95,17.45,,,POINT (-87.7389372047 41.97153938)
17031809200,2023-01-17,18:00,2023-01-17,18:15,695,3.1,17031010201,,7.5,3.1,10.6,,,POINT (-87.680162272 42.0160105638)
17031809200,2023-01-17,18:00,2023-01-17,18:15,869,3.9,17031010300,,10,3.3,13.3,,,POINT (-87.6665362779 42.0159343756)
17031809200,2023-01-17,11:45,2023-01-17,12:45,3905,26.2,17031660900,,32.5,5.43,37.93,,,POINT (-87.6980008039 41.7681062939)
17031809200,2023-01-16,21:15,2023-01-16,21:30,976,4.2,17031010600,,10,1.26,11.26,,,POINT (-87.6676836101 42.0062788614)
17031809200,2023-01-16,21:15,2023-01-16,21:45,1583,17.3,17031241400,,20,6.66,33.66,,,POINT (-87.6753116216 41.906025969)
17031809200,2023-01-16,21:15,2023-01-16,21:45,1896,21,17031330100,,22.5,7.59,30.09,,,POINT (-87.6173580061 41.859349715)
17031809200,2023-01-15,21:15,2023-01-15,21:45,1607,16.1,17031230900,,20,6.36,26.36,,,POINT (-87.7103539349 41.9066839592)
17031809200,2023-01-15,21:15,2023-01-15,22:00,2789,21.6,17031390700,,30,0.64,30.64,,,POINT (-87.5874792581 41.8059116993)
17031809200,2023-01-15,18:45,2023-01-15,19:00,958,4.2,17031010702,,10,3.37,13.37,,,POINT (-87.6727239593 42.0090182269)
17031809200,2023-01-15,18:45,2023-01-15,19:15,1917,17.3,17031241400,,20,6.65,33.65,,,POINT (-87.6753116216 41.906025969)
17031809200,2023-01-15,18:45,2023-01-15,19:00,895,4.5,17031020500,,7.5,4.5,12,,,POINT (-87.684198195 42.0013132491)
17031809200,2023-01-14,23:00,2023-01-14,23:30,1850,8.5,17031050700,,20,1.26,21.26,,,POINT (-87.6760627395 41.9450692053)
17031809200,2023-01-14,23:00,2023-01-14,23:30,1535,17.2,17031833000,,22.5,6.88,29.38,,,POINT (-87.6572331997 41.8852813201)
17031809200,2023-01-14,23:00,2023-01-14,23:15,808,3.7,17031010702,,10,3.2,13.2,,,POINT (-87.6727239593 42.0090182269)
17031809200,2023-01-14,18:45,2023-01-14,19:00,785,3.8,17031010300,,10,3.29,16.29,,,POINT (-87.6665362779 42.0159343756)
17031809200,2023-01-14,18:45,2023-01-14,19:30,2174,15.8,17031230700,,17.5,5.23,22.73,,,POINT (-87.7215382944 41.9063227109)
17031809200,2023-01-14,18:45,2023-01-14,19:00,504,3,17031020200,,10,0.64,10.64,,,POINT (-87.6996630419 42.0156967498)
17031809200,2023-01-14,16:00,2023-01-14,17:00,3600,25.6,17031710200,,47.5,9.02,56.52,,,POINT (-87.6514091317 41.7551743829)
17031809200,2023-01-14,16:00,2023-01-14,16:45,2550,15.3,17031330100,,25,6.12,31.12,,,POINT (-87.6173580061 41.859349715)
17031809200,2023-01-14,0:00,2023-01-14,0:15,667,4.2,17031010300,,7.5,3.38,13.88,,,POINT (-87.6665362779 42.0159343756)
17031809200,2023-01-13,22:45,2023-01-13,23:00,731,7.4,17031010400,,10,0.64,10.64,,,POINT (-87.659122427 42.004764559)
17031809200,2023-01-13,22:45,2023-01-13,23:15,1371,15.8,17031240500,,17.5,7.09,24.59,,,POINT (-87.6836429218 41.9119723006)
17031809200,2023-01-13,19:15,2023-01-13,19:45,1352,7.9,17031160200,,20,1.26,21.26,,,POINT (-87.7383939059 41.9587978628)
17031809200,2023-01-13,19:15,2023-01-13,19:30,1076,4.9,17031010600,,12.5,3.63,17.13,,,POINT (-87.6676836101 42.0062788614)
17031809200,2023-01-13,19:15,2023-01-13,19:30,713,3.4,17031010201,,10,3.77,13.77,,,POINT (-87.680162272 42.0160105638)
17031809200,2023-01-13,17:15,2023-01-13,18:15,3531,18.3,17031838100,,32.5,6.59,39.09,,,POINT (-87.6716536214 41.8786674201)
17031809200,2023-01-13,17:15,2023-01-13,17:30,1040,4.5,17031020500,,12.5,3.47,15.97,,,POINT (-87.684198195 42.0013132491)
17031809200,2023-01-13,17:15,2023-01-13,17:15,741,3,17031010201,,10,3.1,13.1,,,POINT (-87.680162272 42.0160105638)
17031809200,2023-01-11,22:45,2023-01-11,23:00,1458,9.1,17031032100,,20,1.26,21.26,,,POINT (-87.6530217894 41.9581548757)
17031809200,2023-01-11,22:45,2023-01-11,23:00,869,4.2,17031010300,,10,1.26,11.26,,,POINT (-87.6665362779 42.0159343756)
17031809200,2023-01-11,0:30,2023-01-11,1:00,1522,10,17031063000,,15,4.84,19.84,,,POINT (-87.6515625922 41.9363101308)
17031809200,2023-01-11,0:30,2023-01-11,1:00,1628,8.9,17031061902,,15,4.56,19.56,,,POINT (-87.640698076 41.9431550855)
17031809200,2023-01-10,23:45,2023-01-11,0:00,1675,12,17031080100,,17.5,5.33,22.83,,,POINT (-87.6266589003 41.9075200747)
17031809200,2023-01-10,23:45,2023-01-11,0:15,1695,9.9,17031070101,,35,1.26,43.26,,,POINT (-87.6358909539 41.9292629902)
17031809200,2023-01-10,23:45,2023-01-11,0:15,1720,10.1,17031070101,,20,4.83,30.83,,,POINT (-87.6358909539 41.9292629902)
17031809200,2023-01-10,19:00,2023-01-10,19:15,595,2.8,17031010201,,7.5,1.26,8.76,,,POINT (-87.680162272 42.0160105638)
17031809200,2023-01-08,12:15,2023-01-08,12:30,896,4.5,17031020500,,12.5,1.26,13.76,,,POINT (-87.684198195 42.0013132491)
17031809200,2023-01-08,12:15,2023-01-08,12:45,1834,8.4,17031061100,,22.5,1.26,23.76,,,POINT (-87.6568039088 41.9491397709)
17031809200,2023-01-07,20:15,2023-01-07,20:30,1517,16,17031241600,,25,1.26,33.26,,,POINT (-87.6653376596 41.9066507664)
17031809200,2023-01-07,20:15,2023-01-07,20:30,966,4.1,17031830600,,12.5,1.26,13.76,,,POINT (-87.6735740325 42.0016981937)
17031809200,2023-01-07,20:15,2023-01-07,20:45,2060,15,17031061100,,25,6.07,31.07,,,POINT (-87.6568039088 41.9491397709)
17031809200,2023-01-06,14:30,2023-01-06,15:15,2597,12.4,17031243400,,27.5,1.26,28.76,,,POINT (-87.6598643178 41.8925368719)
17031809200,2023-01-06,14:30,2023-01-06,14:45,1209,5.1,17031020902,,12.5,3.76,16.26,,,POINT (-87.6786882109 41.9942660943)
17031809200,2023-01-06,14:30,2023-01-06,15:00,2021,9.3,17031061000,,15,4.65,19.65,,,POINT (-87.6519703953 41.9492209135)
17031809200,2023-01-06,9:45,2023-01-06,10:00,1000,4.5,17031830600,,7.5,0.64,8.14,,,POINT (-87.6735740325 42.0016981937)
17031809200,2023-01-06,9:45,2023-01-06,10:00,1028,22.8,17031130100,,10,0.64,10.64,,,POINT (-87.7239678299 41.9900642527)
17031809200,2023-01-05,7:15,2023-01-05,8:00,2694,18.3,17031081700,,30,6.63,36.63,,,POINT (-87.6318639497 41.8920421365)
17031809200,2023-01-04,9:45,2023-01-04,10:15,1501,7.3,17031830700,,12.5,0.64,13.14,,,POINT (-87.6603894557 41.958055933)
17031809200,2023-01-03,9:30,2023-01-03,9:30,636,3.1,17031010202,,7.5,3.07,10.57,,,POINT (-87.6733337784 42.0160464924)
17031809200,2023-01-03,9:30,2023-01-03,9:45,1126,6,17031130100,,10,3.91,13.91,,,POINT (-87.7239678299 41.9900642527)
17031809200,2023-01-03,9:30,2023-01-03,9:45,1305,6.1,17031030703,,20,1.26,21.26,,,POINT (-87.6578712629 41.9788750584)
17031809200,2023-01-01,2:00,2023-01-01,2:30,2362,15.9,17031841000,,45,7.13,52.13,,,POINT (-87.6241352979 41.8492467545)
17031809200,2023-01-01,2:00,2023-01-01,2:15,927,4.7,17031030200,,17.5,1.26,18.76,,,POINT (-87.6652247765 41.9944422482)
17031809200,2023-01-01,2:00,2023-01-01,2:15,1097,5.3,17031010600,,,,,,,POINT (-87.6676836101 42.0062788614)
17031809200,2023-01-01,1:30,2023-01-01,2:00,1990,13.3,17031080100,,30,6.16,41.16,,,POINT (-87.6266589003 41.9075200747)
17031809200,2023-01-01,1:30,2023-01-01,2:15,2797,15.8,17031220702,,20,3.18,28.18,,,POINT (-87.724267094 41.9297590466)