SITE_NAME,OWNERSHIP,PROTECTION,TYPECODE,DISTRICT,ACRES,ADDRESS,ZonAgg,TypeLong,OS_Own_Jur,OS_Mngmnt,POS,PA,ALT_NAME,AgncyJuris,PARK_ID,REGION,OS_ID,F_100ftRule,ZipCode,ParcelNumber,YearAcquired,STArea__,STLength__,Shape_Length,Shape_Area,shape_wkt
Wilson Park,City of Boston,NA,1,Allston-Brighton,0.09718371,10 Wilson Park,Open Space District,"Malls, Squares & Plazas",PWD,BPRD,N,X,NA,PWD,NA,PARK_Maintenance_Region 4,2000,YES,02135,2102093500,0,NA,NA,8.68752904593e-4,4.2964839e-8,NA
James H. Roberts Playground,City of Boston,A97,3,Allston-Brighton,1.0041349,120 Hooker Str.,Open Space District,"Parks, Playgrounds & Athletic Fields",BPRD,BPRD,X,X,Hooker-Sorrento Street Playground; Roberts Playground,BPRD,156,PARK_Maintenance_Region 4,156,YES,02134,2200030000,0,NA,NA,0.00276645580217,4.4405681e-7,NA
Smith Playground,City of Boston,A97/LWCF,3,Allston-Brighton,15.02521889,235 Western Avenue,Open Space District,"Parks, Playgrounds & Athletic Fields",BPRD,BPRD,X,X,William F. Smith Playground; North Brighton Playground,BPRD,284,PARK_Maintenance_Region 4,284,YES,02134,2200542000,1894,NA,NA,0.011216155134474,6.645157199e-6,NA
Fern Square,City of Boston,A97,1,Allston-Brighton,0.04450912,1 Fern Street,Open Space District,"Malls, Squares & Plazas",BPRD,BPRD,X,X,"James F. Collins Square, Franklin Square",BPRD,115,PARK_Maintenance_Region 4,115,YES,02134,2201194000,0,NA,NA,6.72302150916e-4,1.9683207e-8,NA
Ringer Playground,City of Boston,A97/LWCF/USH,3,Allston-Brighton,10.26308381,85 Allston Street,Open Space District,"Parks, Playgrounds & Athletic Fields",BPRD,BPRD,X,X,Stanley A. Ringer Playground,BPRD,259,PARK_Maintenance_Region 4,259,YES,"02134, 02135",2101101000,1916,NA,NA,0.012526446598524,4.537983926e-6,NA
McKinney Playground,City of Boston,A97/USH,3,Allston-Brighton,5.89186126,74 Faneuil Street,Open Space District,"Parks, Playgrounds & Athletic Fields",BPRD,BPRD,X,X,NA,BPRD,193,PARK_Maintenance_Region 4,193,YES,02135,2202540000,1930,NA,NA,0.006924114855163,2.605351444e-6,NA
Hobart Park,City of Boston,A97/LWCF,3,Allston-Brighton,0.80891273,85 Hobart Street,Open Space District,"Parks, Playgrounds & Athletic Fields",BPRD,BPRD,X,X,NA,BPRD,154,PARK_Maintenance_Region 4,154,YES,02135,2202935000,1970,NA,NA,0.002445550512477,3.57702489e-7,"MULTIPOLYGON (((-71.161016076999942 42.356046263000053, -71.161443334999944 42.356116123000049, -71.161532878999935 42.355759964000072, -71.161623722999934 42.355410110000037, -71.161082385999975 42.355314976000045, -71.161016076999942 42.356046263000053)))"
Market Street Burying Ground,City of Boston,Ch114S7/A97,4,Allston-Brighton,0.39538015,380 Market Street,Open Space District,Cemeteries & Burying Grounds,BPRD,BPRD,X,X,NA,BPRD,188,PARK_Cemetery Maintenance Request,188,YES,02135,2202372000,1764,NA,NA,0.00176912377972,1.7482317e-7,"MULTIPOLYGON (((-71.152012835999983 42.350596933000077, -71.152455938999935 42.350624111000059, -71.152676389999954 42.350285279000047, -71.152373747999945 42.350274641000055, -71.152098772999977 42.350264897000045, -71.152012835999983 42.350596933000077)))"
Jackson Square,City of Boston,A97,1,Allston-Brighton,0.12032316,58 Chestnut Hill Avenue,Open Space District,"Malls, Squares & Plazas",BPRD,BPRD,X,X,Viola Square,BPRD,162,PARK_Maintenance_Region 4,162,YES,02135,2102849000,0,NA,NA,8.71358697336e-4,5.3199101e-8,NA
Reilly Playground,Commonwealth of Massachusetts,A97,3,Allston-Brighton,6.93136467,355 Chestnut Hill Avenue,Open Space District,"Parks, Playgrounds & Athletic Fields",DCR,NULL,X,X,NA,NA,NA,INFO_Reallocation From Dept,3000,YES,02135,NA,0,NA,NA,0.008311602647853,3.064135437e-6,NA
Boyden Park,Commonwealth of Massachusetts,A97,1,Allston-Brighton,0.48183071,2200 Commonwealth Avenue,Institutional District,"Malls, Squares & Plazas",DCR,NULL,X,X,NA,NA,NA,INFO_Reallocation From Dept,3001,YES,02467,NA,0,NA,NA,0.001877775947482,2.13012293e-7,NA
Evergreen Cemetery,City of Boston,Ch114S7/A97,4,Allston-Brighton,20.48819288,2060 Commonwealth Avenue,Open Space District,Cemeteries & Burying Grounds,BPRD,BPRD,X,X,NA,BPRD,110,PARK_Cemetery Maintenance Request,110,YES,02135,"2102444000,2102444001,2102443001",1848,NA,NA,0.01286868501636,9.057495412e-6,NA
Hardiman Playground,City of Boston,A97,3,Allston-Brighton,1.47314994,380 Faneuil Street,Open Space District,"Parks, Playgrounds & Athletic Fields",BPRD,BPRD,X,X,PFC Kevin B. Hardiman Playground; Tar Park,BPRD,143,PARK_Maintenance_Region 4,143,YES,02135,2203801020,1948,NA,NA,0.003489442913872,6.51384414e-7,"MULTIPOLYGON (((-71.165695361999951 42.351016009000034, -71.165679121999972 42.351126427000054, -71.165660560999981 42.351239540000051, -71.165643114999966 42.351348243000075, -71.165627000999962 42.351457762000052, -71.165609550999989 42.351567276000026, -71.165581009999983 42.351754362000065, -71.166311227999984 42.351541765000036, -71.166733620999935 42.351401285000065, -71.166799148999985 42.351035238000065, -71.165705302999982 42.350949237000066, -71.165695361999951 42.351016009000034)))"
Rogers Park,City of Boston,A97,3,Allston-Brighton,8.17184062,30 Rogers Park Avenue,Open Space District,"Parks, Playgrounds & Athletic Fields",BPRD,BPRD,X,X,Thomas Galvin Park; Rogers-Galvin Park; Galvin Ball Fields,BPRD,267,PARK_Maintenance_Region 4,267,YES,02135,2205190000,1899,NA,NA,0.008708357921504,3.61314452e-6,NA
Chandler Pond,City of Boston,A97/WPA,3,Allston-Brighton,19.0341645,95 Lake Shore Road,Open Space District,"Parks, Playgrounds & Athletic Fields",BPRD,BPRD,X,X,Alice E. Gallagher Memorial Park; Gallagher Memorial Park,BPRD,128,PARK_Maintenance_Region 4,128,YES,02135,"2205651000,2205530000,2205550000",1943,NA,NA,0.013492903256402,8.415549168e-6,NA
Mullen Square,City of Boston,A97,1,Dorchester,0.22676974,24 Edison Green,Residential District,"Malls, Squares & Plazas",BPRD,BPRD,X,X,"Drohan Square, Edison Green",BPRD,210,PARK_Maintenance_Region 2,210,YES,02125,1301906000,0,NA,NA,0.0013954810957,1.00220856e-7,NA
Dorchester North Burying Ground,City of Boston,Ch114S7/A97,4,Dorchester,3.30419666,611 Columbia Road,Commercial/Office/Business District,Cemeteries & Burying Grounds,BPRD,BPRD,X,X,NA,BPRD,089,PARK_Cemetery Maintenance Request,89,YES,02125,"0703999000,0703999010",1633,NA,NA,0.00580555249571,1.460238924e-6,NA
Downer Avenue Playground,City of Boston,A97,3,Dorchester,0.77917122,40 Downer Avenue,Residential District,"Parks, Playgrounds & Athletic Fields",BPRD,BPRD,X,X,NA,BPRD,092,PARK_Maintenance_Region 2,92,YES,02125,1301674000,1972,NA,NA,0.003107251727866,3.44312445e-7,"MULTIPOLYGON (((-71.061115989999962 42.311416902000076, -71.062118366999982 42.311947234000058, -71.062376448999942 42.311824629000057, -71.062265866999951 42.311773543000072, -71.062141073999953 42.311670036000066, -71.061225563999983 42.311123480000049, -71.061095627999975 42.311411910000061, -71.061115989999962 42.311416902000076)))"
Quincy/Stanley Play Area,City of Boston,A97,3,Dorchester,0.37525176,21 Stanley Street,Residential District,"Parks, Playgrounds & Athletic Fields",BPRD,BPRD,X,X,Quincy Stanley Play Area; Stanley Street Play Area,BPRD,251,PARK_Maintenance_Region 5,251,YES,02125,1502974000,1955,NA,NA,0.001736944934808,1.65820734e-7,"MULTIPOLYGON (((-71.068430889999945 42.311144408000075, -71.068706904999942 42.311318464000067, -71.069133816999965 42.310947748000046, -71.068758554999988 42.310832213000026, -71.068430889999945 42.311144408000075)))"
Deer Street Park,City of Boston,A97,3,Dorchester,0.24657521,39 Deer Street,Residential District,"Parks, Playgrounds & Athletic Fields",BPRD,BPRD,X,X,NA,BPRD,080,PARK_Maintenance_Region 2,80,YES,02125,1502549000,0,NA,NA,0.00152647514844,1.08959675e-7,NA
Savin Hill Beach,Commonwealth of Massachusetts,A97,2,Dorchester,3.4340132,68 Denny Street,Open Space District,"Parkways, Reservations & Beaches",DCR,NULL,X,X,NA,NA,NA,INFO_Reallocation From Dept,3002,YES,02125,NA,0,NA,NA,0.012300422698073,1.517366697e-6,NA
Coppens Square,City of Boston,A97,1,Dorchester,0.35704995,325 Bowdoin Street,Residential District,"Malls, Squares & Plazas",BPRD,BPRD,X,X,Rev. Francis X. Coppens Square; Eaton Square,BPRD,070,PARK_Maintenance_Region 2,70,YES,02122,1502942500,0,NA,NA,0.001598944964158,1.57771008e-7,NA
Old Harbor Park,Commonwealth of Massachusetts,A97/LWCF/WPA/Ch91,2,Dorchester,8.04457384,NA,Commercial/Office/Business District,"Parkways, Reservations & Beaches",DCR,NULL,X,X,NA,NA,NA,INFO_Reallocation From Dept,3003,YES,02125,NA,0,NA,NA,0.022485273068617,3.555299337e-6,NA
McConnell Park,City of Boston,A97/LWCF,3,Dorchester,6.76236509,30 Denny Street,Open Space District,"Parks, Playgrounds & Athletic Fields",BPRD,BPRD,X,X,Savin Hill Playground,BPRD,191,PARK_Maintenance_Region 2,191,YES,02125,"1302238000,1302237000",1899,NA,NA,0.010688509671292,2.98814037e-6,NA
Boston Common,City of Boston,A97/LWCF/NHL,3,Back Bay/Beacon Hill,45.74103121,139 Tremont St (Visitor Info Center) 1B Charles St (Earl of Sandwich)  38 Beacon St (Frog Pond) 167 Tremont St (Parkman Bandstand) 115 Boylston St (Deer Park),Open Space District,"Parks, Playgrounds & Athletic Fields",BPRD,BPRD,X,X,The Common,BPRD,027,PARK_Maintenance_Region 1,27,YES,02108,"0500812001,0500812001,0500812000,0500812001,0500812001",1634,NA,NA,0.020296345585127,2.0226548099e-5,NA
Central Burying Ground,City of Boston,A97/NHL/PR/BL,4,Back Bay/Beacon Hill,1.48917289,125 Boylston Street,Open Space District,Cemeteries & Burying Grounds,BPRD,BPRD,X,X,NA,BPRD,047,PARK_Cemetery Maintenance Request,47,YES,02108,0500813000,1756,NA,NA,0.003721716221243,6.58485857e-7,"MULTIPOLYGON (((-71.065333671999952 42.353222771000048, -71.066067793999935 42.353216315000054, -71.066857863999985 42.352615425000067, -71.065597360999959 42.352539723000064, -71.065333671999952 42.353222771000048)))"
Public Garden,City of Boston,A97/LWCF,3,Back Bay/Beacon Hill,23.50813336,4 Charles Street,Open Space District,"Parks, Playgrounds & Athletic Fields",BPRD,BPRD,X,X,NA,BPRD,246,PARK_Maintenance_Region 1,246,YES,"02108, 02116",0501259000,1823,NA,NA,0.013113145730119,1.0395074214e-5,NA
Granary Burying Ground,City of Boston,A97/NRHP/PR/BL,4,Downtown,1.8568344,95 Tremont Street,Open Space District,Cemeteries & Burying Grounds,BPRD,BPRD,X,X,NA,BPRD,137,PARK_Cemetery Maintenance Request,137,YES,02108,0304676000,1660,NA,NA,0.003769754035297,8.21117982e-7,NA
Phillips Street Play Area,City of Boston,A97,3,Back Bay/Beacon Hill,0.11527569,21 Phillips Street,Residential District,"Parks, Playgrounds & Athletic Fields",BPRD,BPRD,X,X,NA,BPRD,237,PARK_Maintenance_Region 1,237,YES,02114,0502198000,1941,NA,NA,0.00103895833693,5.0978866e-8,"MULTIPOLYGON (((-71.067285531999971 42.36039303900003, -71.067295481999963 42.360517857000048, -71.067237803999944 42.360520251000025, -71.067183773999943 42.360521848000076, -71.067189087999964 42.360614508000026, -71.067192412999987 42.360660885000073, -71.06729816099994 42.360658582000042, -71.067298282999957 42.360640757000056, -71.067441308999946 42.36063688400003, -71.067438398999968 42.360529918000054, -71.067434499999933 42.360389999000063, -71.067285531999971 42.36039303900003)))"
Myrtle Street Playground,City of Boston,A97/LWCF,3,Back Bay/Beacon Hill,0.1607404,50 Myrtle Street,Residential District,"Parks, Playgrounds & Athletic Fields",BPRD,BPRD,X,X,NA,BPRD,212,PARK_Maintenance_Region 1,212,YES,02114,0501878000,1949,NA,NA,0.001138601323177,7.1083264e-8,"MULTIPOLYGON (((-71.065898692999951 42.359102303000043, -71.065900369999952 42.359285902000067, -71.066289678999965 42.359278345000064, -71.06628072999996 42.359095081000078, -71.066254235999963 42.359095466000042, -71.066176302999963 42.359096690000058, -71.066111595999985 42.359097495000071, -71.066056561999972 42.359097958000063, -71.065946043999986 42.35910004200008, -71.065898692999951 42.359102303000043)))"
Copley Square Park,City of Boston,A97,1,Back Bay/Beacon Hill,1.8544401,560 Boylston Street,Commercial/Office/Business District,"Malls, Squares & Plazas",BPRD,BPRD,X,X,Copley Square,BPRD,069,PARK_Maintenance_Region 1,69,YES,02116,0401089000,0,NA,NA,0.004715584919351,8.19958687e-7,NA
Clarendon Street Playlot,City of Boston,A97,3,Back Bay/Beacon Hill,0.32391646,260 Clarendon Street,Residential District,"Parks, Playgrounds & Athletic Fields",BPRD,BPRD,X,X,Commonwealth Playground,BPRD,058,PARK_Maintenance_Region 1,58,YES,02116,0502921000,1975,NA,NA,0.00153119877577,1.43229486e-7,"MULTIPOLYGON (((-71.076306909999971 42.352682605000041, -71.07646325199994 42.35300395400003, -71.076857600999972 42.352898381000045, -71.076701256999968 42.352577030000077, -71.076306909999971 42.352682605000041)))"
DeFilippo Playground,City of Boston,A97,3,Downtown,1.11810734,135 Prince Street,Open Space District,"Parks, Playgrounds & Athletic Fields",BPRD,BPRD,X,X,"Pvt. John DeFilippo Playground; Snow Hill Street Playground; """"The Gassy""""",BPRD,081,PARK_Maintenance_Region 1,81,YES,02113,0301936000,1937,NA,NA,0.00300630348291,4.94511876e-7,"MULTIPOLYGON (((-71.056572315999972 42.366157691000069, -71.056586189999962 42.36641897800007, -71.056575188999943 42.366677216000028, -71.05654171599997 42.367043534000061, -71.057413679999968 42.366612959000065, -71.057084778999979 42.366251236000039, -71.05706306899998 42.36622892400004, -71.056980138999961 42.36616394300006, -71.056728297999939 42.366001465000068, -71.056572315999972 42.366157691000069)))"
Copp's Hill Burying Ground,City of Boston,A97/NRHP/PR,4,Downtown,1.98157566,Opposite 34 Hull Str.,Open Space District,Cemeteries & Burying Grounds,BPRD,BPRD,X,X,NA,BPRD,071,PARK_Cemetery Maintenance Request,71,YES,02113,0302160000,0,NA,NA,0.004189954665521,8.76415684e-7,"MULTIPOLYGON (((-71.055148494999969 42.366998608000074, -71.055488525999976 42.367174578000061, -71.055427492999968 42.367308035000065, -71.055445455999973 42.367325931000039, -71.055360121999968 42.367496656000071, -71.055439134999972 42.367534323000029, -71.056319076999955 42.367985074000046, -71.056421376999936 42.367108677000033, -71.055369275999965 42.366712539000048, -71.055148494999969 42.366998608000074)))"
Copp's Hill Terrace,City of Boston,A97/NRHP,1,Downtown,0.61203752,536 Commericial Str.,Open Space District,"Malls, Squares & Plazas",BPRD,BPRD,X,X,NA,BPRD,072,PARK_Maintenance_Region 1,72,YES,02113,0301982000,0,NA,NA,0.002254452254266,2.70695438e-7,"MULTIPOLYGON (((-71.054878002999942 42.367878764000068, -71.055703188999985 42.368087851000041, -71.055755689999955 42.367803742000035, -71.055191726999965 42.367514731000028, -71.054878002999942 42.367878764000068)))"
Foster Street Play Area,City of Boston,A97,3,Downtown,0.10758407,15 Foster Street,Open Space District,"Parks, Playgrounds & Athletic Fields",BPRD,BPRD,X,X,Foster Street Playground; Foster Street Park,BPRD,123,PARK_Maintenance_Region 1,123,YES,02113,0302026000,1930,NA,NA,9.63203171079e-4,4.7582648e-8,"MULTIPOLYGON (((-71.053926821999937 42.367446039000072, -71.053950569999984 42.367454869000028, -71.053923409999982 42.367491607000034, -71.05412421799997 42.367564496000057, -71.054198065999969 42.367476214000078, -71.054134322999971 42.367449128000032, -71.054200548999972 42.367349320000073, -71.054144214999951 42.367325526000059, -71.054036414999985 42.367282227000032, -71.053926821999937 42.367446039000072)))"
Charter Street Park,City of Boston,A97,3,Downtown,0.23871056,21P Charter Street,Open Space District,"Parks, Playgrounds & Athletic Fields",BPRD,BPRD,X,X,NA,BPRD,052,PARK_Maintenance_Region 1,52,YES,02113,"0302067001,0302068000",1940,NA,NA,0.001541119703598,1.05576605e-7,NA
Paul Revere Mall,City of Boston,A97,1,Downtown,0.85716379,370 Hanover Street,Open Space District,"Malls, Squares & Plazas",BPRD,BPRD,X,X,The Prado;  Webster Avenue Playground,BPRD,231,PARK_Maintenance_Region 1,231,YES,02113,"0302074000,0302150000",1925,NA,NA,0.004015261416971,3.79099135e-7,NA
Polcari Park,City of Boston,A97,3,Downtown,0.27894034,45 Prince Street,Open Space District,"Parks, Playgrounds & Athletic Fields",BPRD,BPRD,X,X,Capt. Louis Polcari Park; Prince Street Playground,BPRD,240,PARK_Maintenance_Region 1,240,YES,02113,0302320000,1897,NA,NA,0.001691777689911,1.23366116e-7,"MULTIPOLYGON (((-71.05411944399998 42.365162661000056, -71.05429331199997 42.365285869000047, -71.054495340999949 42.365110235000031, -71.054787459999943 42.36487396900003, -71.05461739499998 42.364768446000028, -71.05440729299994 42.364938355000049, -71.05411944399998 42.365162661000056)))"
Cutillo Park,City of Boston,A97/LWCF,3,Downtown,0.2893563,10 Stillman Street,Open Space District,"Parks, Playgrounds & Athletic Fields",BPRD,BPRD,X,X,Vincent Cutillo Park; Stillman Street Park,BPRD,077,PARK_Maintenance_Region 1,77,YES,02113,0302466000,1917,NA,NA,0.001648273888358,1.27969456e-7,NA
City Hall Plaza,BRA,A97,1,Downtown,6.01399782,1 City Hall Square,Open Space District,"Malls, Squares & Plazas",NULL,NULL,X,X,City Hall Square,NA,NA,INFO_Reallocation From Dept,2141,YES,02203,NA,0,NA,NA,0.009338410435291,2.659583221e-6,NA
Norman Leventhal Park,Private,Agrmnt,3,Downtown,1.54089486,130 Congress Str.,Commercial/Office/Business District,"Parks, Playgrounds & Athletic Fields",BRA,Private,X,X,Post Office Square Park,NA,NA,INFO_Reallocation From Dept,7008,YES,02110,NA,1992,NA,NA,0.003374754583085,6.81391545e-7,"MULTIPOLYGON (((-71.054998052999963 42.356078424000032, -71.055756066999948 42.356819750000057, -71.056150443999968 42.35674126400005, -71.056109216999971 42.356478096000046, -71.055920062999974 42.356033001000071, -71.055847249999943 42.355931466000072, -71.055621765999945 42.35571249700007, -71.054998052999963 42.356078424000032)))"
Angell Memorial Square,City of Boston,A97,1,Downtown,0.1766452,152-158 Congress Street,Commercial/Office/Business District,"Malls, Squares & Plazas",BPRD,BPRD,X,X,NA,BPRD,010,PARK_Maintenance_Region 1,10,YES,02109,ROW,0,NA,NA,0.001220843527453,7.8114257e-8,NA
Union Street Park,BRA,A97,1,Downtown,0.50833624,Between Union Street & Congress Street opposite City Hall,Open Space District,"Malls, Squares & Plazas",NULL,BPRD,X,X,Holocaust Memorial;  Curley Memorial,BRA,NA,PARK_Maintenance_Region 1,2144,YES,02108,NA,0,NA,NA,0.002610287300947,2.24805688e-7,NA
Langone Park,City of Boston,A97/Ch91/WPA,3,Downtown,2.18386821,529-543 Commercial Street,Open Space District,"Parks, Playgrounds & Athletic Fields",BPRD,BPRD,X,X,Joseph & Clementine Langone Park,BPRD,175,PARK_Maintenance_Region 1,175,YES,02109,"0303056000,0303057000,0303058000",1973,NA,NA,0.004597300592637,9.65906308e-7,NA
Prince Street Park,Commonwealth of Massachusetts,A97/Ch91/WPA,2,Downtown,1.28400592,Commercial Street,Open Space District,"Parkways, Reservations & Beaches",DCR,NULL,X,X,NA,NA,NA,INFO_Reallocation From Dept,3004,YES,02109,NA,0,NA,NA,0.006963590448289,5.6789813e-7,NA
Rachel Revere Square,City of Boston,A97,1,Downtown,0.08036249,200 North Street,Open Space District,"Malls, Squares & Plazas",BPRD,BPRD,X,X,NA,BPRD,252,PARK_Maintenance_Region 1,252,YES,02113,0303252000,1945,NA,NA,7.64940239046e-4,3.5540857e-8,"MULTIPOLYGON (((-71.053374547999965 42.363471264000054, -71.053435615999945 42.363575338000032, -71.053484519999984 42.363654679000035, -71.053625875999955 42.363569777000066, -71.053651382999988 42.363508858000046, -71.053613888999962 42.363439648000053, -71.053374547999965 42.363471264000054)))"
Tai Tung Park,City of Boston,A97,3,Downtown,0.03349556,110 Tyler Street,Open Space District,"Parks, Playgrounds & Athletic Fields",BPRD,BPRD,X,X,Tai Tung Tot Lot,BPRD,299,PARK_Maintenance_Region 1,299,YES,02111,0305123000,1991,NA,NA,6.41152149296e-4,1.4810225e-8,NA
Leo F. McCarthy Playground,City of Boston,A97,3,Charlestown,1.33873877,10 Eden Street,Commercial/Office/Business District,"Parks, Playgrounds & Athletic Fields",BPRD,BPRD,X,X,"McCarthy-Eden Playground, Leo McCarthy Playground, Edwards Playground",BPRD,101,PARK_Maintenance_Region 1,101,YES,02129,"0201032000,0201033000,0201031000,0201021010",1991,NA,NA,0.003346059047152,5.92213798e-7,NA
City Square,Commonwealth of Massachusetts,A97/LL,1,Charlestown,1.2087632,NA,Open Space District,"Malls, Squares & Plazas",DCR,NULL,X,X,NA,NA,NA,INFO_Reallocation From Dept,3005,YES,02129,NA,0,NA,NA,0.003018721154079,5.34650865e-7,NA
John Harvard Mall,City of Boston,A97,1,Charlestown,0.8129293,7D Main Street,Residential District,"Malls, Squares & Plazas",BPRD,BPRD,X,X,Harvard Mall,BPRD,145,PARK_Maintenance_Region 1,145,YES,02129,0203709000,1943,NA,NA,0.00306126180455,3.59574543e-7,NA
Paul Revere Park,Commonwealth of Massachusetts,A97,2,Charlestown,6.40064165,NA,Open Space District,"Parkways, Reservations & Beaches",DCR,NULL,X,X,NA,NA,NA,INFO_Reallocation From Dept,3006,YES,02129,NA,0,NA,NA,0.007226634827143,2.831008034e-6,NA
Charlestown H.S. Athletic Fields,City of Boston,Ch91/WPA,3,Charlestown,10.41694906,39 Terminal Street,Open Space District,"Parks, Playgrounds & Athletic Fields",BPS,BPRD,N,X,Little Mystic Harborwalk,BPS,051,PARK_Maintenance_Region 1,51,YES,02129,0202735000,0,NA,NA,0.019633384886021,4.60822555e-6,NA
Ryan Playground,City of Boston,A97/USH/Ch91/WPA,3,Charlestown,8.77654233,75 Alford Street,Open Space District,"Parks, Playgrounds & Athletic Fields",BPRD,BPRD,X,X,John J. Ryan Playground; Charlestown Playground,BPRD,274,PARK_Maintenance_Region 1,274,YES,02129,0201830000,1891,NA,NA,0.009123190423807,3.882853251e-6,"MULTIPOLYGON (((-71.069863427999962 42.386447444000055, -71.071991931999946 42.38759903700003, -71.072273831999951 42.387014557000043, -71.072618825999939 42.384865398000045, -71.072548747999974 42.38485514100006, -71.072574187999976 42.384769022000057, -71.072632714999941 42.384778855000036, -71.072667621999983 42.384561381000026, -71.071711218999951 42.385239118000072, -71.071649198999978 42.385188382000081, -71.069863427999962 42.386447444000055)))"
Barry Playground,City of Boston,A97/PARC/Ch91/WPA,3,Charlestown,3.55132827,41 Medford Street,Open Space District,"Parks, Playgrounds & Athletic Fields",BPRD,BPRD,X,X,William. J. Barry Playground; Mystic Playground,BPRD,015,PARK_Maintenance_Region 1,15,YES,02129,0202733000,1897,NA,NA,0.00552753843751,1.57099179e-6,"MULTIPOLYGON (((-71.054233229999966 42.379931633000069, -71.054285987999947 42.379800231000047, -71.054537484999969 42.379171750000069, -71.054142258999946 42.379149850000033, -71.053376382999943 42.378739734000078, -71.052358980999941 42.379790255000046, -71.052345130999981 42.379804192000051, -71.053315874999953 42.379958310000063, -71.053358212999967 42.379910700000039, -71.053550562999988 42.379896390000056, -71.053546190999953 42.379931914000053, -71.054233229999966 42.379931633000069)))"
Doherty Playground,City of Boston,A97/USH,3,Charlestown,3.75246946,349 Bunker Hill Street,Residential District,"Parks, Playgrounds & Athletic Fields",BPRD,BPRD,X,X,NA,BPRD,087,PARK_Maintenance_Region 1,87,YES,02129,"0201465000,0201503000",0,NA,NA,0.005319465348316,1.660037617e-6,NA
St Francis De Sales Cemetery,Private,NA,4,Charlestown,1.79988946,313 Bunker Hill Street,Residential District,Cemeteries & Burying Grounds,Private,NULL,N,NA,NA,NA,NA,INFO_Reallocation From Dept,7010,NO,02129,NA,0,NA,NA,0.004262410313432,7.96237396e-7,NA
Bunker Hill Monument,United States of America,A97/NRHP/PR,1,Charlestown,3.77625126,Monument Square,Residential District,"Malls, Squares & Plazas",National Park Service,National Park Service,X,X,Monument Square,NPS,NA,INFO_Reallocation From Dept,5000,YES,02129,NA,0,NA,NA,0.005217282526268,1.670404384e-6,"MULTIPOLYGON (((-71.059843177999937 42.376613507000059, -71.061161595999977 42.377071727000043, -71.061511744999962 42.376405240000054, -71.061731514999963 42.376001095000049, -71.060416794999981 42.375541467000062, -71.059843177999937 42.376613507000059)))"
Phipps Street Burying Ground,City of Boston,Ch114S7/A97,4,Charlestown,1.72179035,25 Phipps Street,Residential District,Cemeteries & Burying Grounds,BPRD,BPRD,X,A,NA,BPRD,238,PARK_Cemetery Maintenance Request,238,YES,02129,0202341000,1630,NA,NA,0.003577986125287,7.61624377e-7,NA
Winthrop Square,City of Boston,A97,1,Charlestown,0.90085847,55 Winthrop Street,Residential District,"Malls, Squares & Plazas",BPRD,BPRD,X,X,Training Field,BPRD,326,PARK_Maintenance_Region 1,326,YES,02129,0203340000,0,NA,NA,0.002486458563371,3.98477592e-7,NA
Hayes Square,City of Boston,A97,1,Charlestown,0.17471929,45 Bunker Hill Street,Commercial/Office/Business District,"Malls, Squares & Plazas",BPRD,BPRD,X,X,NA,BPRD,148,PARK_Maintenance_Region 1,148,YES,02129,0202640000,0,NA,NA,0.001216392384528,7.7286574e-8,NA
Charlestown Sprouts Garden,City of Boston,NA,5,Charlestown,0.47658789,69 Terminal Street,Open Space District,Community Gardens,NULL,NULL,N,NA,NA,NA,NA,PARK_Maintenance_Region 1,2006,NO,02129,NA,0,NA,NA,0.001844624135383,2.10834547e-7,"MULTIPOLYGON (((-71.05801848599998 42.382028536000064, -71.058563525999944 42.382083402000035, -71.058568043999969 42.382062353000038, -71.058584048999933 42.381760712000073, -71.058497218999946 42.381719364000048, -71.058374015999959 42.381678380000039, -71.057970377999936 42.381733545000031, -71.057923188999951 42.381761721000032, -71.05792302499998 42.381785216000026, -71.058012141999939 42.382012416000066, -71.05801848599998 42.382028536000064)))"
East Boston Memorial Park I,City of Boston,A97/UPARR,3,East Boston,17.6816391,143 Porter St,Open Space District,"Parks, Playgrounds & Athletic Fields",BPRD,BPRD,X,X,Satori Stadium,BPRD,098,PARK_Maintenance_Region 1,98,YES,02128,"0104164001,0104164004,0104164003,0104164002,0104164006,0104164007,0104164008",0,NA,NA,0.02307386066532,7.820789746e-6,NA
Noyes Playground,City of Boston,A97/LWCF,3,East Boston,8.31709163,86 Boardman Street,Open Space District,"Parks, Playgrounds & Athletic Fields",BPRD,BPRD,X,X,NA,BPRD,216,PARK_Maintenance_Region 1,216,YES,02128,0100524000,1909,NA,NA,0.008657063970732,3.679681749e-6,NA
Temple Ohabei Shalom Cemetery,Private,NA,4,East Boston,2.33966572,147 Wordsworth Street,Open Space District,Cemeteries & Burying Grounds,Private,NULL,N,NA,NA,NA,NA,INFO_Reallocation From Dept,7011,NO,02128,NA,0,NA,NA,0.004092693777021,1.035037453e-6,"MULTIPOLYGON (((-71.014443128999972 42.382178065000062, -71.01419655899997 42.38235969200008, -71.014674131999982 42.383075366000071, -71.015670929999942 42.382703607000053, -71.015218129999937 42.382034316000045, -71.015062471999954 42.381810028000075, -71.015023160999988 42.38175818600007, -71.014443128999972 42.382178065000062)))"
Cuneo Park,City of Boston,A97,3,East Boston,0.23069049,765 Saratoga Street,Residential District,"Parks, Playgrounds & Athletic Fields",BPRD,BPRD,X,X,Saratoga St. Play Area,BPRD,074,PARK_Maintenance_Region 1,74,YES,02128,0100925000,1969,NA,NA,0.001304326486447,1.02056293e-7,"MULTIPOLYGON (((-71.016507615999956 42.383624879000081, -71.016673934999972 42.383869646000051, -71.017010285999959 42.38374636900005, -71.016885362999972 42.383566777000055, -71.016866380999943 42.383539959000075, -71.016841395999961 42.38350420300003, -71.016507615999956 42.383624879000081)))"
Bennington Street Cemetery,City of Boston,Ch114S7/A97,4,East Boston,3.59002437,495 Bennington Street,Open Space District,Cemeteries & Burying Grounds,BPRD,BPRD,X,A,NA,BPRD,022,PARK_Cemetery Maintenance Request,22,YES,02128,0104274000,1838,NA,NA,0.005238269937008,1.588144668e-6,"MULTIPOLYGON (((-71.019968727999981 42.38080328500007, -71.020131571999968 42.381042721000028, -71.020546355999954 42.38165484600006, -71.022039534999976 42.381103240000073, -71.021455813999978 42.380252562000067, -71.019968727999981 42.38080328500007)))"
American Legion Playground,City of Boston,A97/LWCF/UPARR/PARC,3,East Boston,3.38059523,25 Glendon Street,Open Space District,"Parks, Playgrounds & Athletic Fields",BPRD,BPRD,X,X,NA,BPRD,009,PARK_Maintenance_Region 1,9,YES,02128,0100312000,1924,NA,NA,0.004932239118002,1.49552019e-6,"MULTIPOLYGON (((-71.028733409999973 42.381402843000046, -71.028892116999941 42.382502295000052, -71.030174018999958 42.38250430100004, -71.030177152999954 42.381408572000055, -71.028733409999973 42.381402843000046)))"
Prescott Square,City of Boston,A97,1,East Boston,0.27470842,2 Prescott Street,Open Space District,"Malls, Squares & Plazas",BPRD,BPRD,X,X,NA,BPRD,245,PARK_Maintenance_Region 1,245,YES,02128,0103200000,0,NA,NA,0.001626352504933,1.21524942e-7,"MULTIPOLYGON (((-71.030552000999933 42.381159880000041, -71.03055117699995 42.381268814000066, -71.031217545999937 42.38127359300006, -71.031021132999967 42.380983920000062, -71.030552000999933 42.381159880000041)))"
Putnam Square,City of Boston,A97,1,East Boston,0.26683779,70 Putnam Street,Open Space District,"Malls, Squares & Plazas",BPRD,BPRD,X,X,NA,BPRD,249,PARK_Maintenance_Region 1,249,YES,02128,0103148000,0,NA,NA,0.001634170947557,1.18041813e-7,NA
Paris Street Playground,City of Boston,A97,3,East Boston,1.28145011,115 Paris Street,Open Space District,"Parks, Playgrounds & Athletic Fields",BPRD,BPRD,X,X,NA,BPRD,226,PARK_Maintenance_Region 1,226,YES,02128,0105745000,1912,NA,NA,0.003541079032108,5.66806278e-7,NA
Brophy Park,City of Boston,A97/LWCF,3,East Boston,0.78252529,192 Webster Street,Open Space District,"Parks, Playgrounds & Athletic Fields",BPRD,BPRD,X,X,Belmont Square,BPRD,033,PARK_Maintenance_Region 1,33,YES,02128,0104724000,0,NA,NA,0.002460288665066,3.46087976e-7,"MULTIPOLYGON (((-71.033111623999957 42.365893516000028, -71.033541596999953 42.366084682000064, -71.034014667999941 42.365489882000077, -71.03358239399995 42.365299955000069, -71.033111623999957 42.365893516000028)))"
Sumner & Lamson Street Playground,City of Boston,A97,3,East Boston,0.4786594,430 Sumner Street,Open Space District,"Parks, Playgrounds & Athletic Fields",BPRD,BPRD,X,X,NA,BPRD,296,PARK_Maintenance_Region 1,296,YES,02128,0105041000,1955,NA,NA,0.002056071628403,2.11697884e-7,"MULTIPOLYGON (((-71.032016164999959 42.365926284000068, -71.032108275999974 42.365966565000065, -71.032220027999983 42.366014262000078, -71.032380641999964 42.366082826000024, -71.032525140999951 42.366144516000077, -71.03268258199995 42.366211716000066, -71.032869342999959 42.365976977000059, -71.032198850999976 42.365687364000053, -71.032016164999959 42.365926284000068)))"
Condor Street Beach,City of Boston,A97/LWCF/Ch91/WPA/AUL,6,East Boston,2.74384399,300 Condor St.,Open Space District,Urban Wilds,BCC,BPRD,X,X,NA,BCC,NA,PARK_Maintenance_Region 1,1001,YES,02128,"0103711000,0103711001",0,NA,NA,0.006596029408534,1.213853959e-6,NA
East Boston Greenway,City of Boston,A97/WPA,2,East Boston,3.50179595,44 Marginal Street,Residential District,"Parkways, Reservations & Beaches",BPRD,BPRD,X,X,Mary Ellen Welch Greenway,BPRD,097,PARK_Maintenance_Region 1,97,YES,02128,"0103918002,0103920055,0105346060,0103918055,0105381055,0105346050,0105381060",0,NA,NA,0.017334622062756,1.548830631e-6,NA
Symphony Community Park,City of Boston,A97,3,Fenway/Longwood,0.47762132,39 Edgerly Road,Commercial/Office/Business District,"Parks, Playgrounds & Athletic Fields",BPRD,BPRD,X,X,Morville Park,BPRD,298,PARK_Maintenance_Region 3,298,YES,02115,0401439000,1991,NA,NA,0.00238144279932,2.11168141e-7,NA
Edgerly Road Playground,City of Boston,A97,3,Fenway/Longwood,0.12319953,6 Edgerly Road,Special District,"Parks, Playgrounds & Athletic Fields",BPRD,BPRD,X,X,NA,BPRD,099,PARK_Maintenance_Region 3,99,YES,02115,0401438000,1991,NA,NA,9.41113750053e-4,5.4470956e-8,NA
Commonwealth Avenue Mall II,City of Boston,A97/LWCF,1,Fenway/Longwood,0.97100545,"Commonwealth Ave btwn Charlesgate West & Kenmore St, nr Kenmore T Station",Residential District,"Malls, Squares & Plazas",BPRD,BPRD,X,X,Commonwealth Ave Mall (west of Charlesgate),BPRD,063,PARK_Maintenance_Region 1,63,YES,02215,0503893500,0,NA,NA,0.004317868491188,4.29334318e-7,"MULTIPOLYGON (((-71.092943445999936 42.348904000000061, -71.092948912999987 42.349027274000036, -71.092951443999937 42.349091313000031, -71.092952447999949 42.349123748000068, -71.094889428999977 42.349085306000063, -71.094880099999955 42.34886203800005, -71.092943445999936 42.348904000000061)))"
Stony Brook Sewer Easement,Private,Sewer Easement,1,Fenway/Longwood,0.31277194,179 Hemenway Street,Residential District,"Malls, Squares & Plazas",Private,Private,N,X,Forsyth School Path,BWSC,NA,INFO_Reallocation From Dept,7015,NO,02115,NA,0,NA,NA,0.001881675978586,1.38276991e-7,"MULTIPOLYGON (((-71.091198931999941 42.341079935000039, -71.091434198999934 42.341161785000054, -71.091488200999947 42.341180491000046, -71.091893937999941 42.341320835000033, -71.091994067999963 42.341158534000044, -71.091332731999955 42.340926178000075, -71.091316758999938 42.340894930000047, -71.091198931999941 42.341079935000039)))"
Gallops Island,Commonwealth of Massachusetts,A97/Ch91/WPA,2,Harbor Islands,25.09616381,NA,Commercial/Office/Business District,"Parkways, Reservations & Beaches",DCR,NULL,X,X,NA,NA,NA,INFO_Reallocation From Dept,3007,YES,NA,NA,0,NA,NA,0.01809883309256,1.1092539735e-5,NA
Lovells Island,Commonwealth of Massachusetts,A97/Ch91/WPA,2,Harbor Islands,60.96030949,NA,Commercial/Office/Business District,"Parkways, Reservations & Beaches",DCR,NULL,X,X,NA,NA,NA,INFO_Reallocation From Dept,3008,YES,NA,NA,0,NA,NA,0.029289715645015,2.6945815044e-5,NA
Georges Island,Commonwealth of Massachusetts,A97/Ch91/WPA,2,Harbor Islands,40.45542185,NA,Commercial/Office/Business District,"Parkways, Reservations & Beaches",DCR,NULL,X,X,NA,NA,NA,INFO_Reallocation From Dept,3009,YES,NA,NA,0,NA,NA,0.017983578972265,1.7879506014e-5,NA
Thompson Island,Private,A97/CR,2,Harbor Islands,169.88711477,"Boston Harbor, west of Harbor Point, Dorchester",Commercial/Office/Business District,"Parkways, Reservations & Beaches",DCR/NPS,Private,X,L,NA,NA,NA,INFO_Reallocation From Dept,7016,YES,NA,NA,0,NA,NA,0.051687497341706,7.5077030758e-5,NA
Connell Fields/Hickey Courts,Commonwealth of Massachusetts,A97,3,Hyde Park,16.78362459,256 Reservation Road,Residential District,"Parks, Playgrounds & Athletic Fields",DCR,NULL,X,X,Smith Pond Playground,NA,NA,INFO_Reallocation From Dept,3017,YES,02136,NA,0,NA,NA,0.012614210911959,7.410191895e-6,NA
Weider Park,Commonwealth of Massachusetts,A97,3,Hyde Park,6.88371806,131 Dale Street,Residential District,"Parks, Playgrounds & Athletic Fields",DCR,NULL,X,X,Sherrin&Dale St.,NA,NA,INFO_Reallocation From Dept,3018,YES,02136,NA,0,NA,NA,0.007404792676159,3.039951347e-6,NA
Monterey Hilltop,City of Boston,A97,6,Hyde Park,6.6723789,700 Beechmont Street,Residential District,Urban Wilds,BCC,BPRD,X,X,Beechmont Footpath,BCC,NA,PARK_Maintenance_Region 4,1002,YES,"02136, 02131","1808518018,1808518016,1808518015,1808518013,1808518012,1808518022,1808518019,1808518014,1808518023,1808518020,1808518024,1808585002,1808518021,1808518017,1808527000,1808525004,1808516000,1808585006,1808525002,1808526003,1808585007,1808526002,1808585005,1808585001,1808526001,1808525003",0,NA,NA,0.015748087101898,2.946606263e-6,NA
Sherrin Woods,City of Boston,LWCF/A97/WPA,6,Hyde Park,23.9488054,1 Marston Street,Residential District,Urban Wilds,BCC,BPRD,X,X,NA,BCC,NA,PARK_Maintenance_Region 4,1003,YES,02136,"1808199001,1808200000",0,NA,NA,0.016606547654065,1.0575569244e-5,NA
Doyle Playground,Commonwealth of Massachusetts,A97,3,Hyde Park,0.94494921,940 River Street,Residential District,"Parks, Playgrounds & Athletic Fields",DCR,NULL,X,X,NA,NA,NA,INFO_Reallocation From Dept,3019,YES,02136,NA,0,NA,NA,0.004167024174118,4.17238846e-7,NA
West Street,City of Boston,A97,6,Hyde Park,2.50550925,2 West Street,Industrial District,Urban Wilds,BCC,BPRD,X,X,NA,BCC,NA,PARK_Maintenance_Region 4,1004,YES,02136,"1808754000,1808753000,1808754100",0,NA,NA,0.004524831688348,1.106228549e-6,NA
Dell Rock,City of Boston,A97,6,Hyde Park,1.30443674,40 Dell Avenue,Residential District,Urban Wilds,BPRD,BPRD,X,X,NA,BPRD,084,PARK_Maintenance_Region 4,84,YES,02136,1808897000,2004,NA,NA,0.003502924215733,5.75962506e-7,NA
Amatucci Playground,City of Boston,A97,3,Hyde Park,0.46590046,1460 Hyde Park Avenue,Commercial/Office/Business District,"Parks, Playgrounds & Athletic Fields",BPRD,BPRD,X,X,NA,BPRD,007,PARK_Maintenance_Region 4,7,YES,02136,1809365000,1958,NA,NA,0.00203103795044,2.0567706e-7,"MULTIPOLYGON (((-71.126377309999953 42.248692323000057, -71.126370927999972 42.248705329000074, -71.126719842999933 42.248800970000048, -71.126838776999989 42.248554286000058, -71.126219875999936 42.248310993000075, -71.126050823999947 42.248589667000033, -71.126040426999964 42.248586820000071, -71.126034094999966 42.248599005000074, -71.12620424499994 42.248644913000078, -71.126209357999983 42.248634510000045, -71.126377309999953 42.248692323000057)))"
Moynihan Playground,Commonwealth of Massachusetts,A97,3,Hyde Park,7.18634638,920 Truman Parkway,Residential District,"Parks, Playgrounds & Athletic Fields",DCR,NULL,X,X,NA,NA,NA,INFO_Reallocation From Dept,3020,YES,02136,NA,0,NA,NA,0.008156888036163,3.172275305e-6,NA
Iacono/Readville Playground,City of Boston,A97,3,Hyde Park,4.91445698,150 Readville Street,Residential District,"Parks, Playgrounds & Athletic Fields",BPRD,BPRD,X,X,NA,BPRD,160,PARK_Maintenance_Region 4,160,YES,02136,1812720000,1924,NA,NA,0.006738243880963,2.169240608e-6,NA
Camp Meigs,Commonwealth of Massachusetts,A97/ACEC,3,Hyde Park,2.86609263,11 Stanbro Street,Residential District,"Parks, Playgrounds & Athletic Fields",DCR,NULL,X,X,NA,NA,NA,INFO_Reallocation From Dept,3021,YES,02136,NA,0,NA,NA,0.005076706228951,1.264995468e-6,NA
Jeremiah Hurley Memorial Park,City of Boston,A97,1,Hyde Park,0.07297276,0 (Zero) Wolcott Square,Commercial/Office/Business District,"Malls, Squares & Plazas",BPRD,BPRD,X,X,Wolcott Square,BPRD,166,PARK_Maintenance_Region 4,166,YES,02136,1809488500,0,NA,NA,8.30583279142e-4,3.2208897e-8,"MULTIPOLYGON (((-71.132193115999939 42.237344594000035, -71.132352753999953 42.237548795000066, -71.132385124999985 42.237548147000041, -71.132526299999938 42.237447882000026, -71.132524399999966 42.237426830000061, -71.132204275999982 42.237338617000034, -71.132193115999939 42.237344594000035)))"
Stony Brook Recreation Complex,Commonwealth of Massachusetts,A97,3,Hyde Park,27.39579768,Corner Turtle Pond Parkway & River Street,Residential District,"Parks, Playgrounds & Athletic Fields",DCR,NULL,X,X,Kelly/Factory Hill (Lawler)/Bajko/Olsen,NA,NA,INFO_Reallocation From Dept,3022,YES,02136,NA,0,NA,NA,0.01762481692795,1.2094189241e-5,NA
Williams Square,City of Boston,A97,1,Hyde Park,0.03806012,140 Williams Avenue,Residential District,"Malls, Squares & Plazas",BPRD,BPRD,X,X,NA,BPRD,321,PARK_Maintenance_Region 4,321,YES,02136,ROW,0,NA,NA,6.12805933477e-4,1.6801337e-8,NA
Dana Avenue Urban Wild,Commonwealth of Massachusetts,A97,6,Hyde Park,0.77727645,NA,Industrial District,Urban Wilds,DCR,NULL,X,X,NA,NA,NA,INFO_Reallocation From Dept,3023,YES,02136,NA,0,NA,NA,0.004520947330264,3.43156028e-7,NA
Mother Brook Reservation,Commonwealth of Massachusetts,A97,2,Hyde Park,30.3932866,NA,Residential District,"Parkways, Reservations & Beaches",DCR,NULL,X,X,Mill Pond Reservation,NA,NA,INFO_Reallocation From Dept,3024,YES,02136,NA,0,NA,NA,0.029884763996396,1.3416778869e-5,NA
Mission Hill Playground,City of Boston,A97/LWCF/PARC/UPARR,3,Mission Hill,2.76091639,60 Smith Street,Open Space District,"Parks, Playgrounds & Athletic Fields",BPRD,BPRD,X,X,Sheehy-Smith Playground,BPRD,199,PARK_Maintenance_Region 3,199,YES,02120,1000011000,1913,NA,NA,0.004980024209073,1.220447456e-6,NA
Gibbons Playground,City of Boston,A97,3,Mission Hill,0.10489913,23 Delle Avenue,Open Space District,"Parks, Playgrounds & Athletic Fields",BPRD,BPRD,X,X,Delle Avenue Playground,BPRD,133,PARK_Maintenance_Region 3,133,YES,02120,"1000532000,1000531000,1000530000",0,NA,NA,8.96274863519e-4,4.6368668e-8,"MULTIPOLYGON (((-71.098229191999962 42.331262441000035, -71.098278419999986 42.331280149000065, -71.098333600999979 42.331299534000038, -71.098376731999963 42.331314772000042, -71.098535968999954 42.331085727000072, -71.098493660999964 42.33106932000004, -71.098439285999973 42.331048757000076, -71.09836306699998 42.331020943000055, -71.098229191999962 42.331262441000035)))"
Mozart Street Playground,City of Boston,A97/LWCF/UPARR,3,Jamaica Plain,0.80633748,10 Mozart Street,Open Space District,"Parks, Playgrounds & Athletic Fields",BPRD,BPRD,X,X,Holland Plgd,BPRD,209,PARK_Maintenance_Region 3,209,YES,02130,1002268000,1959,NA,NA,0.002395462157182,3.56377569e-7,"MULTIPOLYGON (((-71.104477503999988 42.322046334000049, -71.10435139599997 42.322055713000054, -71.104231238999944 42.322064213000033, -71.104178437999963 42.32206853200006, -71.104194399999983 42.322193278000043, -71.104212836999977 42.322329646000071, -71.104219648999958 42.322384948000035, -71.104236972999956 42.32250528700007, -71.104264393999983 42.322718301000066, -71.104814721999958 42.322656094000081, -71.104729835999933 42.322028476000071, -71.104477503999988 42.322046334000049)))"
Beecher Street Play Area,City of Boston,A97,3,Jamaica Plain,0.17425732,20 Beecher Street,Open Space District,"Parks, Playgrounds & Athletic Fields",BPRD,BPRD,X,X,NA,BPRD,019,PARK_Maintenance_Region 3,19,YES,02130,1900350000,0,NA,NA,0.001181728416758,7.7011601e-8,"MULTIPOLYGON (((-71.106657515999984 42.318194960000028, -71.106998679999947 42.318364572000064, -71.107126755999957 42.318232217000059, -71.10679543599997 42.318020864000061, -71.106794348999983 42.318019960000072, -71.106657515999984 42.318194960000028)))"
Lawrence Farm,Private,AP/Ch61A (Part),7,Jamaica Plain,41.16174036,NA,Conservation Protection Subdistrict,Open Land,TTOR,Private,X,N,Allandale Farm,NA,NA,INFO_Reallocation From Dept,7021,YES,02130,NA,0,NA,NA,0.020803457154464,1.818682228e-5,NA
Soldier's Monument,City of Boston,A97,1,Jamaica Plain,0.13269933,1 South Street,Open Space District,"Malls, Squares & Plazas",BPRD,BPRD,X,L,NA,BPRD,341,PARK_Maintenance_Region 3,341,YES,02130,1901530000,0,NA,NA,0.001109221786217,5.8637317e-8,NA
English H.S. Athletic Fields,City of Boston,NA,3,Jamaica Plain,7.63385649,20 Williams Street,Open Space District,"Parks, Playgrounds & Athletic Fields",BPS,BPRD,N,X,NA,BPS,107,PARK_Maintenance_Region 3,107,YES,02130,"1102534010,1102600000",0,NA,NA,0.011542861870181,3.37313993e-6,NA
Johnson Park II,MBTA,A97,3,Jamaica Plain,0.17065004,Lamartine & Green Streets,Open Space District,"Parks, Playgrounds & Athletic Fields",DCR,DCR,X,X,NA,NA,NA,INFO_Reallocation From Dept,2013,YES,02130,NA,0,NA,NA,0.001705181498332,7.5409442e-8,"MULTIPOLYGON (((-71.107355833999975 42.311483561000045, -71.10774788599997 42.310871683000073, -71.107650350999961 42.310828107000077, -71.107246569999973 42.311470891000056, -71.107312581999963 42.311466705000043, -71.107355833999975 42.311483561000045)))"
Johnson Park I,Commonwealth of Massachusetts,A97,3,Jamaica Plain,2.60107857,Lamartine & Green Streets,Open Space District,"Parks, Playgrounds & Athletic Fields",DCR,NULL,X,X,NA,NA,NA,INFO_Reallocation From Dept,3025,YES,02130,NA,0,NA,NA,0.004657747099451,1.149405352e-6,NA
Mahoney Square,City of Boston,A97,1,Jamaica Plain,0.06022025,399P Centre Street,Commercial/Office/Business District,"Malls, Squares & Plazas",BPRD,BPRD,X,X,"Hyde Sq., Centre Square",BPRD,185,PARK_Maintenance_Region 3,185,YES,02130,1900192500,0,NA,NA,5.88020210405e-4,2.6615395e-8,NA
Back of the Hill Urban Wild,City of Boston,A97/LWCF/USH,6,Mission Hill,3.71651636,60 Ellingwood Street,Open Space District,Urban Wilds,BCC,BPRD,X,X,NA,BCC,NA,PARK_Maintenance_Region 3,1005,YES,"02130, 02120",1001491100,0,NA,NA,0.008546710641577,1.642784811e-6,NA
Thetford/Evans Playground,City of Boston,A97,3,Dorchester,0.68323995,15 Evans Street,Residential District,"Parks, Playgrounds & Athletic Fields",BPRD,BPRD,X,X,NA,BPRD,302,PARK_Maintenance_Region 2,302,YES,02124,1701995000,1955,NA,NA,0.002244958892913,3.01786649e-7,NA
Woodhaven,City of Boston,A97,6,Mattapan,1.22255794,60 Woodhaven Street,Residential District,Urban Wilds,BCC,BPRD,X,X,NA,BCC,NA,PARK_Maintenance_Region 2,1006,YES,02126,"1801850000,1801851000",0,NA,NA,0.003095876015555,5.39908146e-7,"MULTIPOLYGON (((-71.095697829999949 42.271758843000043, -71.095428679999941 42.271941044000073, -71.095718462999969 42.272078324000063, -71.096253410999964 42.272332802000051, -71.096452686999953 42.272119650000036, -71.09672311199995 42.271830365000028, -71.096064657999989 42.271515556000054, -71.095697829999949 42.271758843000043)))"
Gladeside,City of Boston,A97/WPA,6,Mattapan,10.2901724,12 Gladeside Terrace,Open Space District,Urban Wilds,BCC,BPRD,X,X,NA,BCC,NA,PARK_Maintenance_Region 2,1007,YES,02126,1800113600,0,NA,NA,0.011008880751774,4.544541041e-6,NA
Willowwood Rock,City of Boston,A97,6,Dorchester,0.55885732,30 Willlowwood Street,Open Space District,Urban Wilds,BCC,BPRD,X,X,NA,BCC,NA,PARK_Maintenance_Region 2,1008,YES,02124,"1403567000,1403569000,1403570000,1403571000,1403568000",0,NA,NA,0.002071636193138,2.46855681e-7,NA
Msgr. Francis A. Ryan Park,Commonwealth of Massachusetts,A97,3,Mattapan,6.14183116,330 River Street,Open Space District,"Parks, Playgrounds & Athletic Fields",DCR,NULL,X,X,NA,NA,NA,INFO_Reallocation From Dept,3026,YES,02126,NA,0,NA,NA,0.008811760941187,2.712284603e-6,NA
Walker Playground,City of Boston,A97/UPARR/USH,3,Mattapan,5.95395056,550 Norfolk Street,Commercial/Office/Business District,"Parks, Playgrounds & Athletic Fields",BPRD,BPRD,X,X,NA,BPRD,310,PARK_Maintenance_Region 2,310,YES,02126,1800824000,1912,NA,NA,0.00793450869893,2.629649413e-6,NA
Kennedy Playground,Commonwealth of Massachusetts,A97,3,Mattapan,0.26005215,NA,Open Space District,"Parks, Playgrounds & Athletic Fields",DCR,NULL,X,X,Charles Plgd,NA,NA,INFO_Reallocation From Dept,3027,YES,02126,NA,0,NA,NA,0.00155018629771,1.14833207e-7,"MULTIPOLYGON (((-71.095779372999971 42.265474728000072, -71.095988513999941 42.265599346000045, -71.096075581999969 42.26549809800008, -71.096168577999947 42.265398581000056, -71.096266277999973 42.265302682000026, -71.096367722999958 42.265208596000036, -71.096200411999973 42.265101142000049, -71.095779372999971 42.265474728000072)))"
Forest Hills Cemetery,Private,NA,4,Jamaica Plain,245.43457462,95 Forest Hills Avenue,Open Space District,Cemeteries & Burying Grounds,Private,NULL,N,X,NA,NA,NA,INFO_Reallocation From Dept,7026,NO,02130,NA,0,NA,NA,0.055707094734548,1.08427806785e-4,NA
Walter Street Cemetery,City of Boston,Ch114S7/A97,4,Roslindale,0.86134432,155 Walter Street,Open Space District,Cemeteries & Burying Grounds,BPRD,Private,X,X,NA,BPRD,313,INFO_Reallocation From Dept,313,YES,02131,2005309000,1711,NA,NA,0.002819611023408,3.80514258e-7,"MULTIPOLYGON (((-71.129600085999982 42.292809093000074, -71.129372789999934 42.29298646400008, -71.129782244999944 42.293257621000066, -71.130393177999963 42.293585929000074, -71.130372126999987 42.293478486000026, -71.130359472999942 42.293292732000054, -71.130361525999945 42.293160027000056, -71.130357673999981 42.293117892000055, -71.129917597999963 42.292872965000072, -71.129780321999988 42.292794148000041, -71.12968852299997 42.292744386000038, -71.129600085999982 42.292809093000074)))"
Pagel Playground,City of Boston,A97/USH,3,Jamaica Plain,2.71725526,365 Hyde Park Avenue,Open Space District,"Parks, Playgrounds & Athletic Fields",BPRD,BPRD,X,X,NA,BPRD,223,PARK_Maintenance_Region 4,223,YES,02131,"1904588000,1904588001",0,NA,NA,0.004861389428001,1.200321701e-6,NA
Parkman Playground,City of Boston,A97/LWCF,3,Jamaica Plain,2.06827215,58 Wachusett Street,Open Space District,"Parks, Playgrounds & Athletic Fields",BPRD,BPRD,X,X,NA,BPRD,229,PARK_Maintenance_Region 4,229,YES,02130,1904607000,1924,NA,NA,0.004125661304331,9.13737552e-7,"MULTIPOLYGON (((-71.11230657699997 42.296209616000056, -71.112869453999963 42.296594682000034, -71.113927463999971 42.295709916000078, -71.113334519999967 42.29532385400006, -71.11230657699997 42.296209616000056)))"
Fallon Field,City of Boston,A97,3,Roslindale,7.51210011,910 South Street,Residential District,"Parks, Playgrounds & Athletic Fields",BPRD,BPRD,X,X,NA,BPRD,112,PARK_Maintenance_Region 4,112,YES,02131,2005499000,0,NA,NA,0.00799762962537,3.318334959e-6,NA
Poplar Street Play Area,City of Boston,A97,3,Roslindale,0.43611806,245 Poplar Street,Open Space District,"Parks, Playgrounds & Athletic Fields",BPRD,BPRD,X,X,Hillside Play Area,BPRD,241,PARK_Maintenance_Region 4,241,YES,02131,1804684000,1951,NA,NA,0.001987168260903,1.92625843e-7,"MULTIPOLYGON (((-71.12632322199994 42.280687432000036, -71.126244478999979 42.280761148000067, -71.126032367999983 42.280958697000074, -71.126306797999973 42.281068177000066, -71.12657685299996 42.280832776000068, -71.12670124899995 42.280729047000079, -71.126815900999986 42.280621480000036, -71.126573856999983 42.280470665000053, -71.12632322199994 42.280687432000036)))"
Delano Park,City of Boston,NA,1,Roslindale,0.20638995,2P Delano Park,Open Space District,"Malls, Squares & Plazas",NULL,BPRD,N,X,NA,BPWD,NA,PARK_Maintenance_Region 4,2015,YES,02131,1804687500,0,NA,NA,0.004111804971573,9.1156984e-8,"MULTIPOLYGON (((-71.126819035999972 42.279329227000062, -71.126803370999937 42.279333588000043, -71.125371750999989 42.280574586000057, -71.125350039999944 42.280596752000065, -71.12529337999996 42.280644734000077, -71.125329270999941 42.280664477000073, -71.125379936999934 42.280625389000079, -71.125406487999953 42.280605039000079, -71.126846397999941 42.279356055000051, -71.126847705999978 42.279339944000071, -71.126841827999954 42.279329302000065, -71.126819035999972 42.279329227000062)))"
Toll Gate Cemetery,Private,NA,4,Jamaica Plain,0.90486305,Hyde Park Avenue & Walk Hill Street,Open Space District,Cemeteries & Burying Grounds,Private,NULL,N,N,NA,NA,NA,INFO_Reallocation From Dept,7028,NO,02130,NA,0,NA,NA,0.003463653766047,3.99752185e-7,"MULTIPOLYGON (((-71.117092541999966 42.294867744000044, -71.117069500999946 42.294907821000038, -71.116845155999954 42.295289250000053, -71.117228374999968 42.295426923000036, -71.117395636999959 42.295160181000028, -71.117548499999941 42.294887989000074, -71.117688169999951 42.294611342000053, -71.117926252999951 42.294142538000074, -71.117092541999966 42.294867744000044)))"
Dudley Town Common,City of Boston,A97,1,Roxbury,0.61711737,"366-378 Dudley Street
421-425 Dudley Street",Commercial/Office/Business District,"Malls, Squares & Plazas",BPRD,BPRD,X,X,NA,BPRD,094,PARK_Maintenance_Region 5,94,YES,02119,"0802214000,0802849000,0802218000,0802850000,0802851000,0802852000,0802216000,0802213000,0802217000,0802215000",0,NA,NA,0.003053710204554,2.72762144e-7,NA
King Street Play Area,City of Boston,A97/Trust Fund,3,Roxbury,0.12529415,239 Roxbury Street,Open Space District,"Parks, Playgrounds & Athletic Fields",BPRD,Private,X,X,Play Area #4,BPRD,170,PARK_Maintenance_Region 5,170,YES,02119,0903422010,1943,NA,NA,0.001032117468859,5.5383338e-8,"MULTIPOLYGON (((-71.092963077999968 42.330241424000064, -71.092599140999937 42.330243805000066, -71.092598302999988 42.330390204000025, -71.092961847999959 42.330399526000065, -71.092963077999968 42.330241424000064)))"
Jeep Jones Park,City of Boston,A97/PARC,3,Roxbury,1.81821609,221 Roxbury Street,Open Space District,"Parks, Playgrounds & Athletic Fields",BPRD,BPRD,X,X,NA,BPRD,164,PARK_Maintenance_Region 5,164,YES,02119,"0903340000,0903338000",1991,NA,NA,0.003968523936685,8.03703822e-7,NA
Linwood Park,City of Boston,A97,1,Roxbury,0.07384483,55P Linwood Park Street,Open Space District,"Malls, Squares & Plazas",BPRD,BPRD,X,X,NA,BPRD,180,PARK_Maintenance_Region 5,180,YES,02119,0903482000,0,NA,NA,6.85532748884e-4,3.2640391e-8,NA
Kittredge Park,City of Boston,A97/PARC,1,Roxbury,0.11614302,2P Kittredge Park,Open Space District,"Malls, Squares & Plazas",BPRD,BPRD,X,X,Alvah Kittredge Park,BPRD,172,PARK_Maintenance_Region 5,172,YES,02119,0903512000,0,NA,NA,0.001019808272044,5.1336394e-8,NA
Rockledge Street Urban Wild,City of Boston,A97,6,Roxbury,0.51363731,5 Rockledge Street,Open Space District,Urban Wilds,BCC,BPRD,X,X,NA,BCC,NA,PARK_Maintenance_Region 5,1009,YES,02119,"0903698000,0903699000,0903696000,0903708000,0903697000",0,NA,NA,0.002356661113859,2.27027269e-7,NA
St James Street Park,City of Boston,A97,3,Roxbury,0.39295102,39 St. James Street,Open Space District,"Parks, Playgrounds & Athletic Fields",BPRD,BPRD,X,X,NA,BPRD,292,PARK_Maintenance_Region 5,292,YES,02119,1201230000,1966,NA,NA,0.001739689971803,1.73685263e-7,"MULTIPOLYGON (((-71.084989433999965 42.326881508000042, -71.084871867999937 42.327103664000049, -71.08520146799998 42.327209183000036, -71.085419989999934 42.326700932000051, -71.085307789999945 42.326669589000062, -71.085157042999981 42.326617226000053, -71.084989433999965 42.326881508000042)))"
Malcolm X Park,City of Boston,A97/LWCF,3,Roxbury,15.24314327,150 M L King Jr. Boulevard,Open Space District,"Parks, Playgrounds & Athletic Fields",BPRD,BPRD,X,X,Washington Park,BPRD,186,PARK_Maintenance_Region 5,186,YES,02119,"1100270000,1201732000",1991,NA,NA,0.014448442236343,6.73695151e-6,NA
Horatio Harris Park,City of Boston,A97/LWCF,3,Roxbury,2.52211019,85 Harold Street,Open Space District,"Parks, Playgrounds & Athletic Fields",BPRD,BPRD,X,X,NA,BPRD,157,PARK_Maintenance_Region 3,157,YES,02121,1203435000,1913,NA,NA,0.00426064163613,1.114632716e-6,NA
Trotter School Playground,City of Boston,A97/UPARR,3,Roxbury,1.24408976,59 Waumbeck Street,Open Space District,"Parks, Playgrounds & Athletic Fields",BPRD,BPRD,X,X,NA,BPRD,306,PARK_Maintenance_Region 5,306,YES,02121,1203276000,1973,NA,NA,0.003117687181991,5.49788589e-7,NA
Crawford Street Playground,City of Boston,A97,3,Roxbury,2.56768582,320 Walnut Avenue,Open Space District,"Parks, Playgrounds & Athletic Fields",BPRD,BPRD,X,X,NA,BPRD,073,PARK_Maintenance_Region 5,73,YES,02121,"1202983000,1202985010",1965,NA,NA,0.006810962959177,1.134718796e-6,NA
Father Jack Play Area,City of Boston,A97,3,Roxbury,0.31972416,345 Walnut Avenue,Open Space District,"Parks, Playgrounds & Athletic Fields",BPRD,BPRD,X,X,"Msgr. John Roussin Park, Walnut Park Play Area",BPRD,311,PARK_Maintenance_Region 5,311,YES,02119,1101679000,1927,NA,NA,0.0014778264879,1.41291272e-7,NA
Flaherty Playground,City of Boston,A97,3,Jamaica Plain,1.31089332,40 Cornwall Street,Open Space District,"Parks, Playgrounds & Athletic Fields",BPRD,BPRD,X,X,Cornwall,BPRD,119,PARK_Maintenance_Region 3,119,YES,02130,1102253000,1925,NA,NA,0.003172380162519,5.79278524e-7,"MULTIPOLYGON (((-71.104419495999934 42.312074084000074, -71.104990663999956 42.311534250000079, -71.104661438999983 42.311382588000072, -71.104588503999935 42.311349386000074, -71.104267365999988 42.311243126000079, -71.10424822899995 42.31123855900006, -71.104047626999943 42.311448177000045, -71.103965448999986 42.311535223000078, -71.103687540999942 42.311828302000038, -71.103688753999961 42.311828306000052, -71.104419495999934 42.312074084000074)))"
Marcella Playground,City of Boston,A97/LWCF,3,Roxbury,5.09023219,260 Highland Street,Open Space District,"Parks, Playgrounds & Athletic Fields",BPRD,BPRD,X,X,NA,BPRD,187,PARK_Maintenance_Region 5,187,YES,02119,1100868000,0,NA,NA,0.005686106729306,2.249745706e-6,NA
Highland Park,City of Boston,A97,3,Roxbury,3.6328378,58 Beech Glen Street,Open Space District,"Parks, Playgrounds & Athletic Fields",BPRD,BPRD,X,X,NA,BPRD,152,PARK_Maintenance_Region 5,152,YES,02119,"1100592000,1100591000",1888,NA,NA,0.004902311905425,1.605679521e-6,NA
Cedar Square,City of Boston,A97,3,Roxbury,0.61566323,15 Cedar Street,Open Space District,"Parks, Playgrounds & Athletic Fields",BPRD,BPRD,X,X,NA,BPRD,045,PARK_Maintenance_Region 5,45,YES,02119,0903776000,0,NA,NA,0.002132147766441,2.721157e-7,NA
Elm Hill Park,City of Boston,A97,1,Roxbury,0.11791901,21P Elm Hill Park,Open Space District,"Malls, Squares & Plazas",BPRD,BPRD,X,X,NA,BPRD,105,PARK_Maintenance_Region 5,105,YES,02121,1202695500,0,NA,NA,0.002088667036569,5.2109323e-8,NA
Quincy Street Play Area,City of Boston,A97/USH,3,Roxbury,0.54606112,65 Quincy Street,Open Space District,"Parks, Playgrounds & Athletic Fields",BPRD,BPRD,X,X,NA,BPRD,250,PARK_Maintenance_Region 5,250,YES,02121,1202881000,0,NA,NA,0.002024183649587,2.41313975e-7,"MULTIPOLYGON (((-71.079313858999967 42.314774297000042, -71.079688898999962 42.31495559800004, -71.079776565999964 42.315005136000025, -71.080128857999966 42.314671923000049, -71.079985135999948 42.314590942000052, -71.079839233999962 42.314509417000068, -71.079682813999966 42.314421505000041, -71.079313858999967 42.314774297000042)))"
Howes Playground,City of Boston,A97/UPARR/PARC,3,Roxbury,1.89271145,68 Moreland Street,Open Space District,"Parks, Playgrounds & Athletic Fields",BPRD,BPRD,X,X,Gertrude Howes Plgd,BPRD,158,PARK_Maintenance_Region 5,158,YES,02119,0802922000,1930,NA,NA,0.003955018729574,8.3654708e-7,"MULTIPOLYGON (((-71.077913695999939 42.324305244000072, -71.078077279999945 42.324379598000064, -71.078689973999985 42.32480182900008, -71.079506402999982 42.324160918000075, -71.07855516099994 42.323751415000061, -71.078320061999989 42.324052354000059, -71.078161429999966 42.323986231000049, -71.077913695999939 42.324305244000072)))"
Little Scobie Playground,City of Boston,A97,3,Roxbury,0.79442284,36 Copeland Street,Open Space District,"Parks, Playgrounds & Athletic Fields",BPRD,BPRD,X,X,NA,BPRD,181,PARK_Maintenance_Region 5,181,YES,02119,1200283000,0,NA,NA,0.002644997235854,3.51113408e-7,NA
Erie/Ellington Playground,City of Boston,A97/LWCF/OCB,3,Dorchester,0.37053053,125 Erie Street,Open Space District,"Parks, Playgrounds & Athletic Fields",BPRD,BPRD,X,X,NA,BPRD,108,PARK_Maintenance_Region 2,108,YES,02121,"1402484000,1402485000,1402483000",0,NA,NA,0.001938346267015,1.63709484e-7,"MULTIPOLYGON (((-71.083019702999934 42.301368142000058, -71.083306341999958 42.301552709000077, -71.083426832999976 42.301451666000048, -71.083560374999934 42.301339389000077, -71.083695227999954 42.30141625300007, -71.083828532999974 42.301284916000043, -71.083729155999947 42.301228395000066, -71.083520814999986 42.301104123000073, -71.083328823999977 42.30120757800006, -71.083171267999944 42.301290906000077, -71.083019702999934 42.301368142000058)))"
Puddingstone Park,City of Boston,A97,3,Dorchester,0.54822674,330 Seaver Street,Open Space District,"Parks, Playgrounds & Athletic Fields",BPRD,BPRD,X,X,NA,BPRD,247,PARK_Maintenance_Region 2,247,YES,02121,"1400829000,1400828000,1400830000,1400831000",0,NA,NA,0.002130816569949,2.42234978e-7,NA
Bynoe Park,City of Boston,A97/UPARR/USH,3,Roxbury,2.67514183,50 Orchard Park,Open Space District,"Parks, Playgrounds & Athletic Fields",BPRD,BPRD,X,X,Edna V. Bynoe Park; Orchard Park,BPRD,100,PARK_Maintenance_Region 5,100,YES,02119,0802192040,0,NA,NA,0.004561436040959,1.182462258e-6,NA
Buena Vista,City of Boston,A97,6,Roxbury,1.47774965,205 Warren Street,Open Space District,Urban Wilds,BCC,BPRD,X,X,Warren Gardens-Gendrot Trust,BCC,NA,PARK_Maintenance_Region 5,1010,YES,02119,1200493000,0,NA,NA,0.003251056215998,6.53133475e-7,NA
Madison Park H.S. Athletic Fields,City of Boston,NA,3,Roxbury,9.60644888,55 Malcolm X Boulevard,Institutional District,"Parks, Playgrounds & Athletic Fields",BPS,BPRD,N,X,NA,BPS,183,PARK_Maintenance_Region 5,183,YES,02120,0902980000,0,NA,NA,0.008396221113308,4.246448171e-6,NA
Dennis Street Park,City of Boston,A97/USH,3,Roxbury,0.68561986,138 Moreland Street,Residential District,"Parks, Playgrounds & Athletic Fields",BPRD,BPRD,X,X,Moreland Green,BPRD,085,PARK_Maintenance_Region 5,85,YES,02119,"0803088000,0803091000,0803087000,0803083000,0803082000,0803078000,0803085000,0803084000,0803079000,0803081000,0803080000,0803086000",0,NA,NA,0.002418690011895,3.03023919e-7,NA
Holborn Street Playlot,City of Boston,A97/LWCF/USH,3,Roxbury,0.14142978,6 Holborn Street,Residential District,"Parks, Playgrounds & Athletic Fields",BPRD,BPRD,X,X,NA,BPRD,155,PARK_Maintenance_Region 5,155,YES,02121,"1202854000,1202855000",0,NA,NA,0.001111543059358,6.2500859e-8,"MULTIPOLYGON (((-71.082455709999977 42.315416389000063, -71.082442195999988 42.315445140000065, -71.082717499999944 42.315505019000057, -71.082728130999953 42.315480226000034, -71.082674992999955 42.315467077000051, -71.082773444999987 42.315241463000064, -71.082552318999944 42.31519264800005, -71.082455709999977 42.315416389000063)))"
Medal of Honor Park,City of Boston,A97,1,South Boston,6.18320692,775 East First Street,Residential District,"Malls, Squares & Plazas",BPRD,BPRD,X,X,NA,BPRD,196,PARK_Maintenance_Region 6,196,YES,02127,0603699000,1897,NA,NA,0.006825713559752,2.733402624e-6,"MULTIPOLYGON (((-71.031428423999955 42.337244437000038, -71.031420914999956 42.337291581000045, -71.031467522999947 42.33732301200007, -71.031537708999963 42.337251094000067, -71.033177186999978 42.337224812000045, -71.033257164999952 42.337289238000039, -71.033304154999939 42.337268992000077, -71.033296136999979 42.337220793000029, -71.033263570999964 42.33577901700005, -71.031374334999953 42.335798070000067, -71.031428423999955 42.337244437000038)))"
Christopher Lee Playground,City of Boston,A97/LWCF,3,South Boston,5.43843989,775 East First Street,Residential District,"Parks, Playgrounds & Athletic Fields",BPRD,BPRD,X,X,M Street Plgd,BPRD,057,PARK_Maintenance_Region 6,57,YES,02127,0603699000,1897,NA,NA,0.007703396919092,2.404194368e-6,"MULTIPOLYGON (((-71.031432920999976 42.337456475000067, -71.030315902999973 42.337474244000077, -71.030346837999957 42.338162197000031, -71.033318464999979 42.338109296000027, -71.033299362999969 42.337276985000074, -71.033257118999984 42.337295540000071, -71.033173621999936 42.33723100900005, -71.031543620999969 42.337255619000075, -71.031471143999966 42.337325637000049, -71.031423275999941 42.337300504000041, -71.031432920999976 42.337456475000067)))"
Hawes Burying Ground,City of Boston,Ch114S7/A97,4,South Boston,0.24322657,301 Emerson Street,Residential District,Cemeteries & Burying Grounds,BPRD,BPRD,X,X,NA,BPRD,146,PARK_Cemetery Maintenance Request,146,YES,02127,0602574000,1816,NA,NA,0.00133290754164,1.07519158e-7,"MULTIPOLYGON (((-71.03431879599998 42.33416419100007, -71.034320646999959 42.334239241000034, -71.034328068999969 42.334459137000067, -71.034715994999942 42.334415136000075, -71.034711082999934 42.334223345000055, -71.034710133999965 42.334159176000071, -71.03431879599998 42.33416419100007)))"
Union Burying Ground,City of Boston,Ch114S7/A97,4,South Boston,0.12032406,650 East Fifth Street,Residential District,Cemeteries & Burying Grounds,BPRD,BPRD,X,X,NA,BPRD,307,PARK_Cemetery Maintenance Request,307,YES,02127,0602592000,1841,NA,NA,0.001055304917907,5.31896e-8,"MULTIPOLYGON (((-71.034313560999976 42.334029237000038, -71.03431879599998 42.33416419100007, -71.034710133999965 42.334159176000071, -71.03470594199996 42.334022795000067, -71.034313560999976 42.334029237000038)))"
Dorchester Heights NHS,United States of America,A97/NRHP,1,South Boston,4.40435066,NA,Residential District,"Malls, Squares & Plazas",National Park Service,NULL,X,X,Thomas Park/Telegraph Hill,NA,NA,INFO_Reallocation From Dept,5001,YES,02127,NA,0,NA,NA,0.005857541401009,1.946913629e-6,NA
Flaherty Park,City of Boston,A97,3,South Boston,0.25203993,130 B Street,Open Space District,"Parks, Playgrounds & Athletic Fields",BPRD,BPRD,X,X,NA,BPRD,118,PARK_Maintenance_Region 6,118,YES,02127,0601252000,1909,NA,NA,0.001374720145285,1.11428259e-7,"MULTIPOLYGON (((-71.052777964999962 42.341871123000033, -71.053100772999983 42.342073658000061, -71.053333764999934 42.341877993000026, -71.053016820999972 42.341671655000027, -71.052777964999962 42.341871123000033)))"
Buckley Playground,City of Boston,A97,3,South Boston,0.64952398,210 West Third Street,Open Space District,"Parks, Playgrounds & Athletic Fields",BPRD,BPRD,X,X,NA,BPRD,035,PARK_Maintenance_Region 6,35,YES,02127,0601560000,1952,NA,NA,0.002519601532083,2.87146767e-7,"MULTIPOLYGON (((-71.048610456999938 42.339188859000046, -71.049392713999964 42.339696137000033, -71.049542061999944 42.33956801800008, -71.049636863999979 42.33948653300007, -71.048854994999942 42.338980838000055, -71.04873422199995 42.339083622000032, -71.048728650999976 42.339080009000043, -71.048719176999953 42.339088064000066, -71.048724747999984 42.339091678000045, -71.048610456999938 42.339188859000046)))"
Ronan Park,City of Boston,A97/LWCF/USH,3,Dorchester,11.24136867,92 Mt. Ida Road,Residential District,"Parks, Playgrounds & Athletic Fields",BPRD,BPRD,X,X,NA,BPRD,268,PARK_Maintenance_Region 2,268,YES,02122,1501590000,1912,NA,NA,0.010518407462259,4.966948963e-6,NA
Mt. Bowdoin Green,City of Boston,A97,1,Dorchester,0.53822488,18 Bowdoin Avenue,Residential District,"Malls, Squares & Plazas",BPRD,BPRD,X,X,NA,BPRD,206,PARK_Maintenance_Region 2,206,YES,02121,1401202000,0,NA,NA,0.001931076374462,2.37805719e-7,NA
Byrne Playground,City of Boston,A97,3,Dorchester,1.18864924,23 Everett Street,Residential District,"Parks, Playgrounds & Athletic Fields",BPRD,BPRD,X,X,NA,BPRD,039,PARK_Maintenance_Region 2,39,YES,02122,1600085000,1939,NA,NA,0.00333415316366,5.25170891e-7,NA
Doherty/Gibson Playground,City of Boston,A97,3,Dorchester,5.72676439,1545 Dorchester Avenue,Open Space District,"Parks, Playgrounds & Athletic Fields",BPRD,BPRD,X,X,Townfield,BPRD,088,PARK_Maintenance_Region 2,88,YES,02124,1600740000,1897,NA,NA,0.006402009685088,2.530072855e-6,NA
Wellesley Park,City of Boston,A97,3,Dorchester,0.7134476,25 Wellesley Park,Residential District,"Parks, Playgrounds & Athletic Fields",BPRD,BPRD,X,X,NA,BPRD,316,PARK_Maintenance_Region 2,316,YES,02124,1702486000,0,NA,NA,0.002637319069807,3.1519229e-7,NA
McMorrow Playground,Commonwealth of Massachusetts,A97,3,Dorchester,5.23231695,69-81 Victory Road,Industrial District,"Parks, Playgrounds & Athletic Fields",DCR,NULL,X,X,NA,NA,NA,INFO_Reallocation From Dept,3029,YES,02122,NA,0,NA,NA,0.007742155004787,2.311548344e-6,NA
Hemenway Playground,City of Boston,A97/UPARR,3,Dorchester,4.39558928,540 Adams Street,Residential District,"Parks, Playgrounds & Athletic Fields",BPRD,BPRD,X,X,NA,BPRD,151,PARK_Maintenance_Region 2,151,YES,02122,1602003000,1919,NA,NA,0.0057321099398,1.941779385e-6,NA
Rev. Loesch Family Park,City of Boston,A97/UPARR/PARC,3,Dorchester,2.25172789,20 Wainwright Street,Residential District,"Parks, Playgrounds & Athletic Fields",BPRD,BPRD,X,X,Cronin/Wainwright Park,BPRD,257,PARK_Maintenance_Region 2,257,YES,02124,1601398000,1899,NA,NA,0.004016441437449,9.94704891e-7,"MULTIPOLYGON (((-71.066062167999974 42.291217801000073, -71.066262328999983 42.291179032000059, -71.066263741999933 42.291183899000032, -71.066406136999944 42.291142188000038, -71.066643032999934 42.291072789000054, -71.066833047999978 42.29101713700004, -71.067205734999959 42.290907962000063, -71.066808950999985 42.29010075900004, -71.065801416999989 42.290374916000076, -71.066062167999974 42.291217801000073)))"
Codman Burying Ground,Private,NA,4,Dorchester,2.62545438,75 Norfolk Street,Residential District,Cemeteries & Burying Grounds,Private,NULL,N,N,NA,NA,NA,INFO_Reallocation From Dept,7032,NO,02124,NA,0,NA,NA,0.004489118352424,1.159777261e-6,"MULTIPOLYGON (((-71.075205560999962 42.28883711800006, -71.073859342999981 42.289151110000034, -71.074010523999959 42.289515213000072, -71.074173518999942 42.28990789900007, -71.074192700999959 42.289904369000055, -71.074388563999946 42.289863231000027, -71.075273017999962 42.289681132000055, -71.075556670999958 42.289621589000035, -71.075223536999943 42.288832683000066, -71.075205560999962 42.28883711800006)))"
Walsh Playground,City of Boston,A97/LWCF,3,Mattapan,6.94624866,1005 Washington Street,Residential District,"Parks, Playgrounds & Athletic Fields",BPRD,BPRD,X,X,NA,BPRD,312,PARK_Maintenance_Region 2,312,YES,"02126, 02124",1703276000,1946,NA,NA,0.007681679245105,3.067856408e-6,NA
Dorchester South Burying Ground,City of Boston,Ch114S7/A97,4,Dorchester,1.93328289,2095 Dorchester Avenue,Open Space District,Cemeteries & Burying Grounds,BPRD,BPRD,X,X,NA,BPRD,091,PARK_Cemetery Maintenance Request,91,YES,02124,1704193000,1814,NA,NA,0.004179484289662,8.53869258e-7,NA
Dorchester Park,City of Boston,A97/USH,3,Dorchester,27.29972652,2180 Dorchester Avenue,Open Space District,"Parks, Playgrounds & Athletic Fields",BPRD,BPRD,X,X,NA,BPRD,090,PARK_Maintenance_Region 2,90,YES,02124,1605016000,1891,NA,NA,0.021275225038476,1.2057024325e-5,NA
Gallivan/Hallet Circle,Commonwealth of Massachusetts,A97,1,Dorchester,0.47803094,NA,Commercial/Office/Business District,"Malls, Squares & Plazas",DCR,NULL,X,X,NA,NA,NA,INFO_Reallocation From Dept,3030,YES,02122,1604206000,0,NA,NA,0.002228461486622,2.11150018e-7,NA
Toohig Playground,Commonwealth of Massachusetts,A97,3,Dorchester,2.12441835,630 Gallivan Boulevard,Residential District,"Parks, Playgrounds & Athletic Fields",DCR,NULL,X,X,NA,NA,NA,INFO_Reallocation From Dept,3031,YES,02122,NA,0,NA,NA,0.004868698448573,9.38368665e-7,NA
Martin/Hilltop Playground,City of Boston,A97,3,Dorchester,1.31399534,95 Myrtlebank Avenue,Residential District,"Parks, Playgrounds & Athletic Fields",BPRD,BPRD,X,X,NA,BPRD,189,PARK_Maintenance_Region 2,189,YES,02124,1604367000,1979,NA,NA,0.003125877655168,5.80359113e-7,"MULTIPOLYGON (((-71.052669419999972 42.279231135000032, -71.053047908999986 42.280090795000035, -71.05336590099995 42.280010033000053, -71.053676916999962 42.279931026000042, -71.053320956999983 42.279128401000037, -71.052669419999972 42.279231135000032)))"
10 Josephine Street Garden,Private,PDR/Land Trust,5,Dorchester,0.06909016,10 Josephine Street,Residential District,Community Gardens,TTOR,NULL,N,N,NA,NA,NA,INFO_Reallocation From Dept,7208,NO,02122,NA,0,NA,NA,7.18630665436e-4,3.0525414e-8,"MULTIPOLYGON (((-71.065363165999941 42.300475499000072, -71.065453030999947 42.300670034000063, -71.065593709999973 42.300635004000071, -71.065503845999956 42.300440379000065, -71.065363165999941 42.300475499000072)))"
Mother's Rest at Four Corners,City of Boston,A97/LWCF/USH,3,Dorchester,1.14620691,410 Washington Street,Residential District,"Parks, Playgrounds & Athletic Fields",BPRD,BPRD,X,X,NA,BPRD,205,PARK_Maintenance_Region 2,205,YES,02124,"1702437000,1702438000,1702436000,1702439000",0,NA,NA,0.003236730548046,5.06393017e-7,NA
Ripley Playground,City of Boston,A97/UPARR/PARC,3,Dorchester,0.84612761,25 Ripley Road,Residential District,"Parks, Playgrounds & Athletic Fields",BPRD,BPRD,X,X,NA,BPRD,261,PARK_Maintenance_Region 2,261,YES,02121,1401485000,1913,NA,NA,0.002836613482146,3.73829933e-7,NA
Garvey Playground,City of Boston,A97,3,Dorchester,5.26426928,340 Neposet Avenue,Residential District,"Parks, Playgrounds & Athletic Fields",BPRD,BPRD,X,X,William H. Garvey Playground,BPRD,130,PARK_Maintenance_Region 2,130,YES,02122,1602436000,1896,NA,NA,0.006440757622911,2.325398187e-6,NA
Ventura Playground,Commonwealth of Massachusetts,A97,3,Dorchester,1.31002006,NA,Open Space District,"Parks, Playgrounds & Athletic Fields",DCR,NULL,X,X,NA,NA,NA,INFO_Reallocation From Dept,3032,YES,02124,NA,0,NA,NA,0.00371160638922,5.78521588e-7,NA
Geneva Cliffs,City of Boston,A97,6,Dorchester,1.79844474,275 Geneva Avenue,Residential District,Urban Wilds,BCC,BPRD,X,X,NA,BCC,NA,PARK_Maintenance_Region 2,1011,YES,02121,"1401390000,1401389000",0,NA,NA,0.004344092248442,7.94627705e-7,NA
Hayes Park,City of Boston,A97,3,South End,0.27519303,158 Warren Avenue,Residential District,"Parks, Playgrounds & Athletic Fields",BPRD,BPRD,X,X,NA,BPRD,147,PARK_Maintenance_Region 6,147,YES,02116,0400302000,1991,NA,NA,0.001414726481414,1.21668042e-7,"MULTIPOLYGON (((-71.075231712999937 42.343664426000032, -71.075353277999966 42.343946961000029, -71.075742308999963 42.343840287000035, -71.075609850999967 42.343558758000029, -71.075231712999937 42.343664426000032)))"
Rotch Playground,City of Boston,A97,3,South End,2.74607709,30 Randolph Street,Industrial District,"Parks, Playgrounds & Athletic Fields",BPRD,BPRD,X,X,NA,BPRD,272,PARK_Maintenance_Region 6,272,YES,02118,0306535000,1903,NA,NA,0.004644381276672,1.214051444e-6,"MULTIPOLYGON (((-71.063233698999966 42.341764092000062, -71.06461399899996 42.342240721000053, -71.064719710999952 42.342062863000081, -71.064949274999947 42.34168065700004, -71.064968796999949 42.341647780000073, -71.065041718999964 42.34152597700006, -71.063578652999979 42.341033914000036, -71.063233698999966 42.341764092000062)))"
Ringgold Park,City of Boston,A97,3,South End,0.44552467,10 Ringgold Street,Residential District,"Parks, Playgrounds & Athletic Fields",BPRD,BPRD,X,X,"Hanson St. Play Area, Ringgold St. Play Area",BPRD,260,PARK_Maintenance_Region 6,260,YES,02118,"0305913000,0305912000,0305911000",1965,NA,NA,0.001974644730041,1.96973431e-7,"MULTIPOLYGON (((-71.069770310999957 42.343304001000035, -71.070043837999947 42.343485250000072, -71.070096232999958 42.34352018800007, -71.070155898999985 42.343559443000061, -71.070354110999972 42.343410639000069, -71.070309407999957 42.343373995000036, -71.070262813999989 42.343335471000046, -71.070479580999972 42.343182987000034, -71.070246289999943 42.342983333000063, -71.069770310999957 42.343304001000035)))"
Blackstone Square,City of Boston,A97,1,South End,2.44463805,1535 Washington Street,Residential District,"Malls, Squares & Plazas",BPRD,BPRD,X,X,NA,BPRD,024,PARK_Maintenance_Region 6,24,YES,02118,0900348000,1855,NA,NA,0.004276456435734,1.080751802e-6,"MULTIPOLYGON (((-71.072707101999981 42.339679542000056, -71.073441504999948 42.340294379000056, -71.074433165999949 42.339650292000044, -71.073682967999957 42.339038014000039, -71.072707101999981 42.339679542000056)))"
Franklin Square,City of Boston,A97/LWCF,1,South End,2.48301085,1530 Washington Street,Residential District,"Malls, Squares & Plazas",BPRD,BPRD,X,X,NA,BPRD,126,PARK_Maintenance_Region 6,126,YES,02118,0801384000,1849,NA,NA,0.004299259691161,1.097699763e-6,"MULTIPOLYGON (((-71.071668043999978 42.338826115000074, -71.072413281999957 42.339450812000052, -71.073394083999972 42.338796881000064, -71.072648946999948 42.33817489200004, -71.071668043999978 42.338826115000074)))"
South End South Burying Ground,City of Boston,Ch114S7/A97,4,South End,1.47010273,1620 Washington Street,Residential District,Cemeteries & Burying Grounds,BPRD,BPRD,X,X,NA,BPRD,286,PARK_Cemetery Maintenance Request,286,YES,02118,0801390000,1810,NA,NA,0.003826948039231,6.49899574e-7,NA
Worcester Square,City of Boston,A97,1,South End,0.34378497,1P Worcester Square,Residential District,"Malls, Squares & Plazas",BPRD,BPRD,X,X,NA,BPRD,330,PARK_Maintenance_Region 6,330,YES,02118,0801504500,0,NA,NA,0.002284221061535,1.51977189e-7,NA
Carter Playground,City of Boston,A97/LWCF,3,Roxbury,5.02435775,709 Columbus Avenue,Open Space District,"Parks, Playgrounds & Athletic Fields",BPRD,BPRD,X,X,NA,BPRD,043,PARK_Maintenance_Region 6,43,YES,02118,0901346000,1899,NA,NA,0.006788223841325,2.221194985e-6,NA
Titus Sparrow Park,City of Boston,A97,3,South End,1.79889599,75 West Rutland Square,Residential District,"Parks, Playgrounds & Athletic Fields",BPRD,BPRD,X,X,NA,BPRD,304,PARK_Maintenance_Region 6,304,YES,02118,"0400830000,0402424000",1991,NA,NA,0.004722791763123,7.95322248e-7,NA
Waltham Square,City of Boston,A97,1,South End,0.1184149,2 Waltham Street,Industrial District,"Malls, Squares & Plazas",BPRD,BPRD,X,X,NA,BPRD,314,PARK_Maintenance_Region 6,314,YES,02118,0306501000,0,NA,NA,0.001142249924757,5.2350974e-8,NA
Harriet Tubman Square,City of Boston,A97,1,South End,0.14178608,450 Columbus Avenue,Open Space District,"Malls, Squares & Plazas",BPRD,BPRD,X,X,"Tubman Sq, Columbus Square",BPRD,144,PARK_Maintenance_Region 6,144,YES,02116,ROW,0,NA,NA,0.001216040609551,6.2686179e-8,NA
Concord Square,City of Boston,A97,1,South End,0.14956334,1P Concord Square,Residential District,"Malls, Squares & Plazas",BPRD,BPRD,X,X,NA,BPRD,065,PARK_Maintenance_Region 6,65,YES,02118,0402633500,0,NA,NA,0.002789949095388,6.6122653e-8,NA
Ramsay Park,City of Boston,A97/UPARR/USH,3,Roxbury,5.49386498,1917 Washington Street,Open Space District,"Parks, Playgrounds & Athletic Fields",BPRD,BPRD,X,X,NA,BPRD,254,PARK_Maintenance_Region 6,254,YES,02118,0901480000,1991,NA,NA,0.00663560500493,2.428591659e-6,NA
Commonwealth Avenue Outbound,City of Boston,NA,2,Allston-Brighton,5.52825876,NA,Commercial/Office/Business District,"Parkways, Reservations & Beaches",PWD,PWD,N,X,NA,BPWD,NA,INFO_Reallocation From Dept,2027,YES,"02134, 02135, 02215",NA,0,NA,NA,0.118969529415549,2.444236182e-6,NA
Commonwealth Plaza,MassDOT,NA,1,Allston-Brighton,0.15674678,815 Commonwealth Avenue,Institutional District,"Malls, Squares & Plazas",Private,Private,N,X,NA,NA,NA,INFO_Reallocation From Dept,4044,NO,02215,NA,0,NA,NA,0.001551983549145,6.9308512e-8,"MULTIPOLYGON (((-71.112838078999971 42.351193211000066, -71.112882661999947 42.350988455000049, -71.112223624999956 42.350906019000035, -71.112838078999971 42.351193211000066)))"
Chester Square,City of Boston,A97,1,South End,0.89020418,544P Massachusetts Avenue,Residential District,"Malls, Squares & Plazas",BPRD,BPRD,X,X,Chester Park,BPRD,053,PARK_Maintenance_Region 6,53,YES,02118,0900955000,0,NA,NA,0.005389716421058,3.93542065e-7,NA
Msgr. Reynolds Playground,City of Boston,A97,3,South End,0.32092657,5 Msgr. Reynolds Way,Residential District,"Parks, Playgrounds & Athletic Fields",BPRD,BPRD,X,X,NA,BPRD,202,PARK_Maintenance_Region 6,202,YES,02118,0801208000,0,NA,NA,0.001548723380026,1.41880183e-7,"MULTIPOLYGON (((-71.070337891999941 42.340385464000065, -71.070269413999938 42.34050274100008, -71.070656134999979 42.340617689000055, -71.070905594999942 42.340450599000064, -71.070610530999943 42.340206372000068, -71.070337891999941 42.340385464000065)))"
Rutland Square,City of Boston,A97,1,South End,0.15582012,1P Rutland Square,Residential District,"Malls, Squares & Plazas",BPRD,BPRD,X,X,NA,BPRD,273,PARK_Maintenance_Region 6,273,YES,02118,0402731500,0,NA,NA,0.00289121423195,6.8888887e-8,NA
Hiscock Park,City of Boston,A97,3,South End,0.10575768,168 West Newton Street,Residential District,"Parks, Playgrounds & Athletic Fields",BPRD,BPRD,X,X,NA,BPRD,153,PARK_Maintenance_Region 6,153,YES,02118,"0402770000,0402771000",1991,NA,NA,9.37382955465e-4,4.6756534e-8,"MULTIPOLYGON (((-71.078000962999965 42.342680491000067, -71.078044389999945 42.342724910000072, -71.07812759899997 42.34280990700006, -71.078371945999947 42.342615816000034, -71.078331421999962 42.342574316000025, -71.078287991999957 42.34252989600003, -71.078000962999965 42.342680491000067)))"
Billings Field,City of Boston,A97/LWCF,3,West Roxbury,10.7760016,369 LaGrange Street,Open Space District,"Parks, Playgrounds & Athletic Fields",BPRD,BPRD,X,X,NA,BPRD,023,PARK_Maintenance_Region 4,23,YES,02132,2002297000,1896,NA,NA,0.008707794488251,4.759632932e-6,NA
Mount Benedict Cemetery,Private,NA,4,West Roxbury,79.31404306,409 Corey Street,Conservation Protection Subdistrict,Cemeteries & Burying Grounds,Private,NULL,N,NA,NA,NA,NA,INFO_Reallocation From Dept,7039,NO,"02132, 02467",NA,0,NA,NA,0.035870965221827,3.5040584627e-5,NA
Mount Lebanon Cemetery,Private,NA,4,West Roxbury,48.71767946,882 Baker Street,Open Space District,Cemeteries & Burying Grounds,Private,NULL,N,X,NA,NA,NA,INFO_Reallocation From Dept,7040,NO,02132,NA,0,NA,NA,0.051688057824142,2.1521029158e-5,NA
Gethsemane Cemetery,Private,NA,4,West Roxbury,20.84240184,670 Baker Street,Open Space District,Cemeteries & Burying Grounds,Private,NULL,N,NA,NA,NA,NA,INFO_Reallocation From Dept,7041,NO,02132,NA,0,NA,NA,0.012278612859803,9.206603905e-6,NA
Hancock Woods,Commonwealth of Massachusetts,A97/WPA,2,West Roxbury,45.95351297,NA,Conservation Protection Subdistrict,"Parkways, Reservations & Beaches",DCR,NULL,X,X,NA,NA,NA,INFO_Reallocation From Dept,3033,YES,"02132, 02467",NA,0,NA,NA,0.026174176898199,2.0302172991e-5,NA
Sawmill Brook/Brook Farm,Commonwealth of Massachusetts,A97/NRHP/WPA,2,West Roxbury,149.44317926,NA,Open Space District,"Parkways, Reservations & Beaches",DCR,NULL,X,X,NA,NA,NA,INFO_Reallocation From Dept,3034,YES,02132,NA,0,NA,NA,0.058711130999027,6.6012960284e-5,NA
Congregation Mishkan Tefia Cemetery,Private,NA,4,West Roxbury,9.5877148,2605 Centre Street,Open Space District,Cemeteries & Burying Grounds,Private,NULL,N,NA,NA,NA,NA,INFO_Reallocation From Dept,7044,NO,02132,NA,0,NA,NA,0.009590263752274,4.233415742e-6,NA
Draper Playground,City of Boston,A97,3,West Roxbury,5.86258113,5265 Washington Street,Open Space District,"Parks, Playgrounds & Athletic Fields",BPRD,BPRD,X,X,NA,BPRD,093,PARK_Maintenance_Region 4,93,YES,02132,"2010812000,2010802000",1932,NA,NA,0.007909745391442,2.58856767e-6,NA
Westerly Burying Ground,City of Boston,Ch114S7/A97/NRHP,4,West Roxbury,0.90354091,2015 Centre Street,Open Space District,Cemeteries & Burying Grounds,BPRD,BPRD,X,X,NA,BPRD,320,PARK_Cemetery Maintenance Request,320,YES,02132,2008808000,1683,NA,NA,0.003178298535765,3.99082904e-7,"MULTIPOLYGON (((-71.158240383999953 42.281207272000074, -71.158174493999979 42.281419997000057, -71.158164776999968 42.281445807000068, -71.158804524999937 42.281632180000031, -71.159064399999977 42.281936803000065, -71.159066805999942 42.281940322000025, -71.159431818999963 42.281677707000028, -71.159388821999983 42.281647239000051, -71.158897212999989 42.281350842000052, -71.158395477999989 42.281156957000064, -71.15826614499997 42.281106605000048, -71.158240383999953 42.281207272000074)))"
Piemonte Park,City of Boston,A97,1,West Roxbury,0.08957449,205 Lasell Street,Open Space District,"Malls, Squares & Plazas",BPRD,BPRD,X,X,NA,BPRD,239,PARK_Maintenance_Region 4,239,YES,02132,2007061000,1958,NA,NA,0.001014511766415,3.9569869e-8,NA
Duffie Square,City of Boston,A97,1,West Roxbury,0.05535158,2 Stratford Street,Residential District,"Malls, Squares & Plazas",BPRD,Private,X,X,Arthur Duffie Square,BPRD,096,PARK_Maintenance_Region 4,96,YES,02132,ROW,0,NA,NA,6.96261253361e-4,2.4449585e-8,NA
St Joseph's Cemetery,Private,NA,4,West Roxbury,129.11860128,900 LaGrange Street,Conservation Protection Subdistrict,Cemeteries & Burying Grounds,Private,NULL,N,NA,NA,NA,NA,INFO_Reallocation From Dept,7046,NO,"02459, 02132, 02467",NA,0,NA,NA,0.081216003064188,5.7037335535e-5,NA
Allandale Woods I,City of Boston,A97/WPA,6,West Roxbury,48.14608575,"75 VFW Parkway  
1185 Centre Street (Right of Way)",Conservation Protection Subdistrict,Urban Wilds,BPRD,BPRD,X,X,NA,BPRD,004,PARK_Maintenance_Region 4,4,YES,"02132, 02467",2003601000,0,NA,NA,0.048052763020069,2.1270542947e-5,NA
Allandale Woods III,Private,A97/CR/WPA,6,West Roxbury,16.72569358,1215R Centre Street 200-232 Allandale Street,Conservation Protection Subdistrict,Urban Wilds,BCC,Private+BPRD,X,X,Allandale Condo CR,NA,NA,PARK_Maintenance_Region 4,1012,YES,"02130, 02132, 02467",2003590000,0,NA,NA,0.034711099910704,7.389598329e-6,NA
Bellevue Hill Reservation,Commonwealth of Massachusetts,A97,2,West Roxbury,26.66892976,43 Bellevue Hill Road,Open Space District,"Parkways, Reservations & Beaches",DCR,NULL,X,X,NA,NA,NA,INFO_Reallocation From Dept,3035,YES,02132,NA,0,NA,NA,0.013213289973088,1.1778262041e-5,NA
West Roxbury H.S. Athletic Fields,City of Boston,NA,3,West Roxbury,13.42503176,1205 VFW Parkway,Institutional District,"Parks, Playgrounds & Athletic Fields",BPS,BPRD,N,X,NA,BPS,318,PARK_Maintenance_Region 4,318,YES,02132,2008982000,0,NA,NA,0.013161712827782,5.929711091e-6,NA
Ramler Park,City of Boston,A97,3,Fenway/Longwood,0.50600381,130 Peterborough Street,Institutional District,"Parks, Playgrounds & Athletic Fields",BPRD,BPRD,X,X,Dorothy and David Ramler Park,BPRD,253,PARK_Maintenance_Region 3,253,YES,02215,2100030000,0,NA,NA,0.002016707139197,2.23709457e-7,"MULTIPOLYGON (((-71.100515329999951 42.342396714000074, -71.100339791999943 42.342442364000078, -71.100331231999974 42.342445238000039, -71.100496327999963 42.342784109000036, -71.101151568999967 42.342604202000075, -71.100925177999954 42.34237964600004, -71.100852916999941 42.342307809000033, -71.100814724999964 42.342318114000079, -71.100515329999951 42.342396714000074)))"
Fernald Rock,City of Boston,A97,6,Dorchester,0.06345168,400 Quincy Street,Residential District,Urban Wilds,BCC,BPRD,X,X,NA,BCC,NA,PARK_Maintenance_Region 2,1013,YES,02125,1502903000,0,NA,NA,7.3190029944e-4,2.8038382e-8,NA
Nashua Street Park,Commonwealth of Massachusetts,A97/Ch91/WPA,2,Downtown,2.03370002,NA,Open Space District,"Parkways, Reservations & Beaches",DCR,NULL,X,X,New Charles River Reservation,NA,NA,INFO_Reallocation From Dept,3036,YES,02114,NA,0,NA,NA,0.006372525940531,8.99472408e-7,NA
Chestnut Hill Reservoir,Commonwealth of Massachusetts,A97/NRHP/WPA,2,Allston-Brighton,115.98402625,NA,Open Space District,"Parkways, Reservations & Beaches",DCR,NULL,X,X,NA,NA,NA,INFO_Reallocation From Dept,3037,YES,"02135, 02467",NA,0,NA,NA,0.066118738630316,5.1272130039e-5,NA
Penniman Road Play Area,City of Boston,A97,3,Allston-Brighton,0.92237874,25 Penniman Road,Open Space District,"Parks, Playgrounds & Athletic Fields",BPRD,BPRD,X,X,Penniman-Hano Play Area,BPRD,234,PARK_Maintenance_Region 4,234,YES,02134,"2201783000,2201781000,2201786000,2201784000,2201782000,2201787000,2201785000",1945,NA,NA,0.003031626510888,4.07874349e-7,NA
O'Day Playground,City of Boston,A97/PARC/UPARR,3,South End,0.71771454,75 W Newton Street,Open Space District,"Parks, Playgrounds & Athletic Fields",BPRD,BPRD,X,X,NA,BPRD,219,PARK_Maintenance_Region 6,219,YES,02118,0900336000,0,NA,NA,0.002317807509168,3.17300248e-7,"MULTIPOLYGON (((-71.074864895999951 42.340650272000062, -71.075360491999959 42.341068219000078, -71.075564432999954 42.340931767000029, -71.075787618999982 42.34078467300003, -71.075294304999943 42.340370337000024, -71.074864895999951 42.340650272000062)))"
Fan Pier Plaza,United States of America,Ch91/WPA,1,South Boston,2.36341418,12 Northern Avenue,Special District,"Malls, Squares & Plazas",NULL,NULL,N,X,Courthouse Plaza,NA,NA,INFO_Reallocation From Dept,6001,YES,02210,NA,0,NA,NA,0.006796863244422,1.045089896e-6,NA
Children's Wharf Harborwalk,Private,A97/Ch91/WPA/Esmnt,1,South Boston,0.2280583,308 Congress Street,Industrial District,"Malls, Squares & Plazas",BPRD,Private,X,X,NA,Private,334,INFO_Reallocation From Dept,334,YES,02210,0602635000,1981,NA,NA,0.002339028830924,1.00842455e-7,"MULTIPOLYGON (((-71.049633063999977 42.352480582000055, -71.049720239999942 42.352518426000074, -71.050377293999986 42.35166937200006, -71.050285555999949 42.351631234000081, -71.049633063999977 42.352480582000055)))"
Martin's Park,City of Boston,A97/Ch91/WPA,3,South Boston,1.12129161,64 Sleeper Steet,Industrial District,"Parks, Playgrounds & Athletic Fields",BPRD,Private,X,X,NA,BPRD,333,INFO_Reallocation From Dept,333,YES,02210,"0602637010,0602636020,0602636000",2017,NA,NA,0.003272780432963,4.95813657e-7,NA
Braddock Park,City of Boston,A97,1,South End,0.09218726,27P Braddock Park,Residential District,"Malls, Squares & Plazas",BPRD,BPRD,X,X,Berwick Park,BPRD,029,PARK_Maintenance_Region 6,29,YES,02116,0400788500,0,NA,NA,0.001849854247431,4.0758288e-8,NA
Veterans Park,City of Boston,A97,3,East Boston,0.19887489,76-84 London Street,Open Space District,"Parks, Playgrounds & Athletic Fields",BPRD,BPRD,X,X,London & Decatur St Park II,BPRD,342,INFO_Reallocation From Dept,342,YES,02128,"0105535000,0105534000,0105538000,0105536000,0105537000,0105539000",0,NA,NA,0.001211740153781,8.7965416e-8,NA
East Boston Piers Park,Massport,Statute,3,East Boston,6.79116355,95 Marginal Street,Open Space District,"Parks, Playgrounds & Athletic Fields",COM,Massport,X,X,Piers Park,Massport,NA,INFO_Reallocation From Dept,4041,YES,02128,NA,0,NA,NA,0.011669658141987,3.003485266e-6,NA
Caldwell Street Play Area,City of Boston,A97,3,Charlestown,0.12752694,9 Caldwell Street,Industrial District,"Parks, Playgrounds & Athletic Fields",BPRD,BPRD,X,X,NA,BPRD,040,PARK_Maintenance_Region 1,40,YES,02129,"0201883000,0201884000,0201882000",1980,NA,NA,9.7348696619e-4,5.6418666e-8,"MULTIPOLYGON (((-71.077735093999934 42.385346422000055, -71.077666348999969 42.385442411000042, -71.077858787999958 42.385520505000045, -71.077928328999974 42.385423597000056, -71.077981589999979 42.385349384000051, -71.078020749999951 42.385294655000052, -71.077829624999936 42.385214274000077, -71.077788872999975 42.385271336000073, -71.077735093999934 42.385346422000055)))"
L Street Beach,City of Boston,A97/Ch91/WPA,2,South Boston,5.5714823000000004,1663 Columbia Road,Open Space District,"Parkways, Reservations & Beaches",BPRD,BCYF,X,X,Curley Community Center,BPRD,173,INFO_Reallocation From Dept,173,YES,02127,0702442000,0,NA,NA,0.010000468072418,2.46268841e-6,NA
M Street Beach,Commonwealth of Massachusetts,A97,2,South Boston,4.40304087,230 M Street,Open Space District,"Parkways, Reservations & Beaches",DCR,NULL,X,X,NA,NA,NA,INFO_Reallocation From Dept,3038,YES,02127,NA,0,NA,NA,0.01602023399219,1.946254505e-6,NA
Stonehill Park,City of Boston,A97,3,Hyde Park,0.36558755,25 Stonehill Road,Residential District,"Parks, Playgrounds & Athletic Fields",BPRD,BPRD,X,X,Coast Guard Park,BPRD,295,PARK_Maintenance_Region 4,295,YES,02136,"1812281050,1812281060,1812281040",0,NA,NA,0.001803597017346,1.6140807e-7,NA
Strandway/Castle Island,Commonwealth of Massachusetts,A97,2,South Boston,47.70342968,2010 William J Day Boulevard,Open Space District,"Parkways, Reservations & Beaches",DCR,NULL,X,X,Fort Independence; Pleasure Ba,NA,NA,INFO_Reallocation From Dept,3039,YES,02127,NA,0,NA,NA,0.079542052753689,2.1088100832e-5,NA
Marine Park,Commonwealth of Massachusetts,A97,2,South Boston,17.20141031,121123 Farragut Road,Open Space District,"Parkways, Reservations & Beaches",DCR,NULL,X,X,NA,NA,NA,INFO_Reallocation From Dept,3040,YES,02127,NA,0,NA,NA,0.016878226389283,7.604178543e-6,NA
UMass Harborwalk,Commonwealth of Massachusetts,Ch91/WPA,2,Dorchester,13.08642436,NA,Institutional District,"Parkways, Reservations & Beaches",NULL,NULL,N,X,NA,NA,NA,INFO_Reallocation From Dept,4006,YES,02125,NA,0,NA,NA,0.03328600280352,5.782892885e-6,NA
Malibu Beach,Commonwealth of Massachusetts,A97,2,Dorchester,26.11970089,68 Denny Street,Open Space District,"Parkways, Reservations & Beaches",DCR,NULL,X,X,NA,NA,NA,INFO_Reallocation From Dept,3041,YES,02125,NA,0,NA,NA,0.041893354696531,1.1541646974e-5,NA
Victory Road Park,Commonwealth of Massachusetts,A97,2,Dorchester,6.15518579,208 Victory Road,Open Space District,"Parkways, Reservations & Beaches",DCR,NULL,X,X,NA,NA,NA,INFO_Reallocation From Dept,3042,YES,02122,NA,0,NA,NA,0.009308925451552,2.719341948e-6,NA
Parkman Memorial,City of Boston,A97/GPOD,3,Jamaica Plain,6.71025809,330 Perkins Street,Open Space District,"Parks, Playgrounds & Athletic Fields",BPRD,BPRD,X,X,NA,BPRD,228,PARK_Maintenance_Region 3,228,YES,02130,1902186000,0,NA,NA,0.014606850716073,2.965506143e-6,NA
West Roxbury High School Marsh,City of Boston,WPA,7,West Roxbury,21.48685437,NA,Institutional District,Open Land,NULL,NULL,N,X,NA,NA,NA,INFO_Reallocation From Dept,2031,YES,02132,NA,0,NA,NA,0.01505583918083,9.490618897e-6,NA
West Roxbury Parkway,Commonwealth of Massachusetts,A97,2,West Roxbury,31.76357543,NA,Commercial/Office/Business District,"Parkways, Reservations & Beaches",DCR,NULL,X,X,NA,NA,NA,INFO_Reallocation From Dept,3043,YES,"02132, 02131, 02467","2006247000,2003642000,2003911000,2001600000,2004192000,2000676000",0,NA,NA,0.107150651688047,1.4030063243e-5,NA
Florida Street Reservation,City of Boston,A97,1,Dorchester,0.06797617,"Center Median, btwn King & Lonsdale Streets",Residential District,"Malls, Squares & Plazas",BPRD,BPRD,X,X,NA,BPRD,339,INFO_Reallocation From Dept,339,YES,"02124, 02122",ROW,0,NA,NA,0.002970169699862,3.0029068e-8,NA
Tenean Beach,Commonwealth of Massachusetts,A97/ACEC,2,Dorchester,8.70228069,Conley Street,Open Space District,"Parkways, Reservations & Beaches",DCR,NULL,X,X,NA,NA,NA,INFO_Reallocation From Dept,3044,YES,02122,NA,0,NA,NA,0.012511217126676,3.844296097e-6,NA
Cedar Grove Cemetery,Private,NA,4,Dorchester,54.18509151,920 Adams Street,Residential District,Cemeteries & Burying Grounds,Private,NULL,N,NA,NA,NA,NA,INFO_Reallocation From Dept,7058,NO,02124,NA,0,NA,NA,0.037004529541918,2.3931389857e-5,NA
Martini Playground,Commonwealth of Massachusetts,A97/LWCF/WPA,2,Hyde Park,5.78046171,1015 Truman Parkway,Commercial/Office/Business District,"Parkways, Reservations & Beaches",DCR,NULL,X,X,NA,NA,NA,INFO_Reallocation From Dept,3045,YES,02136,NA,0,NA,NA,0.014025451307113,2.551668602e-6,NA
Reservation Road Park,City of Boston,A97/LWCF/WPA,3,Hyde Park,9.32823164,151 Reservation Road,Industrial District,"Parks, Playgrounds & Athletic Fields",BPRD,BPRD,X,X,Mother Brook II,BPRD,256,PARK_Maintenance_Region 4,256,YES,02136,"1812162000,1812161000",0,NA,NA,0.014378820286755,4.118137687e-6,NA
Colella Playground,Commonwealth of Massachusetts,A97,3,Hyde Park,0.66053012,Readville Street at Neponset Valley Parkway,Commercial/Office/Business District,"Parks, Playgrounds & Athletic Fields",DCR,NULL,X,X,NA,NA,NA,INFO_Reallocation From Dept,3046,YES,02136,NA,0,NA,NA,0.002282752364945,2.91580005e-7,"MULTIPOLYGON (((-71.134298464999972 42.244403720000037, -71.134258414999977 42.244503742000063, -71.134227159999966 42.24459700400007, -71.134172738999951 42.24475942600003, -71.134149266999941 42.244838267000034, -71.134661178999977 42.24481568300007, -71.134994292999977 42.244454909000069, -71.134594340999968 42.244344969000053, -71.134336914999949 42.244271945000037, -71.134298464999972 42.244403720000037)))"
Neponset Valley Parkway,Commonwealth of Massachusetts,A97,2,Hyde Park,5.54016056,NA,Residential District,"Parkways, Reservations & Beaches",DCR,NULL,X,X,NA,NA,NA,INFO_Reallocation From Dept,3047,YES,02136,NA,0,NA,NA,0.027450153216855,2.445567848e-6,NA
Dooley Playground,Commonwealth of Massachusetts,A97,3,Hyde Park,0.53566357,272 Reservation Road,Residential District,"Parks, Playgrounds & Athletic Fields",DCR,NULL,X,X,NA,NA,NA,INFO_Reallocation From Dept,3048,YES,02136,NA,0,NA,NA,0.002217970139006,2.36495729e-7,"MULTIPOLYGON (((-71.133954503999973 42.254242672000032, -71.134578393999959 42.254402789000039, -71.134776002999956 42.254453385000033, -71.134902042999954 42.254181199000072, -71.134244257999967 42.254010623000056, -71.134123192999937 42.254036155000051, -71.133954503999973 42.254242672000032)))"
Stony Brook Reservation I,Commonwealth of Massachusetts,A97/Wetlands,2,Hyde Park,285.44132876,95 Turtle Pond Parkway,Residential District,"Parkways, Reservations & Beaches",DCR,NULL,X,X,NA,NA,NA,INFO_Reallocation From Dept,3049,YES,"02136, 02131",NA,0,NA,NA,0.129140591184534,1.26037000742e-4,NA
Patrick J. Kelly Park,Private,A97,3,Charlestown,0.25171836,Prospect Street,Residential District,"Parks, Playgrounds & Athletic Fields",Private,Private,X,X,Kelly/McGoff Park,NA,NA,INFO_Reallocation From Dept,7060,YES,02129,NA,0,NA,NA,0.001817464063712,1.11344828e-7,NA
Clark/Cooper Community Garden,Private,LandTrust/Statt,5,Mattapan,3.55446664,500 Walk Hill Street,Industrial District,Community Gardens,Mass Audubon Society,Community Group/Non-Profit,X,N,Clark/Cooper CG;  (part of Boston Nature Center),NA,NA,INFO_Reallocation From Dept,7061,YES,02131,NA,0,NA,NA,0.008416019901589,1.570141415e-6,NA
Kennedy Garden,Commonwealth of Massachusetts,A97,5,Mattapan,0.15964577,NA,Open Space District,Community Gardens,DCR,NULL,X,X,NA,NA,NA,INFO_Reallocation From Dept,3050,YES,02126,NA,0,NA,NA,0.001082007079859,7.0496261e-8,"MULTIPOLYGON (((-71.095559958999957 42.265649515000064, -71.09582398699996 42.265815291000081, -71.095975341999974 42.26559308800006, -71.095779326999946 42.265481930000078, -71.095559958999957 42.265649515000064)))"
White Stadium,City of Boston,NA,3,Roxbury,12.58140709,450 Walnut Street,Open Space District,"Parks, Playgrounds & Athletic Fields",White Fund,BPS,X,X,NA,BPS,NA,INFO_Reallocation From Dept,2033,YES,02121,NA,0,NA,NA,0.00932541891655,5.559503281e-6,NA
Havey Beach,Commonwealth of Massachusetts,A97/WPA,2,West Roxbury,15.19896195,1275 VFW Parkway,Open Space District,"Parkways, Reservations & Beaches",DCR,DCR,X,X,Roche Family Rink,DCR,NA,INFO_Reallocation From Dept,3051,YES,02132,NA,0,NA,NA,0.023904854588071,6.712673375e-6,NA
Millennium Park I,City of Boston,SURF/WPA,3,West Roxbury,91.65695934,300 Gardner Street,Open Space District,"Parks, Playgrounds & Athletic Fields",BPRD,BPRD,X,X,Gardner Street Park,BPRD,198,PARK_Maintenance_Region 4,198,YES,02132,"2009010000,2009226010",0,NA,NA,0.032115893675687,4.0484215123e-5,NA
South Street Mall & Courts,City of Boston,A97/Trust Fund,3,Jamaica Plain,0.42841577,52 South Street,Open Space District,"Parks, Playgrounds & Athletic Fields",BPRD,BPRD,X,X,NA,BPRD,288,PARK_Maintenance_Region 3,288,YES,02130,1901252000,0,NA,NA,0.001789551585719,1.89304523e-7,"MULTIPOLYGON (((-71.114885629999947 42.308122045000061, -71.114902780999955 42.308120538000026, -71.115217636999944 42.308094625000081, -71.115417892999972 42.30807806100006, -71.115404216999934 42.307738313000073, -71.114838819999989 42.307776430000047, -71.114885629999947 42.308122045000061)))"
First Church Cemetery,Private,NA,4,Jamaica Plain,0.62835778,6 Eliot Street,Residential District,Cemeteries & Burying Grounds,Private,NULL,N,NA,NA,NA,NA,INFO_Reallocation From Dept,7064,NO,02130,NA,0,NA,NA,0.002192233374981,2.7766424e-7,"MULTIPOLYGON (((-71.116238137999972 42.310309784000026, -71.116677237999966 42.310748794000062, -71.11709123199995 42.310566603000041, -71.116636858999982 42.310085680000043, -71.116238137999972 42.310309784000026)))"
Golden Stairs Terrace Park I,City of Boston,A97,3,East Boston,0.1704959,10 Brigham Street,Residential District,"Parks, Playgrounds & Athletic Fields",BPRD,BPRD,X,X,Terrace Park,BPRD,135,PARK_Maintenance_Region 1,135,YES,02128,"0104598000,0104599000,0104596000,0104597000",2008,NA,NA,0.001141840854881,7.5404617e-8,"MULTIPOLYGON (((-71.034020541999951 42.364769681000041, -71.033882504999951 42.364945789000046, -71.034018910999976 42.365007690000027, -71.034071997999945 42.365031662000035, -71.034134665999943 42.365060056000061, -71.034200188999932 42.365089741000077, -71.034336500999984 42.364915245000077, -71.034271334999971 42.364885223000044, -71.034209005999969 42.364856511000028, -71.034156260999964 42.364832220000039, -71.034020541999951 42.364769681000041)))"
The Rockies,City of Boston,A97,6,East Boston,0.71451403,"148 Marginal Street 
144 Marginal Street (Community Garden section)",Open Space District,Urban Wilds,BPRD,BPRD,X,X,NA,BPRD,301,PARK_Maintenance_Region 1,301,YES,02128,"0104569000,0104571000,0104564000,0104565000,0104572000,0104559000,0104574000,0104567000,0104578000,0104576000,0104560000,0104577000,0104561000,0104566000,0104562000,0104575000,0104579000,0104580000,0104573000,0104563000,0104568000,0104570000",0,NA,NA,0.004252023823071,3.16005754e-7,NA
Childe Hassam Park,City of Boston,A97,1,South End,0.06066725,324 Columbus Avenue,Residential District,"Malls, Squares & Plazas",BPRD,BPRD,X,X,Goldweitz Park,BPRD,054,PARK_Maintenance_Region 6,54,YES,02116,0400015000,1991,NA,NA,9.03628094901e-4,2.6823165e-8,"MULTIPOLYGON (((-71.074455470999965 42.346114923000073, -71.074600774999965 42.34621166800008, -71.074848952999957 42.346007707000069, -71.074455470999965 42.346114923000073)))"
Nellie Miranda Memorial Park,City of Boston,A97,3,Dorchester,0.08739218,39-41 Belden Street,Residential District,"Parks, Playgrounds & Athletic Fields",BPRD,BPRD,X,X,NA,BPRD,213,PARK_Maintenance_Region 2,213,YES,02125,"0703888000,0703887000",0,NA,NA,8.13703866719e-4,3.8622608e-8,"MULTIPOLYGON (((-71.065066532999936 42.318698446000042, -71.065029478999975 42.318757330000039, -71.065124245999982 42.318796812000073, -71.065128947999938 42.318824257000074, -71.065223598999978 42.318864658000052, -71.065282106999973 42.318786751000061, -71.065334690999975 42.318716383000037, -71.06511213899995 42.318626307000045, -71.065066532999936 42.318698446000042)))"
Grove Hall Plaza,City of Boston,A97,1,Roxbury,0.08834824,461-465 Blue Hill Avenue,Open Space District,"Malls, Squares & Plazas",BPRD,BPRD,X,X,NA,BPRD,139,PARK_Maintenance_Region 5,139,YES,02121,1202528000,0,NA,NA,9.42059693846e-4,3.903928e-8,"MULTIPOLYGON (((-71.083043988999975 42.309107148000066, -71.083366670999965 42.30924764100007, -71.08343451099995 42.309158928000045, -71.08309477499995 42.309011656000052, -71.083043988999975 42.309107148000066)))"
Chestnut Hill Reservoir Garden,Commonwealth of Massachusetts,A97,5,Allston-Brighton,0.11658676,Chestnut Hill Driveway,Open Space District,Community Gardens,DCR,NULL,X,X,NA,NA,NA,INFO_Reallocation From Dept,3052,YES,02135,NA,0,NA,NA,9.68365190407e-4,5.154039e-8,"MULTIPOLYGON (((-71.161277082999959 42.337790273000053, -71.161213411999938 42.337806200000045, -71.161155728999972 42.337814043000037, -71.161087237999936 42.337823564000075, -71.161005528999965 42.337831426000037, -71.161044242999935 42.337989181000069, -71.16117769799996 42.337971748000029, -71.161278641999957 42.337952509000047, -71.161360440999943 42.337927812000032, -71.161332477999963 42.337778912000033, -71.161277082999959 42.337790273000053)))"
Ohrenberger Play Area,City of Boston,NA,3,West Roxbury,0.67412554,175 West Boundary Road,Residential District,"Parks, Playgrounds & Athletic Fields",BPS,BCYF,N,X,NA,NA,NA,INFO_Reallocation From Dept,2038,NO,02132,NA,0,NA,NA,0.003346245522091,2.97656866e-7,NA
Wilson Square,City of Boston,NA,1,Allston-Brighton,0.05818011,40 Dunboy Street,Open Space District,"Malls, Squares & Plazas",PWD,BPRD,N,X,Frederick S. Wilson Square,PWD,NA,PARK_Maintenance_Region 4,2039,YES,02135,NA,0,NA,NA,8.15948040129e-4,2.5726444e-8,NA
Little Mystic Access Area,BRA,A97/LWCF/Ch91/WPA,3,Charlestown,2.06591106,90 Terminal Street,Special District,"Parks, Playgrounds & Athletic Fields",NULL,NULL,X,X,NA,NA,NA,INFO_Reallocation From Dept,2159,YES,02129,NA,0,NA,NA,0.007233581070608,9.13918224e-7,NA
Moakley Park,City of Boston,A97/UPARR,3,South Boston,58.77735419,1005 Columbia Road,Open Space District,"Parks, Playgrounds & Athletic Fields",BPRD,BPRD,X,X,Joe Moakley Park;  Joseph Moakley Park; Columbus Park,BPRD,200,PARK_Maintenance_Region 6,200,YES,02127,0700541000,1916,NA,NA,0.021558882728747,2.5979549218e-5,NA
Kennedy Library Harborwalk,United States of America,Ch91/WPA,1,Dorchester,3.35985808,NA,Industrial District,"Malls, Squares & Plazas",US GSA,NULL,N,X,JFK Library Harborwalk,US GSA,NA,INFO_Reallocation From Dept,6003,YES,02125,NA,0,NA,NA,0.012490590964449,1.484794155e-6,NA
Peabody Square,City of Boston,A97,1,Dorchester,0.04662536,2 Peabody Square,Commercial/Office/Business District,"Malls, Squares & Plazas",BPRD,BPRD,X,X,NA,BPRD,232,PARK_Maintenance_Region 2,232,YES,02124,ROW,0,NA,NA,6.10118612249e-4,2.0595239e-8,NA
Savin Hill Cove,Commonwealth of Massachusetts,A97/WPA,2,Dorchester,1.77457678,NA,Special District,"Parkways, Reservations & Beaches",DCR,NULL,X,X,NA,NA,NA,INFO_Reallocation From Dept,3053,YES,"02125, 02122",NA,0,NA,NA,0.008266899969741,7.84068331e-7,NA
Daniel E. O'Connor Park,City of Boston,A97,1,Dorchester,0.13515973,NA,Residential District,"Malls, Squares & Plazas",BPRD,BPRD,X,X,Doucette Square;  Port Norfolk Park,BPRD,242,PARK_Maintenance_Region 2,242,YES,02122,1602690000,0,NA,NA,0.001068765718094,5.9705005e-8,NA
Oakview Terrace,City of Boston,A97,1,Jamaica Plain,0.10008296,36P Oakview Terrace,Open Space District,"Malls, Squares & Plazas",BPRD,BPRD,X,X,NA,BPRD,218,PARK_Maintenance_Region 3,218,YES,02130,1900315500,0,NA,NA,8.42411357426e-4,4.423143e-8,NA
Belle Isle Marsh Reservation,Commonwealth of Massachusetts,A97/LWCF/WPA/Ch91/ACEC,2,East Boston,142.10335829,1399 Bennington Street,Open Space District,"Parkways, Reservations & Beaches",DCR,NULL,X,X,NA,NA,NA,INFO_Reallocation From Dept,3054,YES,02128,"0101358000,0101401000,0101402000",0,NA,NA,0.053708904050247,6.2871021499e-5,NA
Allandale Field,Private,A97/Deed Restrt,3,West Roxbury,2.62654745,19 VFW Parkway,Conservation Protection Subdistrict,"Parks, Playgrounds & Athletic Fields",BPRD,Private+BPRD,X,X,Annunciation Field,NA,NA,INFO_Reallocation From Dept,7073,YES,"02132, 02467",2003601002,0,NA,NA,0.004385599622453,1.160405532e-6,"MULTIPOLYGON (((-71.135191238999937 42.297076317000062, -71.135097599999938 42.297101233000035, -71.13507752299995 42.297106002000078, -71.135227720999978 42.298197148000042, -71.136499761999971 42.297852780000028, -71.135835483999983 42.29688236800007, -71.135191238999937 42.297076317000062)))"
Jamaicaway,City of Boston,A97/GPOD,2,Jamaica Plain,4.75006004,NA,Institutional District,"Parkways, Reservations & Beaches",DCR,DCR,X,X,NA,DCR,NA,INFO_Reallocation From Dept,2164,YES,02130,NA,0,NA,NA,0.050632759204178,2.09942833e-6,NA
Perkins Street,Commonwealth of Massachusetts,A97/GPOD,2,Jamaica Plain,0.22702084,NA,Open Space District,"Parkways, Reservations & Beaches",DCR,DCR,X,X,NA,NA,NA,INFO_Reallocation From Dept,3056,YES,02130,NA,0,NA,NA,0.004939102686267,1.00334789e-7,NA
Chestnut Street,Commonwealth of Massachusetts,A97/GPOD,2,Jamaica Plain,1.03910543,286 Chestnut Street,Conservation Protection Subdistrict,"Parkways, Reservations & Beaches",DCR,DCR,X,X,NA,NA,NA,INFO_Reallocation From Dept,3057,YES,02130,NA,0,NA,NA,0.008305511591003,4.59250275e-7,NA
Faneuil Square,City of Boston,A97,1,Downtown,0.8167891,1P Faneuil Hall Square,Open Space District,"Malls, Squares & Plazas",BPRD,BPRD,X,X,Faneuil Hall Sq.,BPRD,113,INFO_Reallocation From Dept,113,YES,02109,0303687000,0,NA,NA,0.004209403254251,3.61210443e-7,NA
Temple Street Park,City of Boston,A97/MPPF,1,Back Bay/Beacon Hill,0.06073202,46 Temple Street,Residential District,"Malls, Squares & Plazas",BPRD,Private,X,X,NA,BPRD,300,INFO_Reallocation From Dept,300,YES,02114,"0300009000,0300010000",0,NA,NA,6.66278348887e-4,2.6857513e-8,"MULTIPOLYGON (((-71.063354221999987 42.359977768000078, -71.063364580999973 42.36004938800005, -71.063367695999943 42.360121026000058, -71.063368914999955 42.360120975000029, -71.063558329999978 42.36011368700008, -71.063552222999988 42.360043860000076, -71.063545071999954 42.35997377700005, -71.063354221999987 42.359977768000078)))"
American Legion Highway,City of Boston,100,2,Multi-District,6.7274351,NA,Commercial/Office/Business District,"Parkways, Reservations & Beaches",NULL,BPRD,N,X,NA,PWD,NA,PARK_Maintenance_Region 2,2165,YES,"02126, 02121, 02124, 02131",ROW,0,NA,NA,0.08260250082924,2.971843936e-6,NA
Morton Street,Commonwealth of Massachusetts,A97,2,Multi-District,0.76096858,NA,Commercial/Office/Business District,"Parkways, Reservations & Beaches",DCR,NULL,X,X,NA,NA,NA,INFO_Reallocation From Dept,3058,YES,"02126, 02130, 02124, 02131",ROW,0,NA,NA,0.038854298101474,3.36182555e-7,NA
St Michael's Cemetery,Private,NA,4,Mattapan,46.02648035,500 Canterbury Street,Open Space District,Cemeteries & Burying Grounds,Private,NULL,N,NA,NA,NA,NA,INFO_Reallocation From Dept,7079,NO,"02130, 02131",NA,0,NA,NA,0.040215823526721,2.033147824e-5,NA
Patten's Cove,Commonwealth of Massachusetts,A97/WPA/Ch91,2,Dorchester,9.66124154,NA,Industrial District,"Parkways, Reservations & Beaches",DCR,NULL,X,X,Savin Hill Marsh; Dorchester Shores Reservation,DCR,NA,INFO_Reallocation From Dept,3059,YES,02125,NA,0,NA,NA,0.010601000607635,4.269390401e-6,NA
Leo M. Birmingham Parkway,Commonwealth of Massachusetts,A97,2,Allston-Brighton,6.98171863,NA,Commercial/Office/Business District,"Parkways, Reservations & Beaches",DCR,NULL,X,X,NA,NA,NA,INFO_Reallocation From Dept,3060,YES,02135,NA,0,NA,NA,0.06180303417755,3.087465779e-6,NA
Rivermoor II,City of Boston,A97,6,West Roxbury,1.03369126,150 Rivermoor Street,Open Space District,Urban Wilds,BCC,BPRD,X,X,NA,BCC,NA,INFO_Reallocation From Dept,2166,YES,02132,2009228020,0,NA,NA,0.003600285574893,4.56541709e-7,NA
Rivermoor III,City of Boston,A97,6,West Roxbury,0.51911583,202 Rivermoor Street,Open Space District,Urban Wilds,BCC,BPRD,X,X,202 Rivermoor St,BCC,NA,PARK_Maintenance_Region 4,1014,YES,02132,2009228030,0,NA,NA,0.00215304252762,2.29275036e-7,NA
Parley Vale Preserve,Private,A97/Easement,6,Jamaica Plain,0.72398238,18-20 Parley Street,Residential District,"Parks, Playgrounds & Athletic Fields",BCC,Private,X,N,NA,BCC,NA,INFO_Reallocation From Dept,1015,YES,02130,"1900902000,1900901000,1900903000",0,NA,NA,0.002432000967441,3.19942622e-7,NA
Condor Street Overlook,City of Boston,A97/WPA,6,East Boston,11.31528728,2 Condor Street,Open Space District,Urban Wilds,BCC,BPRD,X,X,NA,BCC,NA,PARK_Maintenance_Region 1,1016,YES,02128,0103679000,0,NA,NA,0.009521463564623,5.005811581e-6,"MULTIPOLYGON (((-71.040475733999983 42.382666690000065, -71.040192758999979 42.38266694500004, -71.040189978999933 42.382949497000027, -71.040169135999975 42.385047788000065, -71.042023825999934 42.384360504000028, -71.042928707999977 42.382343978000051, -71.042850818999966 42.382348087000025, -71.040456089999964 42.382474401000024, -71.040475733999983 42.382666690000065)))"
Truman Parkway,Commonwealth of Massachusetts,A97,2,Hyde Park,2.71500122,NA,Industrial District,"Parkways, Reservations & Beaches",DCR,NULL,X,X,NA,NA,NA,INFO_Reallocation From Dept,3061,YES,02136,NA,0,NA,NA,0.046641643436315,1.198581495e-6,NA
West Austin Rock,City of Boston,A97,6,Hyde Park,0.2962652,216 West Street,Residential District,Urban Wilds,BCC,BPRD,X,X,West and Austin Street Rock Urban Wild,BCC,NA,PARK_Maintenance_Region 4,1017,YES,02136,1811312000,0,NA,NA,0.001620529491701,1.30819066e-7,NA
Arborway Overpass Path,Commonwealth of Massachusetts,A97,2,Jamaica Plain,1.1638573,NA,Open Space District,"Parkways, Reservations & Beaches",DCR,DCR,X,X,NA,NA,NA,INFO_Reallocation From Dept,3062,YES,02130,NA,0,NA,NA,0.038735608757605,5.14222094e-7,NA
Franklin Park Zoo,City of Boston,A97/LWCF/USH,3,Roxbury,63.82551584,1 Franklin Park Road,Open Space District,"Parks, Playgrounds & Athletic Fields",DCR,Zoo New England,X,X,Zoo New England,DCR,NA,INFO_Reallocation From Dept,2167,YES,02121,1203486000,0,NA,NA,0.025296998046772,2.8201418805e-5,NA
Newland Street Park,City of Boston,A97,3,South End,0.15340986,"97 West Concord;  Playlot Entrance, 90HF Newland Street",Open Space District,"Parks, Playgrounds & Athletic Fields",BPRD,BPRD,X,X,Newland Street Playground,BPRD,348,PARK_Maintenance_Region 6,348,YES,02118,"0900427000,0900429000,0900428000",0,NA,NA,0.001169112378556,6.7820449e-8,"MULTIPOLYGON (((-71.075816232999955 42.339102642000057, -71.075722409999969 42.339168545000064, -71.07585230899997 42.339279446000035, -71.075954847999981 42.339213465000057, -71.076096199999938 42.339122505000034, -71.076197546999936 42.339057299000046, -71.076064518999942 42.338944979000075, -71.075973086999966 42.339005876000044, -71.075969248999968 42.339008426000078, -71.075860825999939 42.339080687000035, -71.075854555999967 42.339076211000076, -71.075816232999955 42.339102642000057)))"
Zero Quinn Way,City of Boston,A97,3,West Roxbury,0.032029,0 Quinn Way,Commercial/Office/Business District,"Parks, Playgrounds & Athletic Fields",BPRD,BPRD,X,X,NA,BPRD,331,INFO_Reallocation From Dept,331,YES,02132,2002313000,0,NA,NA,6.21240118309e-4,1.4146989e-8,"MULTIPOLYGON (((-71.157250060999957 42.282118964000063, -71.157490479999979 42.282211950000033, -71.157521487999986 42.282159633000049, -71.157290922999948 42.282077808000054, -71.157250060999957 42.282118964000063)))"
Fenelon Street Playground,City of Boston,A97,3,Dorchester,0.19241194,20 Fenelon Street,Residential District,"Parks, Playgrounds & Athletic Fields",BPRD,BPRD,X,X,NA,BPRD,114,PARK_Maintenance_Region 2,114,YES,02121,"1401025000,1401014000",2005,NA,NA,0.001265056110089,8.501495e-8,"MULTIPOLYGON (((-71.079387794999946 42.303058842000041, -71.079456306999987 42.303158032000056, -71.079406913999946 42.303179356000044, -71.079554458999951 42.303361486000028, -71.079837544999975 42.30323592700006, -71.079642955999986 42.303077330000065, -71.079547671999933 42.302997451000067, -71.079387794999946 42.303058842000041)))"
Stanley-Bellevue Park,City of Boston,A97,3,Dorchester,0.35813544,23 Bellevue Street,Residential District,"Parks, Playgrounds & Athletic Fields",BPRD,BPRD,X,X,NA,BPRD,293,PARK_Maintenance_Region 2,293,YES,02125,"1502968010,1502955010",0,NA,NA,0.001734809907195,1.58257751e-7,NA
Allandale Woods ROW,Private,A97,6,West Roxbury,0.16386247,1215R Centre Street 200-232 Allandale Street,Conservation Protection Subdistrict,Urban Wilds,BCC,BPRD,X,X,NA,NA,NA,PARK_Maintenance_Region 4,1018,YES,02132,2003601001,0,NA,NA,0.00220806924081,7.2394541e-8,NA
St Helena's Park,City of Boston,A97,3,South End,0.17481017,115 Union Park Street,Open Space District,"Parks, Playgrounds & Athletic Fields",BPRD,BPRD,X,X,NA,BPRD,291,PARK_Maintenance_Region 6,291,YES,02118,0801081010,1991,NA,NA,0.001159421502049,7.7282438e-8,"MULTIPOLYGON (((-71.066717696999945 42.340092482000045, -71.067057865999971 42.340203544000076, -71.067173216999947 42.340014018000034, -71.066833047999978 42.339902954000081, -71.066717696999945 42.340092482000045)))"
Theresa Hynes Park,Private,A97/CR,3,Allston-Brighton,0.42343959,99 Chestnut Hill Avenue,Residential District,"Parks, Playgrounds & Athletic Fields",BCC,Private,X,X,NA,BCC,NA,INFO_Reallocation From Dept,1019,YES,02135,NA,0,NA,NA,0.002532695222694,1.87212109e-7,NA
Ernst Chery Jr. Playground,City of Boston,A97,3,Mattapan,0.23395808,74 Orlando Street,Residential District,"Parks, Playgrounds & Athletic Fields",BPRD,BPRD,X,X,Orlando Street Playground,BPRD,109,PARK_Maintenance_Region 2,109,YES,02126,"1802181000,1802182000,1802180000",0,NA,NA,0.001315835410923,1.03324834e-7,"MULTIPOLYGON (((-71.099008753999954 42.274132960000031, -71.098917452999956 42.274220719000027, -71.098838875999945 42.274296247000052, -71.099099079999974 42.274449897000068, -71.099179452999977 42.274371037000037, -71.099272953999957 42.274279271000069, -71.099355836999962 42.274197456000024, -71.099093493999987 42.274051333000045, -71.099008753999954 42.274132960000031)))"
Millennium Park II,City of Boston,A97/SURF/WPA,6,West Roxbury,8.33225531,300 Gardner Street,Open Space District,Urban Wilds,BCC,BPRD,X,X,Dump Shoreline Urban Wild,BCC,NA,PARK_Maintenance_Region 4,1020,YES,02132,2009010000,0,NA,NA,0.007975626549753,3.680320795e-6,NA
North Point Park,Commonwealth of Massachusetts,A97/WPA/Ch91,3,Downtown,2.34133039,6 Museum Way,Special District,"Parks, Playgrounds & Athletic Fields",DCR,NULL,X,X,NA,NA,NA,INFO_Reallocation From Dept,3064,YES,02114,NA,0,NA,NA,0.005230158307734,1.035548473e-6,NA
Bremen Street Park I,MassDOT,CAT Mit,3,East Boston,17.78924713,344 Bremen Street,Special District,"Parks, Playgrounds & Athletic Fields",MA EOEEA,Massport,N,X,NA,Massport,NA,INFO_Reallocation From Dept,4051,YES,02128,NA,0,NA,NA,0.026844608453291,7.868779604e-6,NA
South Bank Park,Commonwealth of Massachusetts,A97/CAT Mit/WPA,2,Downtown,2.39520863,Beverley and Causeway Sts,Open Space District,"Parkways, Reservations & Beaches",DCR,DCR,X,X,Revere Plaza,DCR,NA,INFO_Reallocation From Dept,3065,YES,02114,NA,0,NA,NA,0.010794226917299,1.059366143e-6,NA
Lincoln Street Green,MassDOT,A97/Acts2008Ch306/CAT Mit/RFK,1,Downtown,0.1775704,17 South Street,Special District,"Malls, Squares & Plazas",RFK Greenway Conservancy,NULL,X,X,Kennedy Greenway Parcel 23b,NA,NA,INFO_Reallocation From Dept,4056,YES,02111,NA,0,NA,NA,0.001773111573892,7.8518137e-8,NA
Chinatown Park,MassDOT,A97/Acts2008Ch306/CAT Mit/RFK,1,Downtown,0.84197352,NA,Open Space District,"Malls, Squares & Plazas",RFK Greenway Conservancy,NULL,X,X,Kennedy Greenway Parcel 23b,NA,NA,INFO_Reallocation From Dept,4058,YES,02111,NA,2008,NA,NA,0.008547880715036,3.72298189e-7,NA
Armenian Heritage Park,MassDOT,A97/Acts2008Ch306/CAT Mit,1,Downtown,0.25383744,Atlantic Avenue & Mercantile Street,Special District,"Malls, Squares & Plazas",RFK Greenway Conservancy,Armenian Heritage Foundation,X,X,NA,NA,NA,INFO_Reallocation From Dept,4059,YES,02110,NA,2012,NA,NA,0.001353254864709,1.12256553e-7,NA
Endicott Triangle,MassDOT,A97/Acts2008Ch306/CAT Mit/RFK,1,Downtown,0.03843054,"Btwn Endicott, Stillman, & Cross Sts",Special District,"Malls, Squares & Plazas",RFK Greenway Conservancy,NULL,X,X,Rose Kennedy Greenway Parcel 5,NA,NA,INFO_Reallocation From Dept,4061,YES,02113,NA,0,NA,NA,6.38050687356e-4,1.699626e-8,"MULTIPOLYGON (((-71.057510826999987 42.363778619000072, -71.057305651999968 42.363604753000061, -71.057324326999947 42.363786254000047, -71.057510826999987 42.363778619000072)))"
Dewey Square Parks,MassDOT,A97/Acts2008Ch306/CAT Mit/RFK,1,Downtown,2.64044105,NA,Special District,"Malls, Squares & Plazas",RFK Greenway Conservancy,NULL,X,X,"RFK Greenway Parcels 19,21,22",NA,NA,INFO_Reallocation From Dept,4063,YES,"02110, 02210",NA,2008,NA,NA,0.009655779179611,1.167582902e-6,NA
Federal Reserve Bank Harborwalk,City of Boston,NA,1,Downtown,0.08032745,600 Atlantic Avenue,Commercial/Office/Business District,"Malls, Squares & Plazas",NULL,NULL,N,X,NA,NA,NA,INFO_Reallocation From Dept,2057,YES,02210,NA,0,NA,NA,0.001738301006777,3.551859e-8,"MULTIPOLYGON (((-71.052213376999987 42.352192363000029, -71.052258147999964 42.352199186000064, -71.052702243999988 42.351509448000058, -71.052657521999947 42.35149597700007, -71.052213376999987 42.352192363000029)))"
Tufts Wharf Harborwalk,Private,CATMit/Ch91/WPA,1,Downtown,0.7392419,510 Atlantic Avenue,Special District,"Malls, Squares & Plazas",Private,NULL,N,X,NA,NA,NA,INFO_Reallocation From Dept,7090,YES,02210,NA,0,NA,NA,0.002721054011023,3.26883978e-7,NA
Russia Wharf Harborwalk,Private,CAT Mit,1,Downtown,0.06122494,NA,Special District,"Malls, Squares & Plazas",Private,NULL,N,X,NA,NA,NA,INFO_Reallocation From Dept,7091,YES,02210,NA,0,NA,NA,0.001248716869595,2.7072587e-8,"MULTIPOLYGON (((-71.05202259899994 42.35280176200007, -71.052161594999973 42.352637095000034, -71.052237150999986 42.352555603000042, -71.052203218999978 42.352520303000063, -71.051824581999938 42.352956144000075, -71.051842299999976 42.352973899000062, -71.051857119999966 42.352988774000039, -71.05202259899994 42.35280176200007)))"
North End Park,MassDOT,A97/Acts2008Ch306/CAT Mit/RFK,1,Downtown,2.82787724,NA,Special District,"Malls, Squares & Plazas",RFK Greenway Conservancy,NULL,X,X,Kennedy Greenway Parcels 8&10,NA,NA,INFO_Reallocation From Dept,4068,YES,"02109, 02113",NA,0,NA,NA,0.006999770443909,1.250621095e-6,NA
Wharf District Park,MassDOT,A97/Acts2008Ch306/CAT Mit/RFK,1,Downtown,4.711285,NA,Special District,"Malls, Squares & Plazas",RFK Greenway Conservancy,NULL,X,X,Kennedy Greenway Parcels 14-17,NA,NA,INFO_Reallocation From Dept,4069,YES,"02110, 02109",NA,2008,NA,NA,0.011997786641704,2.083434094e-6,NA
McGann Park,City of Boston,A97,3,Hyde Park,0.88087118,240 West Street,Residential District,"Parks, Playgrounds & Athletic Fields",BPRD,BPRD,X,X,NA,BPRD,192,PARK_Maintenance_Region 4,192,YES,02136,NA,0,NA,NA,0.002744899302784,3.88965472e-7,"MULTIPOLYGON (((-71.127803721999953 42.263639611000031, -71.127750426999967 42.263765191000061, -71.127693160999968 42.263898611000059, -71.127636009999947 42.264033021000046, -71.127563119999934 42.264205643000025, -71.127556975999937 42.264219848000039, -71.127340427999968 42.264383520000081, -71.127798789999986 42.264714267000045, -71.128144074999966 42.264253329000042, -71.127803721999953 42.263639611000031)))"
Bay Village Garden,City of Boston,A97,5,Downtown,0.01815399,32 Melrose Street,Open Space District,"Malls, Squares & Plazas",BPRD,Private,X,X,Melrose Park,BPRD,016,PARK_Maintenance_Region 1,16,YES,02116,0500757000,0,NA,NA,3.56628108148e-4,8.026818e-9,"MULTIPOLYGON (((-71.068422188999989 42.349162995000029, -71.068412669999987 42.349135007000029, -71.06836593099996 42.349075180000057, -71.068299557999978 42.349103949000039, -71.068329583999969 42.349182566000025, -71.068422188999989 42.349162995000029)))"
Bussey Brook Meadow II,MBTA,NA,7,Jamaica Plain,1.25775356,Opposite 376 Arborway Street,Open Space District,Open Land,NULL,NULL,N,X,Arnold Arboretum IV,MBTA,NA,INFO_Reallocation From Dept,4070,YES,02130,1902833000,0,NA,NA,0.004430217209012,5.55694974e-7,NA
Franklin Park II,City of Boston,A97/LWCF/USH/Lease,3,Roxbury,16.44115376,NA,Open Space District,"Parks, Playgrounds & Athletic Fields",DCR,Zoo New England,X,X,"Sausage Lot""",DCR,NA,INFO_Reallocation From Dept,2172,YES,02121,1203486000,0,NA,NA,0.018340880478421,7.264425783e-6,NA
Brian Honan Park,Private,A97/CR,3,Downtown,0.96367731,Allston Street,Residential District,"Parks, Playgrounds & Athletic Fields",BCC,Private,X,X,NA,NA,NA,INFO_Reallocation From Dept,1021,YES,02135,NA,0,NA,NA,0.00368684869597,4.2606309e-7,"MULTIPOLYGON (((-71.139516096999955 42.344497060000037, -71.139582824999934 42.34453794500007, -71.139728276999961 42.344627062000029, -71.139873731999955 42.344716180000034, -71.140022694999971 42.34480744800004, -71.140961316999949 42.343974437000043, -71.14077552599997 42.343855289000032, -71.140138196999942 42.344398001000059, -71.139834055999984 42.344215023000061, -71.139770136999971 42.344271650000053, -71.139516096999955 42.344497060000037)))"
Allandale Woods II,City of Boston,LWCF/A97/WPA,6,West Roxbury,10.60072936,1215R Centre Street 200-232 Allandale Street,Open Space District,Urban Wilds,BCC,BPRD,X,X,Brandagee Estate & Recuperative Center Parcels,BCC,NA,PARK_Maintenance_Region 4,1022,YES,"02130, 02132","2003598000,2003590500",0,NA,NA,0.011044149464852,4.683562971e-6,NA
Mattahunt Woods II,Private,WPA,8,Mattapan,3.40667399,50 Canaan Street (at Kennebec St),Residential District,Other Open Land,Private,NULL,N,NA,NA,NA,NA,INFO_Reallocation From Dept,7104,NO,02126,"1802358000,1802561000,1802372000,1802371000,1802617000,1802349000,1802611000,1802351000,1802350000,1802370000,1802558000,1802360000,1802608000,1802628000,1802603000,1802604000,1802613000,1802359000,1802367000,1802368000,1802643000,1802355000,1802373000,1802618000,1802354000,1802361000",0,NA,NA,0.016746847034722,1.504510886e-6,NA
BPL Courtyard,City of Boston,NA,1,Back Bay/Beacon Hill,0.18670118,230 Dartmouth Street,Commercial/Office/Business District,"Malls, Squares & Plazas",NULL,NULL,N,X,NA,NA,NA,INFO_Reallocation From Dept,2073,NO,02116,NA,0,NA,NA,0.001412034691198,8.2551382e-8,"MULTIPOLYGON (((-71.077803724999967 42.349536002000036, -71.07783064399996 42.34959690800008, -71.078133253999965 42.349520320000067, -71.077992458999972 42.349234908000028, -71.077692899999988 42.349309256000026, -71.077722832999939 42.349373551000042, -71.077803394999933 42.349358082000037, -71.077881310999942 42.349511514000028, -71.077803724999967 42.349536002000036)))"
Sharon's Park,City of Boston,A97,1,Dorchester,0.3149356,840 Columbia Road,Open Space District,"Malls, Squares & Plazas",DCR,DCR,X,X,Columbia-Buttonwood Park,DCR,NA,INFO_Reallocation From Dept,2176,YES,02125,NA,2009,NA,NA,0.002712804014794,1.39189084e-7,NA
Mattahunt Woods I,City of Boston,A97/WPA,6,Mattapan,8.85081444,20 Cannan Street (at Colorado Street),Residential District,Urban Wilds,BCC,BPRD,X,X,NA,BCC,NA,PARK_Maintenance_Region 2,1023,YES,02126,"1802352000,1802568000,1802356000,1802624000,1802556000,1802570000,1802663000,1802567000,1802576000,1802575000,1802564000,1802573000,1802559000,1802670000,1802637000,1802347000,1802647000,1802646000,1802641000,1802644000,1802638000,1802609000,1802353000,1802614000,1802574000,1802557000,1802610000,1802621000,1802626000,1802571000,1802348000,1802665000,1802666000,1802667000,1802648000,1802645000,1802639000,1802616000,1802640000,1802629000,1802607000,1802615000,1802668000,1802623000,1802583000,1802627000,1802605000,1802601000,1802612000,1802606000,1802669000,1802619000,1802622000,1802602000,1802625000,1802642000,1802620000,1802560000,1802562000,1802572000,1802569000,1802555000,1802563000",0,NA,NA,0.024211555934925,3.908799964e-6,NA
Beethoven School Play Area,City of Boston,A97,3,West Roxbury,0.52464668,5119 Washington Street,Residential District,"Parks, Playgrounds & Athletic Fields",BPRD,BPRD,X,X,NA,BPRD,020,PARK_Maintenance_Region 4,20,YES,02132,2003044000,0,NA,NA,0.002478829427895,2.31666179e-7,"MULTIPOLYGON (((-71.154795900999943 42.263688478000063, -71.155350982999948 42.264039235000041, -71.155605388999959 42.264239329000077, -71.15568669399994 42.264188598000032, -71.155787227999951 42.264126582000074, -71.155538350999961 42.26390850000007, -71.155006944999968 42.263499644000035, -71.154795900999943 42.263688478000063)))"
Algonquin Square,City of Boston,A97,1,Dorchester,0.03890162,2 Algonquin Street,Residential District,"Malls, Squares & Plazas",BPRD,BPRD,X,X,NA,BPRD,003,PARK_Maintenance_Region 2,3,YES,02124,ROW,0,NA,NA,7.56136052928e-4,1.7186771e-8,NA
Robert G. Lawson Park,City of Boston,A97,1,Roxbury,0.12211594,1 Atherton Street,Commercial/Office/Business District,"Malls, Squares & Plazas",BPRD,BPRD,X,X,Egleston Plaza I,BPRD,102,PARK_Maintenance_Region 3,102,YES,02119,"1101279000,1101013000",0,NA,NA,0.001469089932564,5.3966153e-8,"MULTIPOLYGON (((-71.098400264999952 42.316013036000072, -71.098558307999951 42.316011923000076, -71.098564609999983 42.315980695000064, -71.098646234999933 42.315918734000036, -71.09846605499996 42.315763275000052, -71.098400264999952 42.316013036000072)), ((-71.098561608999944 42.315670194000063, -71.098752997999952 42.315836338000054, -71.098819765999963 42.315792268000052, -71.098615409999979 42.315615437000076, -71.098561608999944 42.315670194000063)))"
Hunt Playground II,City of Boston,NA,3,Mattapan,0.18639589,NA,Open Space & Residential Districts,"Parks, Playgrounds & Athletic Fields",NULL,BPRD,N,X,Almont Park II,PWD,NA,PARK_Maintenance_Region 2,2178,YES,02126,NA,0,NA,NA,0.002041352148132,8.2321332e-8,NA
Golden Stairs Terrace Park II,City of Boston,NA,1,East Boston,0.0758732,NA,Residential District,"Malls, Squares & Plazas",NULL,BPRD,N,X,Golden Stairs,BPWD,NA,PARK_Maintenance_Region 1,2077,YES,02128,ROW,0,NA,NA,0.001648011979138,3.3556106e-8,"MULTIPOLYGON (((-71.033646442999952 42.365169404000028, -71.033683263999933 42.365184950000071, -71.033856926999988 42.364973038000073, -71.033882504999951 42.364945789000046, -71.034020541999951 42.364769681000041, -71.034071777999941 42.364792066000064, -71.03410708499996 42.364744261000055, -71.034067031999939 42.36472477600006, -71.03414956599994 42.364614368000048, -71.034103327999958 42.364603120000027, -71.034005907999983 42.36472393400004, -71.033646442999952 42.365169404000028)))"
Foley Square,City of Boston,A97,1,Hyde Park,0.14070447,635 Metropolitan Avenue,Residential District,"Malls, Squares & Plazas",BPRD,BPRD,X,X,Lt. Robert M. Foley Square; Greenwood Squre,BPRD,138,PARK_Maintenance_Region 4,138,YES,02136,ROW,0,NA,NA,9.27351290442e-4,6.2130598e-8,NA
Jones Square,City of Boston,A97,1,Hyde Park,0.04306544,80 Milton Avenue,Residential District,"Malls, Squares & Plazas",BPRD,BPRD,X,X,Lt. Parker B. Jones Square,BPRD,340,PARK_Maintenance_Region 4,340,YES,02136,ROW,0,NA,NA,7.42066782091e-4,1.9012918e-8,NA
Schraffts Centre Harborwalk,Private,Ch91/WPA/100,1,Charlestown,1.0081182,529-543 Main Street,Industrial District,"Malls, Squares & Plazas",Private,NULL,N,X,NA,NA,NA,INFO_Reallocation From Dept,7116,YES,02129,NA,0,NA,NA,0.009249011717012,4.46003615e-7,NA
Roslindale Wetlands Urban Wild,City of Boston,A97/LAND/WPA,6,Roslindale,9.53063274,40 Selwyn Street,Open Space District,Urban Wilds,BCC,BPRD,X,X,NA,BCC,NA,PARK_Maintenance_Region 4,1024,YES,02131,"2005156000,2005137000,2005162000,2005148000,2005146000,2005157000,2005161000,2005171000,2005163000,2005121100,2005147000,2005159001,2005170000,2005158000,2005145000,2005169000,2005141000,2005143000,2005164000,2005144000,2005151000,2005153000,2005160000,2005154000,2005159000,2005195010,2005195000,2005152000,2005149000,2005155000,2005140000,2005138000,2005150000",0,NA,NA,0.016134162912147,4.210337336e-6,NA
Webster Square,City of Boston,A97,1,Hyde Park,0.05439229,18 Webster Street,Residential District,"Malls, Squares & Plazas",BPRD,BPRD,X,X,NA,BPRD,315,PARK_Maintenance_Region 4,315,YES,02136,ROW,0,NA,NA,6.24212631955e-4,2.4015428e-8,NA
Wolf Square,City of Boston,A97,1,Roxbury,0.02279556,190 Harold Street,Open Space District,"Malls, Squares & Plazas",BPRD,BPRD,X,X,"Herbert J. Wolf Square, Harold Square",BPRD,327,PARK_Maintenance_Region 5,327,YES,02121,ROW,1920,NA,NA,4.33114157778e-4,1.0073697e-8,NA
Woodworth Square,City of Boston,A97,1,Hyde Park,0.03458102,105 Beacon Street,Residential District,"Malls, Squares & Plazas",BPRD,BPRD,X,X,Horace C. Woodworth Square,BPRD,329,PARK_Maintenance_Region 4,329,YES,02136,ROW,0,NA,NA,5.15949705815e-4,1.526778e-8,NA
East Boston Memorial Park II,Massport,CAT Mit/Esment,3,East Boston,1.75879581,143 Porter St,Open Space District,"Parks, Playgrounds & Athletic Fields",MA EOEEA,BPRD,N,X,Mass DOT Park Easement_East Boston Memorial Park,Mass DOT,NA,INFO_Reallocation From Dept,4074,YES,02128,"0104164011,0104164009",0,NA,NA,0.010675361035157,7.77921363e-7,NA
East Boston Memorial Park III,Commonwealth of Massachusetts,CAT Mit,3,East Boston,3.25778375,143 Porter St,Open Space District,"Parks, Playgrounds & Athletic Fields",NULL,NULL,N,X,NA,NA,NA,INFO_Reallocation From Dept,4016,YES,02128,0104126000,0,NA,NA,0.015870100427721,1.440974057e-6,NA
Bremen Street Park II,Massport,CAT Mit,3,East Boston,0.00973794,NA,Industrial District,"Parks, Playgrounds & Athletic Fields",MA EOEEA,Massport,N,X,NA,Massport,NA,INFO_Reallocation From Dept,4075,YES,02128,NA,0,NA,NA,2.63242377849e-4,4.307635e-9,"MULTIPOLYGON (((-71.025918180999952 42.37819558700005, -71.025959816999944 42.37814575200008, -71.025899024999944 42.378104612000072, -71.025868444999958 42.37816155400003, -71.025918180999952 42.37819558700005)))"
Bussey Brook Meadow I,City of Boston,A97/WPA,6,Jamaica Plain,24.6765898,255 South Street,Open Space District,Urban Wilds,BPRD,BPRD,X,X,Arnold Arboretum III,BPRD,038,PARK_Maintenance_Region 3,38,YES,02130,"1902824000,1902823000,1902836000",0,NA,NA,0.023933343016379,1.0902255148e-5,NA
Arborway II,Commonwealth of Massachusetts,A97,2,Roslindale,1.0325828,NA,Open Space & Residential Districts,"Parkways, Reservations & Beaches",DCR,DCR,X,X,NA,NA,NA,INFO_Reallocation From Dept,3068,YES,02130,NA,0,NA,NA,0.014569800825232,4.56219626e-7,NA
Allandale Woods IV,Private,A97/CR/WPA,6,West Roxbury,6.29444659,1215R Centre Street 200-232 Allandale Street,Conservation Protection Subdistrict,Urban Wilds,BCC,Private+BPRD,X,X,Spring House CR,NA,NA,PARK_Maintenance_Region 4,1025,YES,"02130, 02132",2003594000,0,NA,NA,0.007382845860838,2.780982447e-6,"MULTIPOLYGON (((-71.131368969999983 42.300298663000035, -71.13232484599996 42.300653876000069, -71.132595660999982 42.300406654000028, -71.133514225999988 42.300707334000037, -71.134057048999978 42.300275344000056, -71.133935859999951 42.300203655000075, -71.133578027999988 42.299998974000061, -71.132941370999959 42.298922430000061, -71.132807123999953 42.29892587900008, -71.131940198999985 42.298956829000076, -71.131985105999945 42.299373474000049, -71.131368969999983 42.300298663000035)))"
Allandale Woods V,Private,A97/Easmnt/WPA,6,West Roxbury,2.78226971,1215R Centre Street,Conservation Protection Subdistrict,Urban Wilds,BCC & TTOR,BPRD,X,X,Snow Place Easement,NA,NA,PARK_Maintenance_Region 4,7122,YES,02132,2003597005,0,NA,NA,0.005408434545601,1.22922042e-6,"MULTIPOLYGON (((-71.132807123999953 42.29892587900008, -71.13216375899998 42.297983700000032, -71.132155899999987 42.297828776000074, -71.132104540999933 42.29775924900008, -71.131793406999975 42.298029819000078, -71.131267460999936 42.298487188000081, -71.13079004399998 42.298902345000045, -71.130675833999987 42.299001654000051, -71.132807123999953 42.29892587900008)))"
Pier Four Harborwalk,Private,Ch91/WPA,1,South Boston,0.08833496,130 Northern Avenue,Special District,"Malls, Squares & Plazas",Private,NULL,N,X,NA,NA,NA,INFO_Reallocation From Dept,7128,YES,02210,NA,0,NA,NA,0.001228336931089,3.9060096e-8,NA
Back Bay Fens,City of Boston,A97/LWCF/UPARR/NRHP/WPA/Ch91,3,Fenway/Longwood,70.10020426,100 Park Drive (Clemente Field House) 125 The Fenway (Emerald Necklace Conservancy) 50 Park Drive (Duck House)  1 Evans Way (Evans Way) Forsyth Way (Roadway)   70 Park Drive (Rose Garden)   35 The Fenway (Mother's Rest) 20 Park Drive (Victory Garden) 89,Residential District,"Parks, Playgrounds & Athletic Fields",BPRD,BPRD,X,X,"Includes Evans Way Park, Forsyth Park, Westland Avenue Gates",BPRD,013,PARK_Maintenance_Region 3,13,YES,"02115, 02215","0504175001,0401705000,0504175000",1877,NA,NA,0.07375840593482,3.0991890635e-5,NA
Riverway I,City of Boston,A97/NRHP/GPOD,3,Fenway/Longwood,17.18592452,440 Park Drive; 300 Park Drive (Sears Parcel),Institutional District,"Parks, Playgrounds & Athletic Fields",BPRD,BPRD,X,X,"contains Back Bay Yard, ""Sears Lot"" aka ""Sears Rotary""",BPRD,263,PARK_Maintenance_Region 3,263,YES,02215,"0401994002,0401994001,0401965000,0401994000",1890,NA,NA,0.027612761258354,7.597992058e-6,NA
Riverway III,City of Boston,A97/NRHP/GPOD,3,Mission Hill,5.29710722,"W side of Riverway parkway, btwn Netherlands & on ramp  nr Brookline Ice & Coal",Residential District,"Parks, Playgrounds & Athletic Fields",BPRD,BPRD,X,X,NA,BPRD,264,PARK_Maintenance_Region 3,264,YES,"02115, 02215","0401965000,1000318000",0,NA,NA,0.013096247448973,2.341646169e-6,NA
Riverway IV,Commonwealth of Massachusetts,A97/NRHP/GPOD,2,Mission Hill,1.92234331,"E side of Riverway parkway, Francis St to Huntington Ave (Rt 9)",Residential District,"Parkways, Reservations & Beaches",DCR,DCR,X,X,NA,NA,NA,INFO_Reallocation From Dept,3069,YES,"02115, 02215",NA,0,NA,NA,0.023279353039179,8.49769076e-7,NA
Jamaica Pond Park,City of Boston,A97,3,Jamaica Plain,97.73814064,"345 Jamaica Way
507 Jamaica Way",Open Space District,"Parks, Playgrounds & Athletic Fields",BPRD,BPRD,X,X,Pine Bank,BPRD,163,PARK_Maintenance_Region 3,163,YES,02130,1902186000,0,NA,NA,0.025321472535746,4.3194181696e-5,NA
Charlesgate II,Commonwealth of Massachusetts,A97,2,Fenway/Longwood,1.48764809,Charlesgate East nr Boylston St;  Charlesgate West btwn Beacon St and Back St,Residential District,"Parkways, Reservations & Beaches",DCR,DCR,X,X,NA,NA,NA,INFO_Reallocation From Dept,3070,YES,02215,NA,0,NA,NA,0.008698062821419,6.57750708e-7,NA
Agassiz Road,Commonwealth of Massachusetts,A97/WPA,2,Fenway/Longwood,0.60408193,Agassiz Road,Open Space District,"Parkways, Reservations & Beaches",DCR,DCR,X,X,Back Bay Fens,NA,NA,INFO_Reallocation From Dept,3071,YES,02215,NA,0,NA,NA,0.011780294527998,2.67074156e-7,NA
Columbia Road Park,Commonwealth of Massachusetts,A97,3,Dorchester,0.12376027,48 Buttonwood Street,Open Space District,"Parks, Playgrounds & Athletic Fields",DCR,NULL,X,X,John McCormack Park,NA,NA,INFO_Reallocation From Dept,3072,YES,02125,1303249000,0,NA,NA,0.001017890733271,5.4697027e-8,NA
Boylston Street I,City of Boston,A97,2,Fenway/Longwood,0.61687576,Vicinity of Park Drive and Back Bay Fens,Residential District,"Parkways, Reservations & Beaches",DCR,DCR,X,X,Back Bay Fens/Charlesgate,DCR,NA,INFO_Reallocation From Dept,2186,YES,02215,NA,0,NA,NA,0.011330152475862,2.72741531e-7,NA
Boylston Street II,Commonwealth of Massachusetts,A97/WPA,2,Fenway/Longwood,1.7801521,Vicinity of Bowker Overpass and The Fenway,Residential District,"Parkways, Reservations & Beaches",DCR,DCR,X,X,Back Bay Fens/Charlesgate,NA,NA,INFO_Reallocation From Dept,3074,YES,"02115, 02215",NA,0,NA,NA,0.022679767117249,7.87076638e-7,NA
The Fenway II,Commonwealth of Massachusetts,A97/NRHP,2,Fenway/Longwood,0.76857452,The Fenway at Brookline Ave & The Fenway at Boylston Street (near Charlesgate),Residential District,"Parkways, Reservations & Beaches",DCR,DCR,X,X,Fenway Parkway,NA,NA,INFO_Reallocation From Dept,3075,YES,"02115, 02215",NA,0,NA,NA,0.0075927513998640004,3.39805564e-7,NA
Park Drive I,City of Boston,A97/NRHP,2,Fenway/Longwood,5.09503162,Park Drive from Brookline Ave to Boylston Street near Charlesgate,Residential District,"Parkways, Reservations & Beaches",DCR,DCR,X,X,NA,DCR,NA,INFO_Reallocation From Dept,2187,YES,02215,NA,0,NA,NA,0.060326579479659,2.252569522e-6,NA
Park Drive II,Commonwealth of Massachusetts,A97/NRHP,2,Fenway/Longwood,1.38265979,Park Drive at Boylston Street & Brookline Ave Intersection,Residential District,"Parkways, Reservations & Beaches",DCR,DCR,X,X,Jug Handle,NA,NA,INFO_Reallocation From Dept,3077,YES,02215,NA,0,NA,NA,0.016822276908543,6.11301515e-7,NA
Fire Alarm House Grounds,City of Boston,A97,3,Fenway/Longwood,0.8445281,59 The Fenway,Open Space District,"Parks, Playgrounds & Athletic Fields",BPRD,BFD,X,N,Back Bay Fens,BFD,338,INFO_Reallocation From Dept,338,YES,02215,NA,0,NA,NA,0.004329264861258,3.73384354e-7,NA
Riverway II,Commonwealth of Massachusetts,A97/NRHP/GPOD,2,Fenway/Longwood,2.36332067,"E side of Riverway parkway, Park Dr to Francis St",Institutional District,"Parkways, Reservations & Beaches",DCR,DCR,X,X,Riverway parkway,NA,NA,INFO_Reallocation From Dept,3078,YES,02215,NA,0,NA,NA,0.029663690931508,1.044849261e-6,NA
Riverway V,City of Boston,A97/NRHP/GPOD,2,Fenway/Longwood,0.44906556,"E side of Riverway parkway, Autumn St to Francis St",Institutional District,"Parkways, Reservations & Beaches",DCR,DCR,X,X,Riverway parkway,DCR,NA,INFO_Reallocation From Dept,2188,YES,02215,NA,0,NA,NA,0.0039046040664100002,1.98522301e-7,NA
Commonwealth Avenue Mall I,City of Boston,A97/LWCF/NRHP,1,Back Bay/Beacon Hill,10.87118203,Commonwealth Ave btwn Arlington St & Charlesgate East,Residential District,"Malls, Squares & Plazas",BPRD,BPRD,X,X,Commonwealth Ave Mall (east of Charlesgate),BPRD,062,PARK_Maintenance_Region 1,62,YES,"02115, 02116, 02215","0503371500,0503575500,0503817500,0502824500,0502875500,0502921500,0502939500,0503391500,0503564500",0,NA,NA,0.047953492084796,4.806909209e-6,NA
Centre Street II,Commonwealth of Massachusetts,A97/100/GPOD,2,Roslindale,0.3393191,NA,Residential District,"Parkways, Reservations & Beaches",DCR,DCR,X,X,NA,NA,NA,INFO_Reallocation From Dept,3080,YES,02131,NA,0,NA,NA,0.012216760434237,1.49918261e-7,NA
Centre Street I,Commonwealth of Massachusetts,A97/100/GPOD,2,Jamaica Plain,2.24977353,Centre St fr Murray Circle to Allandale St (NW side) and Bussey St (SE side),Residential District,"Parkways, Reservations & Beaches",DCR,DCR,X,X,NA,NA,NA,INFO_Reallocation From Dept,3081,YES,"02130, 02131",NA,0,NA,NA,0.071743147000422,9.94068784e-7,NA
Centre Street IV,Commonwealth of Massachusetts,A97,2,West Roxbury,0.31575416,NW side (outbound) of Centre St btwn Allandale St & VFW Parkway,Conservation Protection Subdistrict & Residntl Dst,"Parkways, Reservations & Beaches",DCR,DCR,X,X,NA,NA,NA,INFO_Reallocation From Dept,3082,YES,"02130, 02132",NA,0,NA,NA,0.010704207317472,1.39505021e-7,NA
Reserved Channel Harborwalk,Private,Ch91,1,South Boston,3.18539865,NA,Industrial District,"Malls, Squares & Plazas",Private,Private,N,X,NA,NA,NA,INFO_Reallocation From Dept,7132,YES,"02210, 02127",NA,0,NA,NA,0.015670408593842,1.408242179e-6,NA
Tunnel Harborwalk,MassDOT,Ch 91/WPA,1,South Boston,0.18410374,FID Kennedy Avenue,Special District,"Malls, Squares & Plazas",NULL,NULL,N,X,NA,NA,NA,INFO_Reallocation From Dept,4078,YES,02210,NA,0,NA,NA,0.001591276744381,8.1401497e-8,"MULTIPOLYGON (((-71.033995976999961 42.348230016000059, -71.033733601999984 42.348122654000065, -71.033383054999945 42.34859971000003, -71.033995976999961 42.348230016000059)))"
Aquarium Harborwalk II,BRA,Ch91/WPA,1,Downtown,0.05082128,East side of India Row btwn Aquarium IMAX & Harbor Towers,Special District,"Malls, Squares & Plazas",NULL,BRA,N,X,NA,NA,NA,INFO_Reallocation From Dept,2190,YES,02110,NA,0,NA,NA,6.79250252474e-4,2.2474324e-8,"MULTIPOLYGON (((-71.050225110999975 42.358460998000055, -71.050314495999942 42.358446750000041, -71.050248513999975 42.358207484000047, -71.050158014999965 42.358221201000049, -71.050225110999975 42.358460998000055)))"
India Wharf Harborwalk,Private,Ch91/WPA,1,Downtown,0.41591293,65-85 East India Row,Special District,"Malls, Squares & Plazas",Private,Private,N,X,Harbor Towers Harborwalk,NA,NA,INFO_Reallocation From Dept,7133,YES,02110,NA,0,NA,NA,0.00424140906843,1.83923481e-7,NA
Rowe's Wharf Harborwalk,Private,Ch91/WPA,1,Downtown,1.25944134,350 Atlantic Avenue,Special District,"Malls, Squares & Plazas",Private,Private,N,X,NA,NA,NA,INFO_Reallocation From Dept,7134,YES,02110,NA,0,NA,NA,0.014955861705998,5.56934767e-7,NA
400R Atlantic Avenue Harborwalk,Private,Ch91/WPA,1,Downtown,0.04594503,400R Atlantic Avenue,Special District,"Malls, Squares & Plazas",Private,Private,N,X,NA,NA,NA,INFO_Reallocation From Dept,7135,YES,02110,NA,0,NA,NA,9.31828556813e-4,2.0317059e-8,"MULTIPOLYGON (((-71.049914417999958 42.355691492000062, -71.049958839999988 42.355698242000074, -71.050170684999955 42.355342947000054, -71.050125667999964 42.355329900000072, -71.050114791999988 42.355327748000036, -71.049914417999958 42.355691492000062)))"
408 Atlantic Avenue Harborwalk,United States of America,Ch91/WPA,1,Downtown,0.03425756,408 Atlantic Avenue,Special District,"Malls, Squares & Plazas",Private,Private,N,X,NA,NA,NA,INFO_Reallocation From Dept,6005,YES,02110,NA,0,NA,NA,8.70406817387e-4,1.5148611e-8,"MULTIPOLYGON (((-71.050114791999988 42.355327748000036, -71.050125667999964 42.355329900000072, -71.050170684999955 42.355342947000054, -71.050198272999978 42.355280027000049, -71.050255228999958 42.355137682000077, -71.050326240999937 42.355035820000069, -71.050353691999987 42.355008265000038, -71.050330808999945 42.354998600000044, -71.050304799999935 42.355025097000066, -71.050281819999952 42.355029263000063, -71.050114791999988 42.355327748000036)))"
Independence Wharf Harborwalk,Private,Ch91/WPA,1,Downtown,0.17578444,470 Atlantic Avneue,Industrial District,"Malls, Squares & Plazas",Private,Private,N,X,470 Atlantic Avenue Harborwalk,NA,NA,INFO_Reallocation From Dept,7136,YES,02210,NA,0,NA,NA,0.002414246132963,7.7730592e-8,"MULTIPOLYGON (((-71.05113967799997 42.353761828000074, -71.050895912999977 42.354122029000052, -71.051486249999982 42.354574466000031, -71.051576348999959 42.354529883000055, -71.050970709999945 42.354073153000058, -71.051160273999983 42.353780619000077, -71.05113967799997 42.353761828000074)))"
Commercial Wharf Harborwalk,Private,Ch91/WPA,1,Downtown,0.19451547,86-87 Commercial Wharf East,Special District,"Malls, Squares & Plazas",Private,Private,N,X,NA,NA,NA,INFO_Reallocation From Dept,7137,YES,02110,NA,0,NA,NA,0.003958762297639,8.6023436e-8,NA
Nancy Kafka Reserve,Private,A97/CR,6,Roxbury,0.71482504,140 Highland Street,Residential District,"Parks, Playgrounds & Athletic Fields",BCC,Private,X,N,140 Highland Street Reserve,BCC,NA,INFO_Reallocation From Dept,1026,YES,02119,NA,0,NA,NA,0.00364389229718,3.15944448e-7,NA
Brighton Common,City of Boston,A97,1,Allston-Brighton,0.50666008,30 Chestnut Hill Avenue,Open Space District,"Malls, Squares & Plazas",BPRD,BPRD,X,X,"Brighton Square, Wilson Square",BPRD,032,PARK_Maintenance_Region 4,32,YES,02135,2205512000,0,NA,NA,0.001959178138349,2.24018702e-7,NA
Sweeney Playground,City of Boston,A97,3,South Boston,0.46237611,180 West Fifth Street,Residential District,"Parks, Playgrounds & Athletic Fields",BPRD,BPRD,X,X,NA,BPRD,297,PARK_Maintenance_Region 6,297,YES,02127,0600572000,1909,NA,NA,0.001981394019424,2.04404359e-7,NA
Ryan Play Area,City of Boston,A97,3,Dorchester,0.63636118,960 Dorchester Avenue,Open Space District,"Parks, Playgrounds & Athletic Fields",BPRD,BPRD,X,X,NA,BPRD,275,PARK_Maintenance_Region 2,275,YES,02125,1303044000,1960,NA,NA,0.002245855050779,2.81232477e-7,NA
Doris F. Tillman Playground,City of Boston,A97,3,Roxbury,0.66206874,45 Lambert Avenue,Open Space District,"Parks, Playgrounds & Athletic Fields",BPRD,BPRD,X,X,Lambert Avenue Playground,BPRD,174,PARK_Maintenance_Region 5,174,YES,02119,0903651000,0,NA,NA,0.002239822270719,2.92637399e-7,"MULTIPOLYGON (((-71.090201004999983 42.327305293000052, -71.090718248999963 42.327561281000044, -71.090954512999986 42.327280398000028, -71.091094003999956 42.327115440000057, -71.090684549999935 42.326912810000067, -71.090201004999983 42.327305293000052)))"
Adams/King Playground,City of Boston,A97,3,Dorchester,0.67749589,470 Adams Street,Residential District,"Parks, Playgrounds & Athletic Fields",BPRD,BPRD,X,X,Old Hemenway School Site,BPRD,002,PARK_Maintenance_Region 2,2,YES,02122,1600456000,0,NA,NA,0.002221748893941,2.99298722e-7,NA
Meany Park,Commonwealth of Massachusetts,A97,3,Dorchester,0.23297882,NA,Residential District,"Parks, Playgrounds & Athletic Fields",DCR,NULL,X,X,NA,NA,NA,INFO_Reallocation From Dept,3083,YES,02125,NA,0,NA,NA,0.001371885013018,1.02964242e-7,"MULTIPOLYGON (((-71.059208195999986 42.318730624000068, -71.059190652999973 42.31872564300005, -71.05917287699998 42.318721107000044, -71.059154900999943 42.31871704200006, -71.058952913999974 42.318697447000034, -71.058885330999942 42.318848912000078, -71.059045907999973 42.319021765000059, -71.059273805999965 42.31891580000007, -71.059451873999933 42.318835427000067, -71.059259291999979 42.318748276000065, -71.05922550799994 42.318736066000042, -71.059208195999986 42.318730624000068)))"
Lincoln Square,City of Boston,A97,1,Downtown,0.05462812,2 Columbus Avenue,Special District,"Malls, Squares & Plazas",BPRD,BPRD,X,X,Abraham Lincoln Square,BPRD,178,PARK_Maintenance_Region 1,178,YES,02116,0500811000,0,NA,NA,6.38892470753e-4,2.4155081e-8,NA
Bunker Hill Burying Ground,City of Boston,Ch114S7/A97,4,Charlestown,1.10725927,201 Bunker Hill Street,Commercial/Office/Business District,Cemeteries & Burying Grounds,BPRD,BPRD,X,A,NA,BPRD,037,PARK_Cemetery Maintenance Request,37,YES,02129,0200146000,1807,NA,NA,0.00320817732034,4.89813646e-7,NA
Clifford Playground,City of Boston,A97/UPARR,3,Roxbury,7.55337192,160 Norfolk Avenue,Open Space District,"Parks, Playgrounds & Athletic Fields",BPRD,BPRD,X,X,NA,BPRD,059,PARK_Maintenance_Region 5,59,YES,02119,0800465000,1909,NA,NA,0.009223428709033,3.338559778e-6,NA
Elmhurst Street Park,City of Boston,A97,3,Dorchester,0.2348563,27-35 Elmhurst Street,Residential District,"Parks, Playgrounds & Athletic Fields",BPRD,BPRD,X,X,NA,BPRD,106,PARK_Maintenance_Region 2,106,YES,02124,"1701445000,1701447000,1701446000",2009,NA,NA,0.001401332426793,1.03745936e-7,NA
Dunbarton Woods,City of Boston,A97,6,West Roxbury,0.73523219,Dunbarton Road,Residential District,Urban Wilds,BCC,Private+BPRD,X,X,NA,BCC,NA,INFO_Reallocation From Dept,1027,YES,02132,"2011803000,2011808000,2011802000,2011811000,2011804000,2011810000,2011809000,2011807000,2011813000,2011805000,2011812000,2011806000",0,NA,NA,0.002819856151299,3.24637438e-7,NA
Joe's American Harborwalk,Private,Ch91/WPA,1,Downtown,0.04359808,98-104 Atlantic Avenue,Special District,"Malls, Squares & Plazas",Private,Private,N,X,NA,NA,NA,INFO_Reallocation From Dept,7141,YES,02110,NA,0,NA,NA,0.001113762993675,1.9280899e-8,NA
Bradford Street Play Area,City of Boston,A97,3,South End,0.0366524,18 Bradford Street,Residential District,"Parks, Playgrounds & Athletic Fields",BPRD,BPRD,X,X,NA,BPRD,030,PARK_Maintenance_Region 6,30,YES,02118,"0305979000,0305978000",1954,NA,NA,5.25226244304e-4,1.6204482e-8,"MULTIPOLYGON (((-71.068959747999941 42.342628699000045, -71.068910287999984 42.342657491000068, -71.069017148999933 42.34275638500003, -71.069037710999964 42.342744675000063, -71.069066644999964 42.342728163000061, -71.069094983999946 42.342711980000047, -71.069119081999986 42.342698125000027, -71.06900915999995 42.342599574000076, -71.068959747999941 42.342628699000045)))"
Lincoln Square,City of Boston,A97,1,South Boston,0.21659299,755 East Fourth Street,Residential District,"Malls, Squares & Plazas",BPRD,BPRD,X,X,William Hannigan Square,BPRD,179,PARK_Maintenance_Region 6,179,YES,02127,0602602000,0,NA,NA,0.00184128732665,9.5745749e-8,"MULTIPOLYGON (((-71.034207435999974 42.334563890000027, -71.033407506999936 42.334649050000053, -71.033409345999985 42.334734163000064, -71.034206197999936 42.334718586000065, -71.034207435999974 42.334563890000027)))"
Laviscount Park,City of Boston,A97/PARC,3,Roxbury,1.15417663,80 Humboldt Avenue,Open Space District,"Parks, Playgrounds & Athletic Fields",BPRD,BPRD,X,X,Townsend Street Plaza,BPRD,177,PARK_Maintenance_Region 5,177,YES,02121,"1201975000,1201973010",1941,NA,NA,0.003582280315317,5.10065439e-7,NA
Statler Park,City of Boston,A97,1,Downtown,0.23267258,243 Stuart Street,Special District,"Malls, Squares & Plazas",BPRD,BPRD,X,X,NA,BPRD,294,PARK_Maintenance_Region 5,294,YES,02116,0500809000,1925,NA,NA,0.001608175952436,1.02879568e-7,"MULTIPOLYGON (((-71.068768439999985 42.350568722000048, -71.068845987999964 42.350861595000026, -71.06936464599994 42.350439377000043, -71.069346602999985 42.350407874000041, -71.068768439999985 42.350568722000048)))"
Hynes Playground,City of Boston,A97,3,West Roxbury,6.41668402,502 VFW Parkway,Open Space District,"Parks, Playgrounds & Athletic Fields",BPRD,BPRD,X,X,NA,BPRD,159,PARK_Maintenance_Region 4,159,YES,02132,2004130000,1950,NA,NA,0.006666772607413,2.834751956e-6,NA
Rink Grounds,Commonwealth of Massachusetts,A97,3,Charlestown,0.73434116,46 Union Street,Open Space District,"Parks, Playgrounds & Athletic Fields",DCR,NULL,X,X,NA,NA,NA,INFO_Reallocation From Dept,3084,YES,02129,NA,0,NA,NA,0.006837782301681,3.24821341e-7,NA
Roxbury Heritage State Park,Commonwealth of Massachusetts,A97,3,Roxbury,1.78147472,183 Roxbury Street,Institutional District,"Parks, Playgrounds & Athletic Fields",DCR,NULL,X,X,NA,NA,NA,PARK_Maintenance_Region 3,3085,YES,02119,NA,0,NA,NA,0.008488214672766,7.8746312e-7,NA
Eliot Burying Ground,City of Boston,Ch114S7/A97,4,Roxbury,0.79366422,16 Eustis Street,Open Space District,Cemeteries & Burying Grounds,BPRD,BPRD,X,A,NA,BPRD,103,PARK_Cemetery Maintenance Request,103,YES,02119,0802425000,1630,NA,NA,0.002393927358235,3.50828636e-7,NA
Blake Estates Urban Wild I,Private,A97/CR/WPA,6,Hyde Park,1.20888681,Bank of Mother Brook btwn Hyde Park Ave & Fulton St,Industrial District,Urban Wilds,BCC,BPRD,X,X,"Allis Chalmers UW, Area 1",BCC,NA,INFO_Reallocation From Dept,1028,YES,02136,NA,0,NA,NA,0.005094325153146,5.3369978e-7,NA
Railroad Avenue,Commonwealth of Massachusetts,A97,6,Hyde Park,1.09888771,NA,Residential District,Urban Wilds,DCR,NULL,X,X,NA,NA,NA,PARK_Maintenance_Region 4,3086,YES,02136,NA,0,NA,NA,0.00375585299368,4.85188251e-7,NA
Fairview Cemetery,City of Boston,Ch114S7/A97,4,Hyde Park,59.06217808,28 Fairview Avenue,Residential District,Cemeteries & Burying Grounds,BPRD,BPRD,X,X,NA,BPRD,111,PARK_Cemetery Maintenance Request,111,YES,02136,"1812269085,1812269086,1812262000",1892,NA,NA,0.025540709055319,2.6072993242e-5,NA
Joyce Playground,City of Boston,A97/PARC,3,Allston-Brighton,1.36482222,80 Union Street,Open Space District,"Parks, Playgrounds & Athletic Fields",BPRD,BPRD,X,X,NA,BPRD,169,PARK_Maintenance_Region 4,169,YES,02135,2102798000,1949,NA,NA,0.003377056064544,6.03428173e-7,NA
Cassidy Playground,City of Boston,A97/LWCF,3,Allston-Brighton,9.60772636,379 Chestnut Hill Avenue,Open Space District,"Parks, Playgrounds & Athletic Fields",BPRD,BPRD,X,X,NA,BPRD,044,PARK_Maintenance_Region 4,44,YES,02467,2102440000,1898,NA,NA,0.008877385541173,4.247166016e-6,NA
Shubow Park I,City of Boston,A97,3,Allston-Brighton,0.57167634,1825 Commonwealth Avenue,Open Space District,"Parks, Playgrounds & Athletic Fields",BPRD,BPRD,X,X,Chiswick Park;  Andrew Jackson Davis Jr Tot Lot,BPRD,283,PARK_Maintenance_Region 4,283,YES,02135,2102536000,1949,NA,NA,0.002432807203516,2.52735266e-7,NA
Shubow Park II,City of Boston,NA,3,Allston-Brighton,0.15557747,1825 Commonwealth Avenue,Open Space District,"Parks, Playgrounds & Athletic Fields",PWD,BPRD,N,X,Chiswick Park,BPWD,NA,PARK_Maintenance_Region 4,2191,YES,02135,ROW,1949,NA,NA,0.002082302261587,6.8779598e-8,NA
St Augustine Burying Ground,Private,NA,4,South Boston,0.91315592,"Dorchester Ave, Tudor St, F St,",Residential District,Cemeteries & Burying Grounds,Private,Private,N,N,NA,Private,NA,INFO_Reallocation From Dept,7142,NO,02127,NA,0,NA,NA,0.004003887093296,4.03663288e-7,NA
Central Square,City of Boston,A97,1,East Boston,0.90508646,1P William C Kelly Square,Open Space District,"Malls, Squares & Plazas",BPRD,BPRD,X,X,NA,BPRD,048,PARK_Maintenance_Region 1,48,YES,02128,0105924000,0,NA,NA,0.002336108608661,4.00351127e-7,NA
Rossmore/Stedman Park,City of Boston,A97,3,Jamaica Plain,0.0735655,40 Rossmore Street,Open Space District,"Parks, Playgrounds & Athletic Fields",BPRD,BPRD,X,X,NA,BPRD,271,PARK_Maintenance_Region 3,271,YES,02130,1102791000,1977,NA,NA,7.88150529077e-4,3.2504945e-8,"MULTIPOLYGON (((-71.106504343999973 42.304766036000046, -71.106601080999951 42.304837100000043, -71.106800297999939 42.304650317000039, -71.106702378999955 42.304577830000028, -71.106504343999973 42.304766036000046)))"
Brewer-Burroughs Tot Lot,City of Boston,A97,3,Jamaica Plain,0.19124906,2P Brewer Street,Open Space District,"Parks, Playgrounds & Athletic Fields",BPRD,BPRD,X,X,NA,BPRD,031,PARK_Maintenance_Region 3,31,YES,02130,1901875000,1973,NA,NA,0.001166546786541,8.4512116e-8,"MULTIPOLYGON (((-71.115379238999935 42.311558422000076, -71.115397921999943 42.311825243000044, -71.115471355999944 42.311883108000075, -71.115751112999988 42.311672612000052, -71.115577797999947 42.311547510000025, -71.115489909999951 42.311484064000069, -71.115379238999935 42.311558422000076)))"
The Fenway I,City of Boston,A97/NRHP,2,Fenway/Longwood,6.75106179,The Fenway from Emanuel College to Boston Conservatory of Music (Brookline Ave to Boylston St),Residential District,"Parkways, Reservations & Beaches",DCR,DCR,X,X,Fenway Parkway,DCR,NA,INFO_Reallocation From Dept,2194,YES,"02115, 02215",NA,0,NA,NA,0.08096736266259,2.984654259e-6,NA
Public Ground,City of Boston,A97,1,Allston-Brighton,0.06371687,Cambridge & Henshaw Streets,Commercial/Office/Business District,"Malls, Squares & Plazas",BPRD,BPD,X,X,NA,BPRD,345,INFO_Reallocation From Dept,345,YES,02135,2202388000,0,NA,NA,6.59748724918e-4,2.8172794e-8,NA
Tebroc Street Playlot,City of Boston,A97,3,Dorchester,0.07342224,151 Bowdoin Street,Residential District,"Parks, Playgrounds & Athletic Fields",BPRD,BPRD,X,X,NA,BPRD,349,PARK_Maintenance_Region 2,349,YES,02122,"1500952010,1500951000",0,NA,NA,8.27306189253e-4,3.2440878e-8,"MULTIPOLYGON (((-71.070137756999941 42.30361023100005, -71.070183125999961 42.303672880000079, -71.070304086999954 42.303841682000041, -71.070408655999984 42.303803881000078, -71.070289326999955 42.303630500000054, -71.070303434999971 42.303624870000078, -71.070259175999979 42.303563788000076, -71.070137756999941 42.30361023100005)))"
Aquarium Harborwalk I,Private,Ch91/WPA,1,Downtown,0.57319825,248 Atlantic Avenue,Special District,"Malls, Squares & Plazas",Private,NULL,N,X,Central Wharf Harborwalk,NA,NA,INFO_Reallocation From Dept,7149,YES,02110,NA,0,NA,NA,0.010557734213474,2.53482379e-7,NA
Hanlon Square,City of Boston,A97,1,Mission Hill,0.05681587,725 Huntington Avenue,Open Space District,"Malls, Squares & Plazas",BPRD,BPRD,X,X,Francis Circle,BPRD,140,PARK_Maintenance_Region 3,140,YES,02115,1000197500,0,NA,NA,9.75890194725e-4,2.5115438e-8,NA
Essex Square,City of Boston,A97,1,Charlestown,0.02510107,23-25 Essex Street,Residential District,"Malls, Squares & Plazas",BPRD,BPRD,X,X,NA,BPRD,337,PARK_Maintenance_Region 3,337,YES,02129,0202551000,0,NA,NA,4.32821716835e-4,1.1103913e-8,NA
Mt. Pleasant Play Area,City of Boston,A97,3,Roxbury,0.39857187,30 Mt. Pleasant Avenue,Open Space District,"Parks, Playgrounds & Athletic Fields",BPRD,BPRD,X,X,NA,BPRD,208,PARK_Maintenance_Region 5,208,YES,02119,"0802668001,0802694000,0802693000,0802692000",0,NA,NA,0.001845987082764,1.76170233e-7,NA
Joslin Park,City of Boston,A97,1,Fenway/Longwood,0.30792949,10 Joslin Place,Institutional District,"Malls, Squares & Plazas",BPRD,BPRD,X,X,NA,BPRD,168,PARK_Maintenance_Region 3,168,YES,02215,0401966000,0,NA,NA,0.002218557407977,1.36129832e-7,"MULTIPOLYGON (((-71.108250490999978 42.338183022000067, -71.109083705999979 42.338666633000059, -71.109187929999962 42.338567608000062, -71.108361020999951 42.338079721000042, -71.108250490999978 42.338183022000067)))"
Portsmouth Street Playground,City of Boston,A97/UPARR,3,Allston-Brighton,4.26129078,35 Portsmouth Street,Open Space District,"Parks, Playgrounds & Athletic Fields",BPRD,BPRD,X,X,NA,BPRD,243,PARK_Maintenance_Region 4,243,YES,02135,2200664000,0,NA,NA,0.006298466740747,1.884459701e-6,NA
Heath Square,City of Boston,A97,1,Jamaica Plain,0.09790836,65 Heath Street,Residential District,"Malls, Squares & Plazas",BPRD,BPRD,X,X,NA,BPRD,150,PARK_Maintenance_Region 3,150,YES,02130,1002467500,0,NA,NA,7.51379290318e-4,4.3275289e-8,NA
Emmel Square,City of Boston,A97,1,Roslindale,0.01828284,23 South Fairview Street,Residential District,"Malls, Squares & Plazas",BPRD,BPRD,X,X,"Gustav Emmel Square, Carruth Square, Emmet Square (sic)",BPRD,336,PARK_Maintenance_Region 3,336,YES,02131,ROW,0,NA,NA,4.53747435866e-4,8.076011e-9,NA
Tremlett Square,City of Boston,A97,1,Dorchester,0.15810029,39P Tremlett Street,Residential District,"Malls, Squares & Plazas",BPRD,BPRD,X,X,Town Meeting Park,BPRD,305,PARK_Maintenance_Region 2,305,YES,02124,ROW,0,NA,NA,0.002260123542331,6.9846398e-8,NA
Bonito Square,City of Boston,NA,1,East Boston,0.06216135,Orient & Waldemar Avenues,Residential District,"Malls, Squares & Plazas",NULL,BPRD,N,X,Joseph A. Bonito Square;  Walley Park,BPWD,NA,PARK_Maintenance_Region 1,2102,YES,02128,ROW,0,NA,NA,7.87124629068e-4,2.7502414e-8,NA
Richardson Park,Commonwealth of Massachusetts,A97,1,Dorchester,1.1142583,735 Columbia Road,Residential District,"Malls, Squares & Plazas",DCR,DCR,X,X,NA,DCR,NA,INFO_Reallocation From Dept,3088,YES,02125,NA,0,NA,NA,0.003102469741166,4.92449587e-7,NA
Roberts Playground,City of Boston,A97,3,Dorchester,10.22630057,56 Dunbar Avenue,Residential District,"Parks, Playgrounds & Athletic Fields",BPRD,BPRD,X,X,NA,BPRD,265,PARK_Maintenance_Region 2,265,YES,02124,1701747000,1930,NA,NA,0.010247198289958,4.517130078e-6,NA
Willow Pond Meadow,Commonwealth of Massachusetts,A97/WPA,3,Jamaica Plain,6.25209258,NA,Open Space District,"Parks, Playgrounds & Athletic Fields",DCR,DCR,X,X,Olmsted Park;  Former Kelly Rink Site,DCR,NA,INFO_Reallocation From Dept,3090,YES,02130,NA,0,NA,NA,0.006638443439528,2.763333715e-6,NA
Olmsted Park,City of Boston,A97/NRHP/WPA/Ch91/NHESP/RSP,3,Jamaica Plain,42.82531199,217 Jamaicaway,Open Space District,"Parks, Playgrounds & Athletic Fields",BPRD,BPRD,X,X,Daisy Field,BPRD,221,PARK_Maintenance_Region 3,221,YES,02130,1001585000,1890,NA,NA,0.027204904840079,1.8928533867e-5,NA
Frieda Garcia Park,City of Boston,A97,3,Back Bay/Beacon Hill,0.26781754,95-111 Clarendon Street,Commercial/Office/Business District,"Parks, Playgrounds & Athletic Fields",BPRD,Private,X,X,NA,BPRD,127,PARK_Maintenance_Region 6,127,YES,02116,"0401144000,0401143000,0401142000",2013,NA,NA,0.001699406549872,1.18415107e-7,"MULTIPOLYGON (((-71.073844809999969 42.348141547000068, -71.073804908999989 42.348060193000038, -71.07336956499995 42.348060372000077, -71.073274758999958 42.348059026000044, -71.073209738999935 42.348059177000039, -71.073071828999957 42.348173227000075, -71.073104073999957 42.348195210000029, -71.073157090999985 42.348231005000059, -71.073257726999941 42.348301866000043, -71.073844809999969 42.348141547000068)))"
Raymond V. Mellone Park II,City of Boston,100,3,Allston-Brighton,0.47515493,NA,Special District,"Parks, Playgrounds & Athletic Fields",NULL,BPRD,N,X,Library Park II,BPL,NA,INFO_Reallocation From Dept,2198,YES,02134,2200350010,0,NA,NA,0.003109389015499,2.10129664e-7,NA
Rena Park,Private,Zoning Agrmnt,3,Allston-Brighton,2.22405521,288 - 290 N Harvard Street,Special District,"Parks, Playgrounds & Athletic Fields",Private,Private,N,X,NA,NA,7193,INFO_Reallocation From Dept,7193,YES,02134,NA,0,NA,NA,0.006375176176247,9.83562262e-7,NA
Stony Brook Reservation III,Commonwealth of Massachusetts,A97/WPA/NHP,2,Hyde Park,70.24375839,95 Turtle Pond Parkway,Residential District,"Parkways, Reservations & Beaches",DCR,NULL,X,X,NA,NA,NA,INFO_Reallocation From Dept,3091,YES,"02136, 02131",NA,0,NA,NA,0.053147167543941,3.101762787e-5,NA
George Wright Golf Course,City of Boston,A97,3,Hyde Park,155.98354653,"420 West Street 
260 West Street",Residential District,"Parks, Playgrounds & Athletic Fields",BPRD,BPRD,X,X,NA,BPRD,132,PARK_Maintenance_Region 4,132,YES,"02136, 02131",1811338000,1930,NA,NA,0.045472851641614,6.8880913304e-5,NA
DeForest Urban Wild,City of Boston,A97,6,Hyde Park,1.02382318,NA,Residential District,Urban Wilds,BCC,BPRD,X,X,Deforest Street Urban Wild,BCC,NA,PARK_Maintenance_Region 4,1029,YES,02136,"1808647000,1808650000,1808643000,1808645000,1808649000,1808646000,1808648000,1808652000,1808644000,1808651000",0,NA,NA,0.003605182957372,4.52115148e-7,NA
ICA Pier Walk,Private,NA,1,South Boston,0.29264816,100 Northern Avenue,Commercial/Office/Business District,"Malls, Squares & Plazas",Private,NULL,N,X,NA,NA,NA,INFO_Reallocation From Dept,7156,YES,02210,NA,0,NA,NA,0.003340712743803,1.29403634e-7,"MULTIPOLYGON (((-71.042653690999941 42.352920968000035, -71.042590271999984 42.353002716000049, -71.043127369999979 42.353208732000041, -71.043409254999972 42.352904245000047, -71.043442338999967 42.352866894000044, -71.043505011999969 42.352796647000048, -71.043426781999983 42.35276066800003, -71.042936402999942 42.35253556300006, -71.042898835999949 42.352581021000049, -71.04338463199997 42.352784143000065, -71.043083364999973 42.353090717000043, -71.042653690999941 42.352920968000035)))"
Fan Pier Harborwalk,Private,NA,1,South Boston,1.66181965,NA,Special District,"Malls, Squares & Plazas",Private,NULL,N,X,NA,NA,NA,INFO_Reallocation From Dept,7157,YES,02210,NA,0,NA,NA,0.009464658231677,7.34846901e-7,NA
McLaughlin Playground,City of Boston,A97/LWCF,3,Mission Hill,11.66957972,239 Parker Hill Avenue,Open Space District,"Parks, Playgrounds & Athletic Fields",BPRD,BPRD,X,X,NA,BPRD,194,PARK_Maintenance_Region 3,194,YES,02120,1001214000,1912,NA,NA,0.014055582418743,5.158016889e-6,NA
Parker Hilltop,Private,A97/CR,6,Mission Hill,1.69475436,225 Parker Hill Avenue,Institutional District,Urban Wilds,BCC,Private+BPRD,X,X,The Meadow,NA,NA,PARK_Maintenance_Region 3,1030,YES,02120,1001213000,0,NA,NA,0.003602277410648,7.4910902e-7,"MULTIPOLYGON (((-71.104368033999947 42.329399806000026, -71.104959720999943 42.329575438000063, -71.105527080999934 42.328568577000055, -71.104757072999973 42.328428141000074, -71.104368033999947 42.329399806000026)))"
LoPresti Park,City of Boston,A97/LWCF/PARC/WPA,3,East Boston,3.23417929,33 Sumner Street,Open Space District,"Parks, Playgrounds & Athletic Fields",BPRD,BPRD,X,X,NA,BPRD,182,PARK_Maintenance_Region 1,182,YES,02128,0105404000,1977,NA,NA,0.008115575705058,1.430475329e-6,NA
Raymond V. Mellone Park I,City of Boston,A97,3,Allston-Brighton,1.08096868,288-308 North Harvard Street,Special District,"Parks, Playgrounds & Athletic Fields",BPRD,BPRD,X,X,Library Park I,BPRD,255,INFO_Reallocation From Dept,255,YES,02134,2200344010,0,NA,NA,0.003560301604906,4.7804291e-7,NA
General Edward O. Gourdin African-American Veterans Memorial Park,City of Boston,A97,1,Roxbury,0.50447728,2405 Washington Street,Commercial/Office/Business District,"Malls, Squares & Plazas",BPRD,BPRD,X,X,"Peace Park, Justice Gourdin Park I",BPRD,136,PARK_Maintenance_Region 5,136,YES,02119,"0903160000,0903159010,0903242010,0903241010,0903220030",0,NA,NA,0.001952203613892,2.22987009e-7,NA
Elliot Norton Park,City of Boston,A97/LWCF,3,Downtown,0.9450669,295 Tremont Street,Special District,"Parks, Playgrounds & Athletic Fields",BPRD,BPRD,X,X,NA,BPRD,104,PARK_Maintenance_Region 1,104,YES,02116,"0500068050,0500068000,0500068040,0500068010",1991,NA,NA,0.00386381895119,4.17867435e-7,NA
Bay Village Neighborhood Park,City of Boston,NA,1,Downtown,0.0940145,Charles Street S & Melrose Street,Commercial/Office/Business District,"Malls, Squares & Plazas",PWD,NULL,X,X,NA,PWD,NA,PARK_Maintenance_Region 1,2108,YES,02116,NA,0,NA,NA,8.76977104447e-4,4.1569469e-8,"MULTIPOLYGON (((-71.066653668999948 42.349409563000052, -71.06670562499994 42.349643700000058, -71.066954320999969 42.349557459000039, -71.066717093999955 42.349372813000059, -71.066653668999948 42.349409563000052)))"
Beauford Play Area,City of Boston,A97,3,Roxbury,0.23574211,127 Howard Avenue,Open Space District,"Parks, Playgrounds & Athletic Fields",BPRD,BPRD,X,X,NA,BPRD,018,PARK_Maintenance_Region 5,18,YES,02125,"1300645000,1300643000,1300642000,1300644000",1965,NA,NA,0.001341419182421,1.04180741e-7,"MULTIPOLYGON (((-71.075473553999984 42.315848669000047, -71.075464101999955 42.315963775000057, -71.075737406999963 42.31602263700006, -71.075837537999973 42.316045035000059, -71.075930399999947 42.315812363000077, -71.075837500999967 42.315791466000064, -71.075711923999961 42.315763213000025, -71.075485250999975 42.315712215000076, -71.075473553999984 42.315848669000047)))"
Children's Park,City of Boston,A97,3,Dorchester,0.3485543,81-85 Intervale Street,Open Space District,"Parks, Playgrounds & Athletic Fields",BPRD,BPRD,X,X,NA,BPRD,055,PARK_Maintenance_Region 5,55,YES,02121,"1400374000,1400372020,1400373000,1400372000",1974,NA,NA,0.001757693633118,1.54022458e-7,NA
Winthrop Playground,City of Boston,A97/PARC/UPARR,3,Roxbury,1.56102706,21 Danube Street,Open Space District,"Parks, Playgrounds & Athletic Fields",BPRD,BPRD,X,X,NA,BPRD,325,PARK_Maintenance_Region 5,325,YES,02125,1300477000,1911,NA,NA,0.003381425245093,6.89874512e-7,"MULTIPOLYGON (((-71.075537793999956 42.317533039000068, -71.075420658999974 42.31781502900003, -71.07614707099998 42.317994979000048, -71.076548055999979 42.317098320000071, -71.076234996999972 42.31705620300005, -71.076135366999949 42.317043411000043, -71.075806672999988 42.316999434000024, -71.075537793999956 42.317533039000068)))"
Denton Square,City of Boston,A97,1,Roxbury,0.07436144,1 Wayland Street,Open Space District,"Malls, Squares & Plazas",BPRD,BPRD,X,X,NA,BPRD,086,PARK_Maintenance_Region 5,86,YES,02125,1301019000,0,NA,NA,9.16425673361e-4,3.2861054e-8,NA
Ceylon Park,City of Boston,A97/USH,3,Dorchester,4.6435663,105 Ceylon Street,Open Space District,"Parks, Playgrounds & Athletic Fields",BPRD,BPRD,X,X,NA,BPRD,049,PARK_Maintenance_Region 5,49,YES,02121,"1400147000,1400124000,1400120000,1400123000,1400122000,1400121000",1923,NA,NA,0.008207250783413,2.051930985e-6,NA
Hannon Playground,City of Boston,A97/AUL,3,Roxbury,1.96737739,621 Dudley Street,Open Space District,"Parks, Playgrounds & Athletic Fields",BPRD,BPRD,X,X,Mary Hannon Plgd,BPRD,141,PARK_Maintenance_Region 5,141,YES,02125,"1300172000,1300173000,1300171000,1300170000",1940,NA,NA,0.003772295281469,8.6948537e-7,NA
Portal Park,MassDOT,A97/CAT Mit,1,Downtown,0.36661671,Causeway St above O'Neill Tunnel Entrance Portal (Zakim Bridge Approach),Open Space District,"Malls, Squares & Plazas",DCR,DCR,X,X,O'Neill Tunnel Portal Park,NA,NA,INFO_Reallocation From Dept,4082,YES,02114,NA,0,NA,NA,0.001877307566167,1.62144928e-7,NA
Healy Playground,City of Boston,A97/USH,3,Roslindale,9.60455983,160 Florence Street,Residential District,"Parks, Playgrounds & Athletic Fields",BPRD,BPRD,X,X,NA,BPRD,149,PARK_Maintenance_Region 4,149,YES,02131,1903209000,1902,NA,NA,0.009362857500238,4.242694074e-6,NA
Menino Park,City of Boston,A97/WPA/Ch91,3,Charlestown,1.23669997,First Avenue & Sixteenth Street,Special District,"Parks, Playgrounds & Athletic Fields",BPRD,Private,X,X,"Mayor Thomas M. Menino Park, Parcel 5 Park, Spaulding Park",BPRD,2202,INFO_Reallocation From Dept,2202,YES,02129,0203517800,0,NA,NA,0.003690774370254,5.47062547e-7,"MULTIPOLYGON (((-71.048914557999979 42.378114610000068, -71.047815247999949 42.377135467000073, -71.048239215999956 42.378508374000035, -71.048914557999979 42.378114610000068)))"
Spectacle Island I,City of Boston,A97,3,Harbor Islands,86.00348636,5 Spectacle Island,Industrial District,"Parks, Playgrounds & Athletic Fields",BPRD,DCR,X,X,Spectacle Island,BPRD,290,INFO_Reallocation From Dept,290,YES,NA,"0107073100,0107072000,0107071000,0107073000,0107070000,0107074000",0,NA,NA,0.037278945593394,3.8012818421e-5,NA
Spectacle Island II,Commonwealth of Massachusetts,A97,3,Harbor Islands,25.52197761,5 Spectacle Island,Industrial District,"Parks, Playgrounds & Athletic Fields",DCR,DCR,X,X,Spectacle Island,DCR,NA,INFO_Reallocation From Dept,3093,YES,NA,NA,0,NA,NA,0.02151072255131,1.1279928755e-5,NA
Cook Street Play Area,City of Boston,A97,3,Charlestown,0.10135292,15 Hill Street,Residential District,"Parks, Playgrounds & Athletic Fields",BPRD,BPRD,X,X,NA,BPRD,068,PARK_Maintenance_Region 1,68,YES,02129,0201637000,0,NA,NA,0.001064208548566,4.4836028e-8,NA
Spaulding Rehabilitation Plaza,Private,WPA/Ch91,1,Charlestown,0.29724209,300 First Avenue,Special District,"Malls, Squares & Plazas",Private,Private,N,X,NA,NA,NA,INFO_Reallocation From Dept,7164,NO,02129,NA,0,NA,NA,0.002817944583421,1.31489992e-7,NA
Navy Yard Grounds,United States of America,NHL,3,Charlestown,3.58076109,NA,Industrial District,"Parks, Playgrounds & Athletic Fields",National Park Service,NULL,X,X,Boston National Historical Par,NPS,NA,INFO_Reallocation From Dept,5002,YES,02129,NA,0,NA,NA,0.017509039884436,1.583880508e-6,NA
Christopher Columbus Park,City of Boston,A97/LWCF/Ch91/WPA,3,Downtown,4.86711067,110 Atlantic Avenue,Open Space District,"Parks, Playgrounds & Athletic Fields",BPRD,BPRD,X,X,Waterfront Park,BPRD,056,PARK_Maintenance_Region 1,56,YES,02110,"0303024000,0303022000",1975,NA,NA,0.006339646214151,2.152425938e-6,NA
Long Wharf,BRA,LWCF/Ch91/WPA,1,Downtown,3.90121799,206-214 Atlantic Avenue (Harbor End of Wharf),Special District,"Malls, Squares & Plazas",National Park Service,BRA,X,X,Long Wharf Plaza,BRA,NA,INFO_Reallocation From Dept,2209,YES,02110,NA,0,NA,NA,0.014069024315231,1.725248179e-6,NA
Peter Looney Park,City of Boston,A97,3,Charlestown,0.66841264,34 Union Street,Residential District,"Parks, Playgrounds & Athletic Fields",BPRD,BPRD,X,X,Rutherford Union Playground,BPRD,235,PARK_Maintenance_Region 1,235,YES,02129,0203850000,1912,NA,NA,0.002927234099421,2.95660268e-7,NA
Charlestown Naval Shipyard Park,BRA,A97/LWCF/Ch91/WPA,3,Charlestown,9.58137896,21 Second Ave,Commercial/Office/Business District,"Parks, Playgrounds & Athletic Fields",NULL,NULL,X,X,Shipyard Park,NA,NA,PARK_Maintenance_Region 1,2211,YES,02129,NA,0,NA,NA,0.024795346176048,4.23809795e-6,NA
Constitution Beach,Commonwealth of Massachusetts,A97,2,East Boston,25.31312251,799 Bennington Street,Open Space District,"Parkways, Reservations & Beaches",DCR,NULL,X,X,Orient Heights Beach,NA,NA,INFO_Reallocation From Dept,3094,YES,02128,NA,0,NA,NA,0.024804127931705,1.1198368347e-5,NA
Massport Harborwalk,Massport,AM/Ch91/WPA,1,East Boston,2.47147688,NA,Industrial District,"Malls, Squares & Plazas",MA EOEEA,Massport,N,X,NA,Massport,NA,INFO_Reallocation From Dept,4085,YES,02128,NA,0,NA,NA,0.018628982158706,1.092999194e-6,NA
Nira Rock,City of Boston,A97,6,Jamaica Plain,1.44765801,22 Nira Avenue,Open Space District,Urban Wilds,BPRD,BPRD,X,X,NA,BPRD,214,PARK_Maintenance_Region 3,214,YES,02130,"1001694000,1001728000,1001725000,1001722000,1001727000,1001719000,1001720000,1001718000,1001721000,1001697000,1001726000,1001717000,1001723000,1001724000",0,NA,NA,0.00369585771377,6.39851911e-7,NA
Jefferson Playground,City of Boston,A97/USH,3,Jamaica Plain,3.40077451,10 Grotto Glen Road,Open Space District,"Parks, Playgrounds & Athletic Fields",BPRD,BPRD,X,X,NA,BPRD,165,PARK_Maintenance_Region 3,165,YES,02130,1001672000,1924,NA,NA,0.005708827071738,1.503128818e-6,NA
Arborway I,Commonwealth of Massachusetts,A97/GPOD,2,Jamaica Plain,16.77583932,NA,Open Space District,"Parkways, Reservations & Beaches",DCR,DCR,X,X,NA,NA,NA,INFO_Reallocation From Dept,3095,YES,02130,NA,0,NA,NA,0.138088568886939,7.412607726e-6,NA
Amory Street Park,City of Boston,A97,3,Jamaica Plain,0.1222465,108 Amory Street,Residential District,"Parks, Playgrounds & Athletic Fields",BPRD,BPRD,X,X,NA,BPRD,350,PARK_Maintenance_Region 3,350,YES,02119,"1101139000,1101140000",2017,NA,NA,0.001028738684513,5.402715e-8,NA
Puopolo Playground,City of Boston,A97/Ch91/WPA,3,Downtown,2.65424443,517 Commercial Street,Open Space District,"Parks, Playgrounds & Athletic Fields",BPRD,BPRD,X,X,NA,BPRD,248,PARK_Maintenance_Region 1,248,YES,02109,0303055000,0,NA,NA,0.005995499051165,1.173946455e-6,NA
Stony Brook Reservation II,Commonwealth of Massachusetts,A97,2,West Roxbury,141.63131815,95 Turtle Pond Parkway,Residential District,"Parkways, Reservations & Beaches",DCR,NULL,X,X,NA,NA,NA,INFO_Reallocation From Dept,3097,YES,"02132, 02136",NA,0,NA,NA,0.07996375607387,6.2539329451e-5,NA
A Street Park,City of Boston,A97,3,South Boston,1.36072622,135-141 A Street,Special District,"Parks, Playgrounds & Athletic Fields",BPRD,Private,X,X,Channel Center Park,BPRD,335,INFO_Reallocation From Dept,335,YES,02210,0602749020,2016,NA,NA,0.003293238448945,6.01602112e-7,NA
Fort Point Channel Harborwalk,Private,CAT Mit,1,South Boston,1.4139556,NA,Industrial District,"Malls, Squares & Plazas",Private,NULL,N,X,NA,NA,NA,INFO_Reallocation From Dept,7174,YES,"02210, 02127",NA,0,NA,NA,0.014804244222504,6.25174602e-7,NA
Franklin Park,City of Boston,A97/WPA/NRHP,3,Roxbury,392.184751,"25 Pierpont Road 
155 Seaver Street (Tiffany Moore) 
450 Walnut Avenue (El Parquesito de la Hermandad) 
1 Franklin Park Drive (Zoo) 
1 Jewish War Mem Veteran's Dr (Club House) 
100 Jewish War Memorial Veteran's Dr (Mtce Yard) 
35 American Legion Hwy (Mot",Open Space District,"Parks, Playgrounds & Athletic Fields",BPRD,BPRD,X,X,NA,BPRD,124,PARK_Maintenance_Region 3,124,YES,"02130, 02121","1203487001,1203486000",1883,NA,NA,0.117779947817783,1.73279623754e-4,NA
Charlesgate I,Commonwealth of Massachusetts,A97,2,Fenway/Longwood,6.59092732,"Btwn Storrow Dr, Mass Pike, Charlesgate East & Charlesgate West",Residential District,"Parkways, Reservations & Beaches",DCR,DCR,X,X,Charlesgate (contains Bowker Overpass),NA,NA,INFO_Reallocation From Dept,3098,YES,02215,NA,0,NA,NA,0.028349452925341,2.914232204e-6,NA
Adams Park,City of Boston,A97,3,Roslindale,0.70516097,4225 Washington Street,Commercial/Office/Business District,"Parks, Playgrounds & Athletic Fields",BPRD,Private,X,X,"Irving W. Adams Park, Roslindale Square, Hartin Square",BPRD,001,PARK_Maintenance_Region 4,1,YES,02131,2000037000,1919,NA,NA,0.002574921333117,3.1148677e-7,NA
Arnold Arboretum,City of Boston,A97/GPOD/WPA,3,Jamaica Plain,224.27199227,125 The Arborway; 25 Bussey Street,Open Space District,"Parks, Playgrounds & Athletic Fields",BPRD,Private,X,X,NA,BPRD,011,PARK_Maintenance_Region 3,11,YES,"02130, 02131","1902795000,1902799000,1902801000",1882,NA,NA,0.070123680772695,9.9084819019e-5,NA
Hunt Playground,City of Boston,A97,3,Mattapan,18.67454331,40 Almont Street,Open Space District,"Parks, Playgrounds & Athletic Fields",BPRD,BPRD,X,X,Almont Park,BPRD,006,PARK_Maintenance_Region 2,6,YES,02126,"1802159003,1802158000,1802191000,1802193000,1802125000,1802192000,1802198000",1924,NA,NA,0.01521233665256,8.24738512e-6,NA
Pope John Paul II Park I,Commonwealth of Massachusetts,A97/ACEC/WPA,2,Dorchester,70.0061796,Hallet Street,Open Space District,"Parkways, Reservations & Beaches",DCR,DCR,X,X,NA,DCR,NA,INFO_Reallocation From Dept,3099,YES,"02124, 02122",NA,0,NA,NA,0.064106768524704,3.0920266761e-5,NA
Port Norfolk Park,Commonwealth of Massachusetts,A97/ACEC/WPA,2,Dorchester,12.72565183,NA,Open Space District,"Parkways, Reservations & Beaches",DCR,DCR,X,X,NA,DCR,NA,INFO_Reallocation From Dept,3100,YES,02122,NA,0,NA,NA,0.018307056880701,5.621377688e-6,NA
Pope John Paul II Park II,MBTA,NA,2,Dorchester,0.33162498,NA,Open Space District,"Parkways, Reservations & Beaches",DCR,DCR,N,X,"Neponset River Greenway, Lower Neponset River Trail",MBTA,NA,INFO_Reallocation From Dept,4091,YES,02122,NA,0,NA,NA,0.002820360065794,1.46485041e-7,NA
West Link Park,Commonwealth of Massachusetts,A97/WPA/Ch91,2,Dorchester,3.5877647,NA,Commercial/Office/Business District,"Parkways, Reservations & Beaches",DCR,DCR,X,X,Dorchester Shores Reservation,DCR,NA,INFO_Reallocation From Dept,3102,YES,02125,NA,0,NA,NA,0.007918569926042,1.585694342e-6,NA
Carson Beach,Commonwealth of Massachusetts,A97,2,South Boston,24.64637879,165 HarborWalk,Open Space District,"Parkways, Reservations & Beaches",DCR,NULL,X,X,NA,NA,NA,INFO_Reallocation From Dept,3103,YES,"02125, 02127",NA,0,NA,NA,0.043996623763469,1.0893777515e-5,NA
Commercial Point,Commonwealth of Massachusetts,A97/WPA/Ch91/LWCF,2,Dorchester,2.3815353,NA,Special District,"Parkways, Reservations & Beaches",DCR,DCR,X,X,Dorchester Shores Reservation,DCR,NA,INFO_Reallocation From Dept,3104,YES,02122,NA,0,NA,NA,0.005859808714831,1.052227206e-6,NA
Charles River Reservation,Commonwealth of Massachusetts,A97/Ch91/WPA,2,Multi-District,171.8958094,1175A Soldiers Field Road,Open Space District,"Parkways, Reservations & Beaches",DCR,DCR,X,X,"Charles River Esplanade, Herter Park, Daley Field",DCR,NA,INFO_Reallocation From Dept,3105,YES,"02134, 02115, 02163, 02135, 02114, 02108, 02116, 0",NA,0,NA,NA,0.560471538940369,7.6019960349e-5,NA
Forbes Street Playground,City of Boston,A97,3,Jamaica Plain,0.09115373,60 Forbes Street,Residential District,"Parks, Playgrounds & Athletic Fields",BPRD,BPRD,X,X,NA,BPRD,120,PARK_Maintenance_Region 3,120,YES,02130,"1002525020,1002526000",0,NA,NA,8.55100572461e-4,4.0285996e-8,"MULTIPOLYGON (((-71.105871867999952 42.32055151000003, -71.105907320999961 42.320599103000063, -71.105961234999938 42.320671481000034, -71.106217606999962 42.320560674000035, -71.106163268999978 42.320489373000044, -71.106127845999936 42.320442847000038, -71.105871867999952 42.32055151000003)))"
Union Park Street Playground,Boston Water & Sewer Commission,Lease,3,South End,0.40978108,125 Union Park Street,Special District,"Parks, Playgrounds & Athletic Fields",BPRD,BPRD,N,X,NA,BWSC,309,PARK_Maintenance_Region 6,309,YES,02118,"0801093010,0801092000",0,NA,NA,0.001906901387391,1.81159679e-7,"MULTIPOLYGON (((-71.065158758999985 42.33958277000005, -71.065710618999958 42.339761788000033, -71.065926913999988 42.339381348000074, -71.065670491999981 42.339304390000052, -71.065486818999943 42.33943471200007, -71.065436740999985 42.339397839000071, -71.065390587999957 42.33943238300003, -71.065158758999985 42.33958277000005)))"
Porzio Park,City of Boston,A97/LWCF/WPA/Ch91,3,East Boston,2.5042272,14 Jeffries Street,Open Space District,"Parks, Playgrounds & Athletic Fields",BPRD,BPRD,X,X,Jeffries Point Park,BPRD,244,PARK_Maintenance_Region 1,244,YES,02128,"0104418000,0104416000,0104437000",1975,NA,NA,0.007612637013179,1.107527144e-6,NA
Ross Playground,City of Boston,A97,3,Hyde Park,13.12502108,145 Westminster Street,Residential District,"Parks, Playgrounds & Athletic Fields",BPRD,BPRD,X,X,NA,BPRD,270,PARK_Maintenance_Region 4,270,YES,02136,1807056000,1936,NA,NA,0.009948762108299,5.795551374e-6,NA
Mt. Hope Cemetery,City of Boston,Ch114S7/A97,4,Roslindale,125.0468468,355 Walk Hill Street,Residential District,Cemeteries & Burying Grounds,BPRD,BPRD,X,X,NA,BPRD,207,PARK_Cemetery Maintenance Request,207,YES,02131,1806135000,1851,NA,NA,0.038044192853972,5.5232400564e-5,NA
Calvary Cemetery,Private,NA,4,Roslindale,47.23675313,Mount Calvary Road,Residential District,Cemeteries & Burying Grounds,Private,Private,N,NA,NA,NA,NA,INFO_Reallocation From Dept,7186,NO,02131,NA,0,NA,NA,0.020386863778334,2.0862564684e-5,NA
New Calvary Cemetery,Private,NA,4,Mattapan,59.44638597,800 Harvard Street,Open Space District,Cemeteries & Burying Grounds,Private,Private,N,NA,NA,NA,NA,INFO_Reallocation From Dept,7187,NO,02126,NA,0,NA,NA,0.024921631120605,2.6255874772e-5,NA
Savin Hill Park,City of Boston,A97,3,Dorchester,8.29027606,25 Caspian Way,Residential District,"Parks, Playgrounds & Athletic Fields",BPRD,BPRD,X,X,NA,BPRD,276,PARK_Maintenance_Region 2,276,YES,02125,1302499000,1909,NA,NA,0.00877960837395,3.663396154e-6,NA
Southwest Corridor Park,MBTA,A97,2,Multi-District,48.47692883,38 New Heath Street,Industrial District,"Parkways, Reservations & Beaches",DCR,DCR,X,X,NA,DCR,NA,INFO_Reallocation From Dept,4093,YES,"02118, 02130, 02119, 02115, 02116, 02120",NA,0,NA,NA,0.161933185359525,2.1425178291e-5,NA
Orton Field,City of Boston,A97,3,South Boston,1.59444514,200 D Street,Residential District,"Parks, Playgrounds & Athletic Fields",BPRD,BPRD,X,X,Condon Playground,BPRD,222,PARK_Maintenance_Region 6,222,YES,02127,0600312000,0,NA,NA,0.003446889856691,7.04878879e-7,NA
Paul Gore Street Park,City of Boston,A97,3,Jamaica Plain,0.73401153,60 Paul Gore Street,Open Space District,"Parks, Playgrounds & Athletic Fields",BPRD,BPRD,X,X,Paul Gore Street Garden;  Paul Gore Street Playground,BPRD,230,PARK_Maintenance_Region 3,230,YES,02130,1900248000,0,NA,NA,0.002538829572003,3.24399021e-7,NA
Allen Park,City of Boston,A97,3,Dorchester,1.2934467,1-19 Church Street,Residential District,"Parks, Playgrounds & Athletic Fields",BPRD,BPRD,X,X,"Rev James K Allen Park, James F Donovan Park, Dorchester Square or Common",BPRD,005,PARK_Maintenance_Region 2,5,YES,02122,1500365000,0,NA,NA,0.003092097785888,5.71537989e-7,NA
Boston Nature Center_Visitor Ctr,City of Boston,Trust Fund,3,Mattapan,2.33062761,500 Walk Hill Street,Industrial District,"Parks, Playgrounds & Athletic Fields",White Fund,Mass Audubon Society,X,X,G R White Env Conserv Ctr,NA,NA,INFO_Reallocation From Dept,2125,YES,"02126, 02131",NA,0,NA,NA,0.004105133260329,1.029519673e-6,"MULTIPOLYGON (((-71.101249025999948 42.287800716000049, -71.100783104999948 42.287889894000045, -71.100701471999969 42.287907265000058, -71.10063637099995 42.288535047000039, -71.101263801999949 42.288691077000067, -71.101958797999941 42.28875828200006, -71.101765801999989 42.287726845000066, -71.101249025999948 42.287800716000049)))"
Boston Nature Center,Private,LandTrust/Statt,6,Mattapan,58.53167285,500 Walk Hill Street,Industrial District,Urban Wilds,Mass Audubon Society,Mass Audubon Society,X,X,NA,NA,NA,INFO_Reallocation From Dept,7189,YES,"02126, 02131",NA,0,NA,NA,0.038891905626899,2.5855509839e-5,NA
Cunningham Park,City of Boston,A97,1,Allston-Brighton,0.17970201,725 Cambridge Street,Open Space District,"Malls, Squares & Plazas",BPRD,BPRD,X,X,NA,BPRD,075,PARK_Maintenance_Region 4,75,YES,02135,2202327000,0,NA,NA,0.001465140932583,7.9457678e-8,"MULTIPOLYGON (((-71.14740739399997 42.350171571000033, -71.147820528999944 42.350272222000058, -71.148013705999972 42.349934628000028, -71.14740739399997 42.350171571000033)))"
McLean Playground,City of Boston,A97,3,East Boston,0.42707115,550 Bennington Street,Open Space District,"Parks, Playgrounds & Athletic Fields",BPRD,BPRD,X,X,NA,BPRD,195,PARK_Maintenance_Region 1,195,YES,02128,0100797000,1917,NA,NA,0.001762923102363,1.88931525e-7,"MULTIPOLYGON (((-71.018908317999944 42.382583312000065, -71.01899065899994 42.382705826000063, -71.019155506999937 42.382951127000069, -71.019566153999961 42.382797592000031, -71.019400918999963 42.382552295000039, -71.019318390999956 42.382429777000027, -71.018908317999944 42.382583312000065)))"
Navy Fuel Pier Airport Edge Buffer,Massport,Ch91/WPA,3,East Boston,0.84353927,325 Marginal Street,Waterfront Service,"Parks, Playgrounds & Athletic Fields",Massport,Massport,N,X,NA,Massport,NA,INFO_Reallocation From Dept,4094,NO,02128,NA,0,NA,NA,0.004876322557802,4.82351737e-7,NA
Fidelis Way Park,City of Boston,A97/LWCF/FLP,3,Allston-Brighton,4.90351623,19P Jette Court,Open Space District,"Parks, Playgrounds & Athletic Fields",BPRD,BPRD,X,X,Overlook Park,BPRD,117,PARK_Maintenance_Region 4,117,YES,02135,2101830100,1972,NA,NA,0.008841969659,2.168079003e-6,NA
Harambee Park,City of Boston,A97/LWCF/UPARR/USH,3,Dorchester,44.74656184,930 Blue Hill Avenue,Residential District,"Parks, Playgrounds & Athletic Fields",BPRD,BPRD,X,X,Franklin Field,BPRD,142,PARK_Maintenance_Region 2,142,YES,02124,1402863000,1892,NA,NA,0.021372705236725,1.9767263757e-5,NA
St Mary's Cemetery,Private,NA,4,Dorchester,10.50258427,Bernard Street,Open Space District,Cemeteries & Burying Grounds,Private,NULL,N,NA,NA,NA,NA,INFO_Reallocation From Dept,7190,NO,02124,NA,0,NA,NA,0.009509117084776,4.639495364e-6,NA
VFW Parkway I,Commonwealth of Massachusetts,A97,2,West Roxbury,12.44233862,NA,Commercial/Office/Business District,"Parkways, Reservations & Beaches",DCR,DCR,X,X,NA,NA,NA,INFO_Reallocation From Dept,3107,YES,"02132, 02467",NA,0,NA,NA,0.111688501846302,5.496228435e-6,NA
VFW Parkway II,City of Boston,A97,3,West Roxbury,0.64656821,NA,Open Space District,"Parks, Playgrounds & Athletic Fields",BPRD,BPRD,X,X,NA,BPRD,343,PARK_Maintenance_Region 4,343,YES,02132,ROW,0,NA,NA,0.002812101802875,2.85649494e-7,NA
Carroll Pond Playground,City of Boston,A97/WPA,3,West Roxbury,0.48428564,15 Carrolton Road,Residential District,"Parks, Playgrounds & Athletic Fields",BPRD,BPRD,X,X,NA,BPRD,042,PARK_Maintenance_Region 4,42,YES,02132,2011625000,1921,NA,NA,0.001885431299792,2.13819144e-7,"MULTIPOLYGON (((-71.15941844699995 42.256348512000045, -71.159573542999965 42.256480074000081, -71.159797390999984 42.256664159000024, -71.159923184999968 42.256575286000043, -71.160034554999982 42.256496834000075, -71.160168669999962 42.256402492000063, -71.159788947999971 42.256094608000069, -71.15941844699995 42.256348512000045)))"
O'Donnell Square,City of Boston,A97,1,Dorchester,0.06098498,NA,Residential District,"Malls, Squares & Plazas",BPRD,BPRD,X,X,NA,BPRD,220,PARK_Maintenance_Region 2,220,YES,02122,1602395000,0,NA,NA,0.001149694877383,2.6940011e-8,NA
Grove Street Cemetery,Private,NA,4,West Roxbury,25.38164066,NA,Open Space District,Cemeteries & Burying Grounds,Private,NULL,N,NA,NA,NA,NA,INFO_Reallocation From Dept,7191,NO,02132,NA,0,NA,NA,0.024811446027544,1.1206820367e-5,NA
King's Chapel Burying Ground,City of Boston,A97/NRHP,4,Downtown,0.43176548,40 Tremont Street,Commercial/Office/Business District,Cemeteries & Burying Grounds,BPRD,BPRD,X,X,NA,BPRD,171,PARK_Cemetery Maintenance Request,171,YES,02108,0302858000,1630,NA,NA,0.001795175685522,1.90934857e-7,"MULTIPOLYGON (((-71.059655374999977 42.358083848000035, -71.059486783999944 42.358318197000074, -71.059919247999972 42.358526925000035, -71.060188958999959 42.35817507400003, -71.059695056999942 42.358028813000033, -71.059655374999977 42.358083848000035)))"
Blue Hill Club Recreation Center,City of Boston,A97,3,Dorchester,3.04202952,15 Talbot Street,Open Space District,"Parks, Playgrounds & Athletic Fields",White Fund,Private,X,X,Berkshire Partners Blue Hill Club (Boys & Girls Club),Trust Office,NA,INFO_Reallocation From Dept,2130,YES,02124,NA,0,NA,NA,0.005075545454152,1.343889782e-6,"MULTIPOLYGON (((-71.085642216999986 42.29409081700004, -71.087389121999934 42.294620838000071, -71.087646717999974 42.293896175000043, -71.085998712999981 42.293414978000044, -71.085642216999986 42.29409081700004)))"
Columbia Road/Day Boulevard,Commonwealth of Massachusetts,A97,2,South Boston,16.85069366,NA,Open Space District,"Parkways, Reservations & Beaches",DCR,DCR,X,X,NA,DCR,NA,INFO_Reallocation From Dept,3108,YES,"02125, 02127",NA,0,NA,NA,0.154080747095849,7.448235504e-6,NA
Columbia Park,City of Boston,A97,3,South Boston,0.33933371,"Farragut Road, Columbia Road, Sixth Street, Lennon Street",Open Space District,"Parks, Playgrounds & Athletic Fields",BPRD,BPRD,X,X,McGrail Memorial,BPRD,332,PARK_Maintenance_Region 6,332,YES,02127,ROW,0,NA,NA,0.001896690986759,1.50000805e-7,NA
Bellevue Street Green,City of Boston,NA,1,West Roxbury,0.11772257,Bellevue St btwn Robin St and Bellevue Hill Rd,Residential District,"Malls, Squares & Plazas",PWD,PWD,N,X,NA,PWD,NA,INFO_Reallocation From Dept,2135,NO,02132,NA,0,NA,NA,0.001082472676279,5.1992558e-8,NA
Walnut Park,City of Boston,A97,1,Roxbury,0.0601045,NA,Open Space District,"Malls, Squares & Plazas",BPRD,BPRD,X,X,NA,BPRD,347,PARK_Maintenance_Region 5,347,YES,02119,ROW,0,NA,NA,9.7135341939e-4,2.6561423e-8,NA
Mirabella Pool,City of Boston,A97/Ch91/WPA,3,Downtown,1.36211772,475 Commercial Street,Open Space District,"Parks, Playgrounds & Athletic Fields",White Fund,BCYF,X,L,North End Beach,BCYF,NA,INFO_Reallocation From Dept,2137,YES,02109,NA,0,NA,NA,0.003743593744074,6.02452315e-7,NA
Theresa Hynes Park Access Easement,Private,A97/CR,3,Allston-Brighton,0.02090899,99 Chestnut Hill Avenue,Residential District,"Parks, Playgrounds & Athletic Fields",BCC,Private,X,X,NA,BCC,NA,INFO_Reallocation From Dept,1032,YES,02135,NA,0,NA,NA,0.001092149268697,9.244265e-9,"MULTIPOLYGON (((-71.153823658999954 42.344774130000076, -71.153876064999963 42.34473365100007, -71.154079131999936 42.344362128000057, -71.154095103999964 42.344329604000052, -71.154080097999952 42.344326938000052, -71.153859021999949 42.344725072000074, -71.153800907999937 42.344767534000027, -71.153823658999954 42.344774130000076)))"
Union Park,City of Boston,A97,3,South End,0.36843519,24P Union Park,Open Space District,"Parks, Playgrounds & Athletic Fields",BPRD,BPRD,X,X,NA,BPRD,351,PARK_Maintenance_Region 6,351,YES,02118,0306923000,0,NA,NA,0.002308756080402,1.62889788e-7,NA
Blake Estates Urban Wild II,Private,A97/CR/WPA,6,Hyde Park,0.35359006,1344 Hyde Park Avenue,Residential District,Urban Wilds,BCC,Private,X,N,"Allis Chalmers UW, Area 2",BCC,NA,INFO_Reallocation From Dept,1033,YES,02136,NA,0,NA,NA,0.004274620163926,1.56103676e-7,NA
Stony Brook Reservation CR,Private,A97,3,Hyde Park,2.55649856,114 Gordon Avenue,Residential District,"Parkways, Reservations & Beaches",DCR,Private,X,N,NA,DCR,NA,INFO_Reallocation From Dept,7192,YES,02136,NA,0,NA,NA,0.004075660612593,1.128780286e-6,"MULTIPOLYGON (((-71.130976399999952 42.259854362000056, -71.131246448999946 42.25968301000006, -71.131752722999977 42.259438173000035, -71.131877542999973 42.259095553000066, -71.131396234999954 42.258454164000057, -71.13083345299998 42.25865572500004, -71.130723651999972 42.258912917000032, -71.130537209999943 42.259071229000028, -71.130781164999973 42.259559549000073, -71.130890837999971 42.259777611000061, -71.130976399999952 42.259854362000056)))"
Rink Grounds,Commonwealth of Massachusetts,A97,3,Dorchester,2.52600693,995 Morrissey Blvd,Open Space District,"Parks, Playgrounds & Athletic Fields",DCR,DCR+BPRD,X,X,NA,DCR,NA,INFO_Reallocation From Dept,3109,YES,02122,1602455002,0,NA,NA,0.00901655470911,1.115822441e-6,NA
Mount Hope Park,City of Boston,A97,3,Roslindale,0.10924642,464 Mt Hope Street,Residential District,"Parks, Playgrounds & Athletic Fields",BPRD,BPRD,X,X,NA,BPRD,14,PARK_Maintenance_Region 4,14,YES,02131,1806245000,0,NA,NA,9.32696395948e-4,4.825511e-8,"MULTIPOLYGON (((-71.118503793999935 42.284646372000054, -71.118774258999963 42.284832781000034, -71.118795344999967 42.284555988000079, -71.11862453699996 42.284548173000076, -71.118503793999935 42.284646372000054)))"
Oak Square,City of Boston,A97,1,Allston-Brighton,0.2343335,430 Faneuil Street,Open Space District,"Malls, Squares & Plazas",BPRD,BPRD,X,X,NA,BPRD,217,PARK_Maintenance_Region 4,217,YES,02135,2203371000,1948,NA,NA,0.001355976603049,1.03614944e-7,NA
Henry Square,City of Boston,A97,1,Dorchester,0.05217626,Btwn Adams St and Gallivan Blvd,Commercial/Office/Business District,"Malls, Squares & Plazas",BPRD,Private+BPRD,X,X,"Andrew Henry Square, Adams Square",BPRD,008,PARK_Maintenance_Region 2,8,YES,02124,ROW,1913,NA,NA,6.65134918274e-4,2.3046085e-8,NA
Melnea A. Cass Recreational Complex,Commonwealth of Massachusetts,A97,3,Roxbury,2.58263665,120 Martin Luther King Jr. Blvd,Open Space District,"Parks, Playgrounds & Athletic Fields",DCR,DCR,X,X,"Melnea A. Cass Rink, Swimming Pool, and Spray Deck",DCR,NA,INFO_Reallocation From Dept,7268,YES,02119,1100260000,0,NA,NA,0.004570176740424,1.141435713e-6,NA
Puerto Rican Veterans Memorial Park,City of Boston,NA,1,South End,0.13484177,W Dedham St & Washington St,Open Space District,"Malls, Squares & Plazas",NULL,DND,N,X,NA,DND,NA,INFO_Reallocation From Dept,7261,NO,02118,0900150000,0,NA,NA,0.001252300220318,5.9613553e-8,NA
East Boston Greenway Extension,Massport,NA,3,East Boston,1.24142225,NA,Multiple Districts,"Parks, Playgrounds & Athletic Fields",Massport,NULL,N,X,Mary Ellen Welch Greenway,Massport,NA,INFO_Reallocation from Dept,7269,YES,02128,NA,0,NA,NA,0.02249879043909,5.49173281e-7,NA
Wood Island Bay Edge Park,Massport,NA,3,East Boston,0.58722739,NA,Residential District,"Parks, Playgrounds & Athletic Fields",Massport,Massport,N,X,NA,Massport,NA,INFO_Reallocation From Dept,7270,YES,02128,NA,0,NA,NA,0.00299378927184,2.59774121e-7,NA
Dearborn Street Square,City of Boston,A97,1,Roxbury,0.02932378,NA,Industrial Development Area,"Malls, Squares & Plazas",BPRD,BPRD,X,X,NA,BPRD,352,PARK_Maintenance_Region 5,7263,YES,02119,0802299000,0,NA,NA,4.98596144516e-4,1.296176e-8,"MULTIPOLYGON (((-71.078807476999941 42.329967053000075, -71.07882619999998 42.329976311000053, -71.078974986999981 42.329883146000043, -71.078891545999966 42.329807637000044, -71.078869647999966 42.329811669000037, -71.078807476999941 42.329967053000075)))"
Babson Cookson Tract,City of Boston,A97/NHL,6,Mattapan,2.4113522,82 Babson Street,Residential District,Urban Wilds,BCC,BPRD,X,N,NA,BCC,NA,PARK_Maintenance_Region 2,7265,YES,02126,1800532000,0,NA,NA,0.00426070476213,1.064923781e-6,NA
Paula Titus Park,City of Boston,A97,3,Roxbury,0.18237415,66 Fort Ave,Residential District,"Parks, Playgrounds & Athletic Fields",BPRD,BPRD,X,X,NA,BPRD,7274,PARK_Maintenance_Region 5,7274,YES,02119,1100500001,0,NA,NA,0.001200930138697,8.0609064e-8,NA
Watson Park,City of Boston,A97,3,South End,0.10689585,15 Taylor Street,Open Space District,"Parks, Playgrounds & Athletic Fields",BPRD,BPRD,X,X,NA,BPRD,7271,PARK_Maintenance_Region 6,7271,YES,02118,"0305809000,0305811000,0305829000,0305754000,0305810000",2015,NA,NA,0.001285320877632,4.7260646e-8,NA
Nonquit Street Green,City of Boston,A97,3,Dorchester,0.34046588,695 701A Dudley Street and Nonquit Street,Open Space District,"Parks, Playgrounds & Athletic Fields",BPRD,BPRD,X,X,NA,BPRD,7272,PARK_Maintenance_Region 5,7272,YES,02125,"1301211000,1301212000,1301207000,1301209000,1301210000,1301206000",2022,NA,NA,0.002100361184834,1.5046584e-7,NA
Mahoney Park,City of Boston,A97,3,South Boston,0.38110073,2498 Beacon Street,Open Space District,"Parks, Playgrounds & Athletic Fields",BPRD,BPRD+Community Group/Non-Profit,X,X,West 1st West 2nd Street,BPRD,7273,PARK_Maintenance_Region 6,7273,YES,02127,"0601265000,0601258000",2020,NA,NA,0.001906958242584,1.68487138e-7,"MULTIPOLYGON (((-71.051275680999936 42.341931093000028, -71.051006376999965 42.342156007000028, -71.051217961999953 42.342292542000052, -71.051487012999985 42.34206706100008, -71.051755963999938 42.341841645000045, -71.051545755999939 42.34170553000007, -71.051275680999936 42.341931093000028)))"
Boundary I,City of Boston,A97,6,Roslindale,7.0643498,NA,Residential District,Urban Wilds,BPRD,BPRD,X,X,NA,NA,2106,INFO_Reallocation From Dept,2106,YES,02136,1806011000,0,NA,NA,0.00802693991468,3.119633812e-6,"MULTIPOLYGON (((-71.136412160999953 42.269936725000036, -71.137447825999971 42.27054293100008, -71.139565728999969 42.268667350000044, -71.138558160999935 42.268282519000024, -71.138501567999981 42.268135048000033, -71.138190423999959 42.26835058000006, -71.136412160999953 42.269936725000036)))"
Sprague Pond,City of Boston,A97,6,Hyde Park,1.19620316,0-4 Lakeside Avenue,Conservation Protection Subdistrict,Urban Wilds,BPRD,BPRD,X,X,Lakeside,BPRD,7275,PARK_Maintenance_Region 4,7275,YES,02136,"1812998000,1812999000",2023,NA,NA,0.003565183526508,5.2795343e-7,NA
Codman Square Park,City of Boston,A97,1,Dorchester,0.35071119,Talbot Avenue,Residential District,"Malls, Squares & Plazas",BPRD,BPRD,X,X,NA,BPRD,7276,PARK_Maintenance_Region 2,7279,YES,02124,1704781300,2025,NA,NA,0.002168360421803,1.54926174e-7,NA
Murphy Playground,City of Boston,NA,3,Jamaica Plain,2.44919932,20 Child Street,Open Space District,"Parks, Playgrounds & Athletic Fields",BPS,BPRD,N,X,NA,BPS,7277,PARK_Maintenance_Region 3,7277,YES,02130,1103019000,0,NA,NA,0.004578168620534,1.082218718e-6,"MULTIPOLYGON (((-71.112812996999935 42.307833694000067, -71.114180799999986 42.307732013000077, -71.114161779999961 42.307534951000036, -71.113916490999941 42.307552888000032, -71.113824848999968 42.306830252000054, -71.112697644999969 42.30693932500003, -71.112812996999935 42.307833694000067)))"
Union Square Plaza I,City of Boston,NA,1,Allston-Brighton,0.31130858,NA,Open Space District,"Malls, Squares & Plazas",PWD,PWD,N,X,NA,NA,NA,INFO_Reallocation From Dept,2047,YES,02134,NA,0,NA,NA,0.002813415688311,1.37655341e-7,NA
Union Square Plaza II,City of Boston,NA,1,Allston-Brighton,0.07861874,NA,Open Space District,"Malls, Squares & Plazas",BFD,PWD,N,X,NA,NA,NA,INFO_Reallocation From Dept,2048,YES,02134,NA,0,NA,NA,7.11643711422e-4,3.4764196e-8,NA
Neponset River Reservation I,Commonwealth of Massachusetts,A97/WPA/ACEC,2,Multi-District,121.5592824,NA,Open Space District,"Parkways, Reservations & Beaches",DCR,DCR,X,X,NA,DCR,NA,INFO_Reallocation From Dept,3101,YES,"02126, 02124, 02136",NA,0,NA,NA,0.213939907985518,5.3681459189e-5,NA
Neponset River Reservation II,Commonwealth of Massachusetts,A97/WPA/ACEC,2,Multi-District,61.94219111,NA,Open Space District,"Parkways, Reservations & Beaches",DCR,DCR,X,X,NA,DCR,NA,INFO_Reallocation From Dept,3110,YES,02136,NA,0,NA,NA,0.067082062804913,2.7338428982e-5,NA
Egleston Square Peace Garden,City of Boston,A97,5,Jamaica Plain,0.11690281,3131 Washington Street,NA,Community Gardens,BPRD,BPRD,X,X,NA,BPRD,NA,PARK_Maintenance_Region 3,353,YES,02130,1101328000,2024,NA,NA,9.28194264933e-4,5.1661063e-8,NA
Sherrin Woods II,City of Boston,A97,6,Hyde Park,1.10639002,0 Dale Street,CPS,Urban Wilds,BPRD,BPRD,X,X,NA,BPRD,NA,PARK_Maintenance_Region 4,7278,YES,02136,1808198000,2024,NA,NA,0.003972060591561,4.88591725e-7,"MULTIPOLYGON (((-71.122017265999943 42.270954758000073, -71.122185395999963 42.270994587000075, -71.122392574999935 42.270022201000074, -71.122519786999987 42.269418542000039, -71.122146846999954 42.269364118000055, -71.121927882999955 42.270377489000055, -71.122140050999974 42.270408271000065, -71.122017265999943 42.270954758000073)))"
Peters Park II,BRA,NA,3,South End,0.50712637,230 Shawmut Avenue,Residential District,"Parks, Playgrounds & Athletic Fields",NULL,BPRD,N,X,NA,BRA,NA,INFO_Reallocation From Dept,2155,YES,02118,0306040000,1974,NA,NA,0.004265678801229,2.24206756e-7,"MULTIPOLYGON (((-71.066462499999943 42.343463912000061, -71.066457626999977 42.343466595000052, -71.066241254999966 42.343683424000062, -71.066317330999937 42.34372512200008, -71.066357235999988 42.343746553000074, -71.06650777699997 42.343565976000036, -71.067884425999978 42.342461229000037, -71.067786456999954 42.342393589000039, -71.066462499999943 42.343463912000061)))"
Peters Park I,City of Boston,A97,3,South End,3.32682738,230 Shawmut Avenue,Residential District,"Parks, Playgrounds & Athletic Fields",BPRD,BPRD,X,X,NA,BPRD,236,PARK_Maintenance_Region 6,236,YES,02118,0306100000,1991,NA,NA,0.005928330606545,1.470848563e-6,NA
Steven P. Odom Serenity Garden,City of Boston,A97,3,Mattapan,0.14063195,23 Hopkins Street,Mixed-Use Subdistrict,"Parks, Playgrounds & Athletic Fields",BPRD,BPRD,X,X,NA,BPRD,7279,PARK_Maintenance_Region 2,7280,YES,02124,1702190010,2025,NA,NA,0.00113747017621,6.2115567e-8,NA
